index,Date,season,year,month,holiday,weekday,workingday,weathersit,temperature,feeling temperature,humidity,windspeed,casual users,registered users,total rental bikes
513.0,10/1/12,spring,1.0,1.0,no,1.0,1.0,clear,0.476667,0.4775,0.6925,0.134417,1165.0,3275.0,4326.0
683.0,8/7/11,winter,0.0,7.0,no,1.0,1.0,few clouds,0.4445,0.455833,0.7525,0.154542,1397.0,1639.0,1951.0
6.0,27/3/11,winter,0.0,3.0,no,5.0,1.0,few clouds,0.4875,0.598033,0.657729,0.1145,922.0,3799.0,6457.0
68.0,9/1/11,summer,1.0,5.0,no,6.0,1.0,few clouds,0.417333,0.410845,0.848333,0.267083,494.0,3221.0,7733.0
74.0,2/3/12,winter,1.0,3.0,no,4.0,1.0,few clouds,0.5425,0.5425,0.583333,0.129083,1363.0,746.0,6864.0
3.0,30/8/12,summer,0.0,8.0,no,3.0,1.0,clear,0.4967,0.5075,0.7475,0.057192,773.0,6126.0,1248.0
669.0,12/11/11,winter,0.0,11.0,no,3.0,1.0,few clouds,0.2917,0.292521,0.505833,0.194074,926.0,5340.0,5117.0
665.0,13/8/11,fall,0.0,8.0,no,5.0,1.0,clear,0.465083,0.461687,0.50375,0.2929,726.0,1667.0,1607.0
579.0,2/5/12,spring,1.0,5.0,no,1.0,1.0,clear,0.6,0.572917,0.8025,0.235833,11.0,2846.0,3392.0
394.0,29/11/12,fall,1.0,11.0,no,4.0,1.0,clear,0.638333,0.641467,0.6125,0.253854,726.0,4079.0,4073.0
753.0,22/4/12,winter,1.0,4.0,no,0.0,0.0,few clouds,0.379167,0.378052,0.4175,0.231746,1079.0,7258.0,7148.0
251.0,24/4/11,summer,1.0,4.0,no,1.0,1.0,clear,0.793333,0.716167,0.792917,0.126771,280.0,1337.0,5633.0
488.0,11/12/12,winter,1.0,12.0,no,0.0,0.0,clear,0.630833,0.731892,0.483333,0.137917,537.0,4685.0,4308.0
479.0,7/2/11,spring,0.0,2.0,no,4.0,0.0,few clouds,0.4,0.4426,0.690905,0.1675,979.0,3825.0,5895.0
617.0,7/5/12,spring,0.0,5.0,no,6.0,1.0,clear,0.5275,0.552933,0.764167,0.143916,12.0,634.0,7570.0
441.0,25/11/11,fall,0.0,11.0,no,1.0,1.0,clear,0.216167,0.187971,0.458521,0.186658,1749.0,2946.0,3523.0
645.0,10/9/11,spring,0.0,9.0,no,4.0,1.0,few clouds,0.3675,0.3625,0.64,0.2223,527.0,5745.0,4758.0
729.0,2/10/11,winter,0.0,10.0,no,4.0,1.0,few clouds,0.5075,0.4867,0.673333,0.276958,779.0,4242.0,3214.0
711.0,11/9/12,winter,1.0,9.0,no,0.0,1.0,clear,0.66,0.624896,0.4167,0.192662,779.0,2533.0,3322.0
373.0,18/8/12,spring,1.0,8.0,no,0.0,1.0,clear,0.45,0.4567,0.6875,0.115917,534.0,3595.0,2192.0
516.0,5/12/11,winter,1.0,12.0,no,6.0,0.0,clear,0.593333,0.585833,0.716667,0.251183,914.0,4346.0,4639.0
462.0,7/9/12,fall,1.0,9.0,no,4.0,1.0,few clouds,0.664167,0.455417,0.79,0.242667,918.0,6595.0,7591.0
4.0,28/11/12,winter,0.0,11.0,no,3.0,1.0,clear,0.5,0.546562,0.537917,0.090825,488.0,3841.0,3285.0
545.0,1/4/11,fall,1.0,4.0,no,4.0,1.0,clear,0.616667,0.620817,0.8,0.1375,524.0,4454.0,4459.0
462.0,24/8/12,winter,1.0,8.0,no,5.0,1.0,few clouds,0.3775,0.372958,0.68,0.18099,691.0,4392.0,1985.0
546.0,12/6/11,fall,0.0,6.0,no,1.0,1.0,clear,0.73333,0.7117829,0.53,0.113383,538.0,5258.0,5259.0
1.0,15/1/11,fall,1.0,1.0,no,0.0,0.0,clear,0.47,0.464583,0.583333,0.18076958,648.0,7475.0,822.0
569.0,1/2/12,spring,1.0,2.0,no,4.0,1.0,few clouds,0.564167,0.581667,0.781783,0.156729,958.0,686.0,605.0
599.0,28/4/12,spring,1.0,4.0,no,5.0,1.0,clear,0.342917,0.347062,0.8025,0.1917,3.0,839.0,7148.0
38.0,23/4/11,fall,1.0,4.0,no,6.0,1.0,clear,0.4625,0.471688,0.541354,0.127929,1347.0,4228.0,4569.0
591.0,19/8/12,summer,0.0,8.0,no,2.0,0.0,clear,0.341667,0.351766,0.7025,0.161334,1254.0,5134.0,2594.0
3.0,7/11/12,spring,1.0,11.0,no,6.0,0.0,clear,0.734167,0.703939,0.766667,0.132875,631.0,4697.0,4592.0
732.0,23/6/12,spring,0.0,6.0,no,1.0,1.0,clear,0.611333,0.6625,0.535843,0.156663,1701.0,6359.0,4191.0
569.0,5/10/12,summer,1.0,10.0,no,4.0,1.0,clear,0.630417,0.594042,0.4625,0.1308,1034.0,3536.0,5312.0
397.0,29/4/12,spring,1.0,4.0,no,4.0,1.0,clear,0.325,0.2925,0.78,0.222057,38.0,3363.0,3830.0
12.0,0/3/11,fall,1.0,3.0,no,0.0,0.0,clear,0.5475,0.545454,0.5725,0.121347,846.0,2917.0,3190.0
692.0,20/12/11,summer,0.0,12.0,no,6.0,1.0,clear,0.291667,0.295866,0.56,0.180433,854.0,3172.0,4586.0
639.0,22/1/12,spring,1.0,1.0,no,5.0,1.0,clear,0.5,0.524192,0.506079,0.134625,1430.0,4929.0,7870.0
576.0,31/7/11,summer,0.0,7.0,no,0.0,0.0,clear,0.75,0.551779,0.541667,0.1775,539.0,4696.0,4881.0
15.0,28/12/11,summer,0.0,12.0,no,4.0,1.0,clear,0.5,0.538583,0.593333,0.306692,541.0,676.0,7216.0
6.0,30/12/12,summer,1.0,12.0,no,3.0,0.0,clear,0.815,0.835866,0.797917,0.122599,3228.0,4102.0,2425.0
2.0,13/8/11,winter,1.0,8.0,no,2.0,1.0,clear,0.643333,0.635833,0.725833,0.152542,662.0,5379.0,7804.0
549.0,18/1/12,winter,1.0,1.0,no,2.0,1.0,clear,0.6575,0.617,0.695417,0.157829,958.0,3187.0,4521.0
716.0,2/4/11,winter,0.0,4.0,no,4.0,0.0,clear,0.6775,0.484875,0.79,0.153671,945.0,3292.0,2294.0
559.0,9/10/12,fall,1.0,10.0,no,2.0,1.0,clear,0.4075,0.406826,0.59,0.256667,875.0,3392.0,1098.0
478.0,4/4/12,winter,1.0,4.0,no,0.0,0.0,few clouds,0.4,0.476417,0.545833,0.141667,576.0,6883.0,4835.0
549.0,19/2/12,summer,1.0,2.0,no,3.0,1.0,few clouds,0.65,0.649583,0.770833,0.1275,1283.0,6187.0,795.0
13.0,12/2/12,winter,0.0,2.0,no,5.0,1.0,clear,0.163333,0.162827,0.8125,0.0308458,0.0,3329.0,2395.0
614.0,22/1/12,spring,1.0,1.0,no,6.0,1.0,clear,0.5195,0.520833,0.611667,0.2375,140.0,4698.0,7040.0
221.0,30/1/12,winter,1.0,1.0,no,3.0,1.0,clear,0.16,0.165833,0.7575,0.092213,1858.0,3425.0,3190.0
413.0,20/9/11,spring,1.0,9.0,no,6.0,1.0,clear,0.373333,0.3775,0.740833,0.247058,623.0,3121.0,6536.0
641.0,9/5/12,fall,1.0,5.0,no,4.0,1.0,few clouds,0.6375,0.515842,0.6775,0.368052,607.0,609.0,6398.0
604.0,5/7/12,winter,0.0,7.0,no,2.0,1.0,clear,0.4675,0.457933,0.58625,0.211325,671.0,1473.0,6624.0
609.0,24/5/12,winter,1.0,5.0,no,3.0,1.0,clear,0.716667,0.7381725,0.53917,0.141767,792.0,2568.0,22.0
622.0,27/5/12,summer,0.0,5.0,no,0.0,1.0,few clouds,0.290833,0.287842,0.64375,0.0662083,454.0,3126.0,3523.0
526.0,27/7/12,winter,1.0,7.0,no,1.0,1.0,few clouds,0.4167,0.4475,0.5425,0.2375,1187.0,3848.0,4182.0
574.0,11/7/12,spring,1.0,7.0,no,0.0,0.0,few clouds,0.593333,0.617167,0.5,0.125,1350.0,2840.0,7605.0
516.0,22/3/12,spring,0.0,3.0,yes,5.0,1.0,clear,0.739167,0.749792,0.5,0.0926,527.0,5446.0,5740.0
554.0,9/7/11,winter,0.0,7.0,no,4.0,1.0,few clouds,0.602833,0.624071,0.630817,0.176888,749.0,6965.0,7605.0
547.0,14/9/11,summer,0.0,9.0,no,0.0,0.0,clear,0.521667,0.570833,0.5925,0.11666667,1846.0,4613.0,7264.0
596.0,12/5/12,fall,1.0,5.0,no,3.0,1.0,clear,0.5425,0.530534,0.783333,0.207558,391.0,3446.0,4576.0
473.0,9/10/11,fall,0.0,10.0,no,3.0,1.0,clear,0.375,0.371642,0.790867,0.227091,692.0,4917.0,4717.0
624.0,19/9/12,spring,1.0,9.0,no,3.0,1.0,clear,0.543333,0.545833,0.73,0.256667,689.0,3872.0,3855.0
622.0,20/8/12,summer,1.0,8.0,no,0.0,1.0,clear,0.294617,0.291844,0.6,0.184033,35.0,484.0,4795.0
246.0,24/5/12,winter,0.0,5.0,no,0.0,0.0,clear,0.4513,0.430833,0.493333,0.2412,527.0,5861.0,2210.0
468.0,23/6/12,winter,1.0,6.0,no,4.0,0.0,clear,0.756667,0.539167,0.515833,0.1725,1654.0,5191.0,2703.0
817.0,11/1/12,summer,0.0,1.0,no,1.0,1.0,clear,0.466575,0.422567,0.437833,0.220833,383.0,1805.0,1851.0
659.0,23/12/12,summer,0.0,12.0,no,3.0,1.0,clear,0.764167,0.739121,0.59,0.1139167,888.0,4091.0,7907.0
654.0,5/6/11,summer,0.0,6.0,no,3.0,1.0,few clouds,0.3125,0.273842,0.676867,0.110613,1279.0,1339.0,1349.0
738.0,25/2/12,fall,1.0,2.0,no,5.0,1.0,clear,0.6,0.654754,0.663883,0.094908,769.0,4313.0,4154.0
864.0,19/9/12,spring,1.0,9.0,no,5.0,1.0,clear,0.707917,0.596096,0.916583,0.150913,616.0,3289.0,3523.0
695.0,15/3/11,spring,0.0,3.0,no,1.0,1.0,few clouds,0.683333,0.669904,0.66625,0.0875,68.0,5912.0,7605.0
654.0,13/1/12,fall,1.0,1.0,no,6.0,1.0,few clouds,0.460833,0.433917,0.4125,0.123371,1406.0,4492.0,4725.0
871.0,21/8/11,summer,0.0,8.0,no,5.0,1.0,few clouds,0.59,0.724333,0.636583,0.166925,463.0,6090.0,6093.0
605.0,29/12/11,spring,1.0,12.0,no,0.0,1.0,clear,0.5,0.5175,0.5385,0.190929,3113.0,5383.0,5191.0
51.0,30/8/11,summer,0.0,8.0,no,1.0,1.0,few clouds,0.610833,0.660433,0.58,0.340833,1858.0,2544.0,7534.0
511.0,15/4/11,spring,0.0,4.0,no,2.0,1.0,few clouds,0.44,0.434583,0.4675,0.185854,742.0,2866.0,920.0
253.0,35/1/11,winter,0.0,1.0,no,5.0,1.0,few clouds,0.283333,0.276967,0.79091783,0.152554,704.0,4971.0,5035.0
39.0,24/2/11,spring,1.0,2.0,no,6.0,0.0,few clouds,0.310833,0.331258,0.816667,0.180929,1083.0,5792.0,5923.0
558.0,8/12/12,winter,1.0,12.0,no,1.0,1.0,clear,0.266783,0.261446,0.4975,0.221667,676.0,5359.0,5687.0
321.0,22/10/12,winter,1.0,10.0,no,4.0,1.0,clear,0.5825,0.511817,0.485917,0.231242,613.0,3828.0,4788.0
494.0,23/6/11,winter,0.0,6.0,no,6.0,1.0,clear,0.5,0.433817,0.858333,0.111358,935.0,3292.0,3620.0
507.0,20/9/11,spring,0.0,9.0,no,0.0,0.0,few clouds,0.5075,0.497562,0.6025,0.221707,559.0,4379.0,2808.0
554.0,11/5/11,fall,0.0,11.0,no,1.0,1.0,clear,0.54,0.511875,0.652917,0.0833333,10.0,5708.0,5478.0
4.0,25/10/11,winter,1.0,10.0,no,2.0,0.0,clear,0.2375,0.238825,0.705833,0.138,542.0,4642.0,4035.0
562.0,22/5/11,spring,0.0,5.0,no,1.0,1.0,clear,0.731667,0.664667,0.775417,0.0828167,1721.0,6292.0,6392.0
190.0,31/12/12,spring,1.0,12.0,no,5.0,1.0,few clouds,0.482083,0.482763,0.583333,0.180439,3227.0,5142.0,7415.0
321.0,2/8/11,fall,0.0,8.0,no,2.0,1.0,clear,0.3475,0.347538,0.807083,0.095167,1051.0,3121.0,2431.0
642.0,16/11/12,fall,0.0,11.0,no,2.0,1.0,clear,0.47,0.4879,0.622908,0.2475,3174.0,5158.0,5169.0
17.0,29/5/12,summer,1.0,5.0,no,2.0,0.0,clear,0.4125,0.425846,0.570833,0.184583,746.0,1391.0,1461.0
7.0,31/11/12,summer,1.0,11.0,no,6.0,1.0,clear,0.795833,0.6525,0.59,0.2075,469.0,3580.0,5698.0
513.0,3/12,fall,1.0,12.0,no,6.0,0.0,clear,0.225,0.225854,0.686667,0.2029,641.0,4027.0,6398.0
569.0,23/12/11,fall,0.0,12.0,no,2.0,1.0,few clouds,0.620833,0.267083,0.49,0.256083,765.0,2645.0,7013.0
554.0,3/11/12,winter,1.0,11.0,no,1.0,1.0,clear,0.764167,0.7546,0.53333,0.310875,826.0,3839.0,6770.0
624.0,12/10/11,fall,0.0,10.0,no,4.0,1.0,few clouds,0.3501,0.335054,0.6675,0.2025,883.0,592.0,985.0
546.0,22/7/12,summer,1.0,7.0,no,4.0,0.0,few clouds,0.395833,0.3925,0.66,0.2423,9.0,3275.0,2895.0
590.0,2/4/12,winter,1.0,4.0,no,1.0,1.0,clear,0.470833,0.430833,0.786583,0.144988,476.0,3525.0,4714.0
548.0,20/12/12,summer,0.0,12.0,no,0.0,1.0,clear,0.6775,0.612933,0.58,0.071667,604.0,5246.0,4844.0
617.0,22/4/12,fall,0.0,4.0,no,2.0,1.0,few clouds,0.591667,0.738583,0.583333,0.1827,658.0,1429.0,1749.0
532.0,19/12/11,winter,1.0,12.0,no,1.0,1.0,clear,0.539167,0.537933,0.787083,0.1675,983.0,1581.0,5895.0
5.0,20/10/11,fall,0.0,10.0,no,3.0,0.0,clear,0.6875,0.637942,0.803333,0.0867,928.0,6454.0,5146.0
775.0,7/1/12,winter,1.0,1.0,no,3.0,1.0,clear,0.166666,0.1635,0.927167,0.181667,579.0,3846.0,1321.0
621.0,11/11/12,winter,1.0,11.0,no,3.0,1.0,few clouds,0.737333,0.734333,0.54,0.163833,874.0,6126.0,7109.0
492.0,4/8/11,fall,0.0,8.0,no,5.0,0.0,clear,0.293333,0.2945,0.556667,0.272834,1252.0,4733.0,5180.0
659.0,12/4/11,winter,0.0,4.0,no,5.0,0.0,clear,0.262396,0.261648,0.805833,0.171775,1845.0,6132.0,1607.0
612.0,8/5/11,winter,1.0,5.0,no,1.0,0.0,clear,0.391667,0.3912,0.539583,0.142692,892.0,3495.0,2227.0
439.0,26/10/12,fall,1.0,10.0,no,0.0,0.0,few clouds,0.380833,0.381325,0.69,0.263971,996.0,5314.0,5315.0
549.0,19/7/12,spring,1.0,7.0,no,6.0,0.0,few clouds,0.5169074,0.596529,0.630417,0.255883,962.0,3248.0,2227.0
568.0,30/3/12,fall,1.0,3.0,no,2.0,1.0,clear,0.4929,0.507533,0.49,0.2429,742.0,3466.0,5713.0
381.0,26/9/12,spring,1.0,9.0,no,5.0,1.0,few clouds,0.357083,0.355833,0.650083,0.161687,359.0,3871.0,1167.0
717.0,17/2/11,spring,0.0,2.0,no,1.0,1.0,clear,0.4945,0.53907,0.6625,0.235074,942.0,3433.0,4586.0
695.0,15/10/10,summer,0.0,10.0,no,5.0,1.0,few clouds,0.608333,0.6075,0.958333,0.203421,743.0,4375.0,4274.0
577.0,18/5/11,summer,1.0,5.0,no,3.0,1.0,clear,0.54,0.507046,0.7525,0.1375,1169.0,2612.0,3761.0
15.0,6/5/12,fall,0.0,5.0,no,5.0,1.0,clear,0.3125,0.3125,0.737333,0.229167,866.0,4412.0,3095.0
571.0,6/6/12,summer,1.0,6.0,no,1.0,0.0,few clouds,0.485833,0.454906,0.868167,0.2755,546.0,5730.0,6034.0
727.0,24/3/11,fall,0.0,3.0,no,5.0,0.0,few clouds,0.4575,0.466613,0.476667,0.185567,521.0,7267.0,7592.0
542.0,15/8/11,spring,0.0,8.0,no,0.0,0.0,few clouds,0.635417,0.637192,0.68,0.1225,1370.0,1466.0,6824.0
532.0,26/1/12,spring,1.0,1.0,no,1.0,1.0,few clouds,0.569167,0.534333,0.490825,0.161667,496.0,6115.0,4553.0
3.0,3/6/12,fall,1.0,6.0,no,0.0,1.0,clear,0.374167,0.3825,0.4975,0.107917,752.0,3458.0,3577.0
554.0,26/2/11,fall,0.0,2.0,no,0.0,0.0,clear,0.2775,0.283584,0.805913,0.2375,546.0,1770.0,6883.0
646.0,5/11/11,winter,0.0,11.0,no,4.0,0.0,clear,0.47,0.461667,0.716667,0.166958,536.0,1647.0,5191.0
622.0,25/4/12,winter,0.0,4.0,no,2.0,1.0,clear,0.251667,0.257516,0.49,0.150821,8.0,4770.0,5786.0
483.0,22/9/12,fall,1.0,9.0,no,0.0,1.0,clear,0.4175,0.413383,0.725,0.181265,729.0,3580.0,7605.0
7.0,1/7/11,spring,1.0,7.0,no,3.0,1.0,few clouds,0.568333,0.564458,0.97733,0.135975,1082.0,4454.0,4866.0
393.0,1/4/11,spring,0.0,4.0,no,3.0,1.0,few clouds,0.716583,0.757833,0.833333,0.260146,1.0,3866.0,4191.0
739.0,1/7/12,fall,1.0,7.0,no,2.0,0.0,few clouds,0.34,0.3264,0.6675,0.182056,11.0,876.0,2252.0
604.0,18/5/12,winter,1.0,5.0,no,4.0,1.0,clear,0.78,0.786667,0.719217,0.0925792,568.0,6129.0,5464.0
14.0,5/6/12,summer,0.0,6.0,no,3.0,1.0,clear,0.375,0.372358,0.623817,0.252907,34.0,2479.0,2416.0
543.0,13/9/11,winter,0.0,9.0,no,4.0,1.0,clear,0.6,0.6612,0.685825,0.046083,280.0,5458.0,5743.0
521.0,14/11/12,summer,1.0,11.0,no,4.0,1.0,few clouds,0.703333,0.655292,0.425817,0.268083,1434.0,4790.0,1204.0
659.0,1/11/12,fall,0.0,11.0,no,5.0,1.0,few days,0.4875,0.506625,0.75,0.1329,565.0,4458.0,4744.0
521.0,18/10/12,fall,1.0,10.0,no,0.0,1.0,clear,0.4425,0.440907,0.536537,0.121341,0.0,3489.0,4075.0
166.0,27/4/12,winter,0.0,4.0,no,5.0,1.0,clear,0.361867,0.367878,0.75,0.163683,479.0,489.0,1635.0
617.0,9/4/11,spring,0.0,4.0,no,5.0,0.0,clear,0.383333,0.391333,0.6875,0.291904,622.0,5665.0,6041.0
57.0,11/2/12,spring,1.0,2.0,no,3.0,1.0,few clouds,0.638333,0.589983,0.79125,0.127908,783.0,6158.0,6591.0
64.0,30/8/11,spring,0.0,11.0,no,5.0,0.0,partly cloudy,0.58,0.581662,0.690587,0.042789,651.0,3684.0,5810.0
699.0,24/7/12,summer,0.0,7.0,no,3.0,1.0,clear,0.547083,0.535833,0.737867,0.137929,1554.0,1613.0,1650.0
567.0,6/7/12,winter,1.0,7.0,no,2.0,1.0,clear,0.3475,0.345868,0.539583,0.191339,863.0,1763.0,3663.0
469.0,6/7/11,spring,0.0,7.0,no,1.0,1.0,clear,0.505896,0.481667,0.392617,0.191667,843.0,2929.0,1096.0
854.0,15/9/12,spring,0.0,9.0,no,4.0,1.0,few clouds,0.5358,0.565062,0.560833,0.125,654.0,392.0,3820.0
671.0,16/1/12,spring,1.0,1.0,no,1.0,1.0,few clouds,0.6475,0.663521,0.68625,0.1575,1483.0,6127.0,6598.0
595.0,25/12/12,winter,1.0,12.0,no,4.0,1.0,clear,0.625416,0.6475,0.7575,0.261637,1346.0,4118.0,4570.0
5.0,25/10/11,summer,0.0,10.0,no,4.0,1.0,clear,0.282917,0.271175,0.739167,0.2059,537.0,2174.0,2832.0
554.0,12/3/12,spring,0.0,3.0,no,2.0,1.0,few clouds,0.564167,0.5425,0.624754,0.175054,696.0,4489.0,3820.0
15.0,24/8/12,summer,1.0,8.0,no,2.0,1.0,few clouds,0.2975,0.291742,0.59,0.237542,14.0,1454.0,1526.0
706.0,6/11/11,winter,0.0,11.0,no,2.0,1.0,clear,0.663333,0.537967,0.5,0.1548,544.0,4945.0,959.0
37.0,25/4/12,winter,0.0,4.0,no,3.0,1.0,clear,0.565,0.503467,0.541667,0.202817,534.0,2411.0,2485.0
596.0,26/5/11,fall,0.0,5.0,no,1.0,1.0,partly cloudy,0.273333,0.2725,0.5665,0.266483,2.0,5038.0,4010.0
547.0,23/10/11,spring,1.0,10.0,no,4.0,1.0,clear,0.2625,0.261429,0.640833,0.148812,696.0,5040.0,5875.0
645.0,18/2/11,winter,0.0,2.0,no,0.0,1.0,clear,0.520833,0.531667,0.633333,0.136833,634.0,2933.0,7384.0
373.0,2/6/11,fall,0.0,6.0,no,4.0,1.0,clear,0.341667,0.3125,0.790867,0.261658,967.0,4697.0,4833.0
545.0,2/11/11,winter,1.0,11.0,no,2.0,1.0,clear,0.683333,0.619133,0.505417,0.208708,831.0,5954.0,5728.0
544.0,16/5/11,winter,0.0,5.0,no,3.0,1.0,clear,0.4075,0.434333,0.4,0.1648,607.0,4118.0,4795.0
459.0,15/2/11,fall,0.0,2.0,no,1.0,0.0,few clouds,0.26,0.266667,0.568333,0.1875,9.0,2520.0,3376.0
571.0,25/9/11,fall,0.0,9.0,no,0.0,1.0,clear,0.483333,0.472083,0.5475,0.163896,1291.0,3169.0,5319.0
5.0,5/7/12,summer,0.0,7.0,no,4.0,1.0,few clouds,0.753333,0.625815,0.738333,0.1779,11.0,4878.0,4590.0
636.0,27/7/11,fall,1.0,7.0,no,5.0,1.0,clear,0.7475,0.71906,0.818583,0.135083,754.0,4654.0,6591.0
594.0,24/1/12,spring,1.0,1.0,no,6.0,1.0,clear,0.75,0.7525,0.828,0.203079,708.0,689.0,6569.0
447.0,25/7/12,summer,1.0,7.0,no,5.0,0.0,clear,0.25,0.2118,0.82825,0.272491,883.0,4508.0,4629.0
5.0,27/1/12,spring,1.0,1.0,no,1.0,1.0,clear,0.45,0.412939,0.65,0.159619,69.0,5811.0,5875.0
683.0,2/11/12,fall,1.0,11.0,no,4.0,0.0,clear,0.308333,0.3075,0.929167,0.237542,623.0,3827.0,2402.0
437.0,20/4/12,spring,0.0,4.0,no,2.0,1.0,clear,0.4125,0.423825,0.464833,0.195,2058.0,4362.0,4401.0
633.0,4/4/12,spring,1.0,4.0,no,2.0,1.0,clear,0.437833,0.477052,0.564167,0.085083,2275.0,3675.0,4378.0
642.0,16/12/12,winter,0.0,12.0,no,3.0,1.0,clear,0.244583,0.242271,0.683333,0.112567,1233.0,2633.0,6824.0
8.0,7/2/12,summer,1.0,2.0,no,3.0,1.0,clear,0.68,0.682092,0.711583,0.162917,1392.0,876.0,8294.0
12.0,18/5/11,winter,1.0,5.0,no,1.0,1.0,clear,0.390825,0.397575,0.4475,0.233067,1538.0,6485.0,7733.0
539.0,24/8/11,fall,0.0,8.0,no,2.0,1.0,clear,0.5425,0.465083,0.7125,0.1579,1116.0,4685.0,5130.0
636.0,4/11/12,winter,0.0,11.0,no,2.0,0.0,clear,0.225833,0.190912,0.6675,0.154417,787.0,2108.0,2298.0
456.0,11/12/11,winter,0.0,12.0,no,5.0,1.0,few clouds,0.2675,0.2625,0.6683,0.175,959.0,3429.0,4362.0
659.0,5/9/11,spring,0.0,9.0,no,1.0,1.0,clear,0.415833,0.456667,0.5375,0.141171,639.0,2611.0,2933.0
446.0,29/5/12,spring,1.0,5.0,no,2.0,0.0,few clouds,0.527167,0.5825,0.5375,0.1675,695.0,709.0,7105.0
654.0,9/8/11,fall,0.0,8.0,no,4.0,1.0,clear,0.664167,0.624792,0.49375,0.173792,1334.0,4665.0,5115.0
765.0,11/10/12,fall,1.0,10.0,no,4.0,1.0,clear,0.207817,0.205927,0.644583,0.390187,565.0,3158.0,2395.0
516.0,19/3/11,winter,0.0,3.0,no,0.0,1.0,clear,0.4333333,0.5425,0.791667,0.132971,983.0,5486.0,7055.0
581.0,29/10/11,spring,1.0,10.0,no,6.0,1.0,clear,0.653333,0.607917,0.686746,0.143329,607.0,3298.0,3351.0
12.0,17/11/11,fall,0.0,11.0,yes,4.0,0.0,few clouds,0.403333,0.325464,0.71125,0.191675,637.0,1429.0,1623.0
559.0,2/6/11,fall,1.0,6.0,no,2.0,1.0,clear,0.28,0.2329,0.696667,0.182917,596.0,5486.0,5495.0
441.0,11/8/11,fall,0.0,8.0,no,3.0,0.0,clear,0.29,0.302045,0.6875,0.156667,1136.0,4654.0,3523.0
648.0,7/4/12,winter,1.0,4.0,no,2.0,1.0,clear,0.304167,0.295058,0.493333,0.137954,604.0,6671.0,6966.0
8.0,18/6/12,summer,1.0,6.0,no,3.0,1.0,clear,0.73,0.622867,0.620833,0.1729,1762.0,1475.0,1450.0
527.0,9/4/12,summer,1.0,4.0,no,1.0,1.0,few clouds,0.62,0.527062,0.5,0.049167,621.0,4379.0,5728.0
554.0,18/1/11,summer,0.0,1.0,no,5.0,1.0,few clouds,0.55,0.512935,0.695833,0.1445,879.0,4216.0,5117.0
250.0,28/1/12,fall,1.0,1.0,no,6.0,1.0,clear,0.23,0.232667,0.686667,0.0825,542.0,2595.0,4708.0
516.0,16/10/12,winter,1.0,10.0,no,5.0,1.0,clear,0.271667,0.261842,0.539567,0.262729,3167.0,3148.0,4475.0
588.0,14/12/11,winter,0.0,12.0,no,3.0,1.0,clear,0.611171,0.619125,0.621667,0.125078,1237.0,4565.0,5923.0
463.0,31/9/12,spring,1.0,9.0,no,5.0,1.0,clear,0.583333,0.550833,0.670833,0.1308,217.0,842.0,5319.0
545.0,22/5/12,spring,1.0,5.0,no,6.0,1.0,clear,0.858333,0.854583,0.6875,0.135,752.0,4242.0,4270.0
621.0,20/2/11,spring,0.0,2.0,no,3.0,1.0,clear,0.1666667,0.167569,0.805833,0.156567,1567.0,2545.0,8395.0
538.0,4/8/11,summer,1.0,8.0,no,1.0,1.0,clear,0.68,0.552563,0.564167,0.181846,921.0,5413.0,4563.0
539.0,10/3/12,winter,1.0,3.0,no,1.0,1.0,clear,0.686833,0.539084,0.5125,0.158667,1476.0,4046.0,4097.0
394.0,15/3/12,fall,1.0,3.0,no,4.0,1.0,clear,0.63,0.638808,0.783333,0.121433,537.0,5092.0,4760.0
536.0,12/12/11,winter,0.0,12.0,no,4.0,0.0,clear,0.45375,0.455817,0.621743,0.3029,793.0,6391.0,6296.0
188.0,31/12/11,summer,1.0,12.0,no,2.0,1.0,few clouds,0.7475,0.766642,0.638167,0.305833,875.0,3733.0,7415.0
596.0,5/8/12,fall,1.0,8.0,no,5.0,1.0,clear,0.638333,0.631667,0.485833,0.111854,781.0,3945.0,3940.0
16.0,3/1/12,fall,1.0,1.0,no,3.0,1.0,clear,0.680833,0.635083,0.69875,0.123858,641.0,4796.0,3310.0
796.0,5/3/12,winter,1.0,3.0,no,5.0,1.0,clear,0.3125,0.3175,0.539167,0.137052,1230.0,3232.0,3831.0
471.0,1/1/12,winter,1.0,1.0,no,5.0,1.0,clear,0.716667,0.637167,0.4575,0.156783,1075.0,4829.0,4744.0
7.0,11/1/12,spring,0.0,1.0,no,3.0,0.0,few clouds,0.256667,0.2633,0.594467,0.304917,883.0,4696.0,2028.0
575.0,17/5/11,summer,1.0,5.0,no,3.0,1.0,few clouds,0.65,0.764167,0.551667,0.0769,2116.0,3642.0,3429.0
18.0,5/3/11,winter,0.0,3.0,no,6.0,0.0,clear,0.208333,0.204675,0.738333,0.143322,717.0,1875.0,1817.0
696.0,15/1/12,fall,0.0,1.0,no,0.0,1.0,clear,0.5775,0.573587,0.687583,0.2554,616.0,5839.0,4509.0
688.0,8/12/12,spring,0.0,12.0,no,4.0,1.0,clear,0.46,0.457092,0.591767,0.162917,708.0,1630.0,1746.0
2.0,1/3/11,spring,0.0,3.0,no,2.0,1.0,clear,0.7325,0.764167,0.640433,0.130613,1083.0,3446.0,3310.0
68.0,18/4/11,winter,0.0,4.0,no,0.0,1.0,clear,0.6625,0.5875,0.736667,0.129094,1083.0,4371.0,6565.0
595.0,14/9/12,fall,0.0,9.0,no,2.0,1.0,clear,0.568333,0.532125,0.58,0.291646,1194.0,5498.0,6685.0
614.0,31/2/12,fall,1.0,2.0,no,0.0,0.0,clear,0.483333,0.566383,0.634167,0.130875,1068.0,5345.0,5202.0
611.0,11/4/12,spring,1.0,4.0,no,0.0,1.0,clear,0.453333,0.452558,0.791667,0.12,462.0,3174.0,2496.0
247.0,3/6/12,summer,1.0,6.0,no,5.0,1.0,few clouds,0.583333,0.545832,0.634167,0.0967417,991.0,3492.0,5119.0
713.0,27/11/12,spring,1.0,11.0,no,5.0,1.0,clear,0.661667,0.615,0.584717,0.092589,708.0,3313.0,3068.0
596.0,12/1/11,spring,0.0,1.0,no,6.0,1.0,few clouds,0.724167,0.635083,0.75,0.054567,2381.0,1608.0,1635.0
522.0,8/8/11,summer,1.0,8.0,no,0.0,1.0,clear,0.3425,0.352516,0.492083,0.234096,921.0,3937.0,795.0
635.0,26/9/12,spring,0.0,9.0,no,3.0,1.0,few clouds,0.6675,0.630421,0.460833,0.124583,34.0,3558.0,2739.0
554.0,4/2/12,winter,0.0,2.0,no,4.0,1.0,clear,0.69,0.610833,0.590946,0.182875,983.0,5108.0,1708.0
609.0,25/5/11,spring,0.0,5.0,no,1.0,1.0,clear,0.530833,0.5775,0.595833,0.165837,713.0,4766.0,6734.0
624.0,6/11/11,spring,1.0,11.0,no,1.0,1.0,clear,0.325,0.317542,0.661667,0.0740625,1265.0,707.0,3204.0
726.0,25/2/12,winter,0.0,2.0,no,2.0,1.0,clear,0.33,0.3025,0.7175,0.2289,635.0,2025.0,6169.0
434.0,19/8/12,spring,1.0,8.0,no,5.0,1.0,few clouds,0.530833,0.5525,0.606867,0.290917,904.0,4308.0,6530.0
12.0,13/11/12,winter,1.0,11.0,no,0.0,0.0,clear,0.4,0.434833,0.873333,0.1115,904.0,1838.0,1891.0
598.0,18/7/11,winter,0.0,7.0,no,2.0,0.0,clear,0.593333,0.58584867,0.729333,0.167083,1221.0,5148.0,5169.0
596.0,3/1/12,summer,0.0,1.0,no,4.0,1.0,clear,0.530833,0.5308,0.619583,0.139617,1228.0,5961.0,5743.0
439.0,21/11/12,winter,0.0,11.0,no,5.0,1.0,few clouds,0.5,0.561517,0.69,0.1817,454.0,4840.0,4154.0
446.0,23/9/11,summer,0.0,9.0,no,0.0,0.0,clear,0.45,0.460821,0.664167,0.253942,671.0,6495.0,4105.0
439.0,2/8/11,summer,0.0,8.0,no,3.0,1.0,clear,0.493333,0.4275,0.7874,0.305417,696.0,5192.0,4191.0
571.0,10/9/12,winter,1.0,9.0,no,0.0,0.0,clear,0.23,0.234425,0.597554,0.232958,2142.0,4419.0,5629.0
566.0,15/5/12,fall,1.0,5.0,no,2.0,1.0,few clouds,0.751667,0.729167,0.670833,0.174308,2549.0,6708.0,7639.0
555.0,12/7/11,winter,0.0,7.0,no,3.0,0.0,clear,0.525833,0.541667,0.576075,0.084525,646.0,6071.0,6041.0
58.0,3/9/11,fall,0.0,9.0,no,6.0,1.0,clear,0.7333333,0.726,0.5325,0.152083,554.0,2578.0,2765.0
543.0,24/4/12,summer,1.0,11.0,no,4.0,1.0,clear,0.2775,0.274565,0.70375,0.224822,1534.0,2618.0,2633.0
255.0,16/12/12,fall,1.0,12.0,no,0.0,1.0,clear,0.663333,0.664204,0.583333,0.251467,18.0,4458.0,4672.0
699.0,3/9/11,summer,0.0,9.0,no,4.0,1.0,clear,0.5,0.518749,0.5575,0.154858,735.0,5068.0,5047.0
471.0,3/4/11,spring,0.0,4.0,no,0.0,1.0,clear,0.278833,0.353867,0.873333,0.163425,887.0,4458.0,4788.0
575.0,8/5/11,summer,0.0,6.0,no,1.0,1.0,few clouds,0.29,0.291417,0.532817,0.12254783,1067.0,4451.0,5026.0
463.0,19/5/11,winter,0.0,5.0,no,6.0,1.0,clear,0.695833,0.738125,0.676417,0.248229,633.0,397.0,4839.0
679.0,2/2/11,spring,0.0,2.0,no,4.0,1.0,clear,0.6475,0.6308,0.630417,0.187929,3132.0,705.0,6691.0
616.0,14/3/12,winter,1.0,3.0,no,4.0,1.0,clear,0.553333,0.577075,0.60625,0.293783,454.0,4688.0,4109.0
579.0,11/2/11,spring,1.0,2.0,no,5.0,1.0,clear,0.4665,0.427529,0.607075,0.225475,796.0,4790.0,5260.0
654.0,6/2/11,spring,0.0,2.0,yes,6.0,1.0,clear,0.564167,0.491587,0.683333,0.155845,359.0,4383.0,7132.0
792.0,10/3/12,summer,1.0,3.0,no,5.0,0.0,clear,0.633333,0.662958,0.716583,0.177083,1051.0,5529.0,5633.0
531.0,16/5/12,summer,1.0,5.0,yes,3.0,1.0,few clouds,0.4175,0.358333,0.50625,0.167125,1266.0,3818.0,4665.0
52.0,2/12/11,winter,1.0,12.0,no,2.0,1.0,clear,0.661667,0.739142,0.40625,0.087858,394.0,708.0,7282.0
535.0,22/6/11,winter,0.0,6.0,no,4.0,1.0,clear,0.573333,0.520875,0.624167,0.185083,1339.0,3108.0,3624.0
477.0,26/3/11,spring,0.0,3.0,no,1.0,1.0,few clouds,0.6025,0.608458,0.620833,0.0275,2132.0,3175.0,2947.0
604.0,22/6/12,summer,0.0,6.0,no,4.0,1.0,few clouds,0.5,0.5429,0.616667,0.209544,1054.0,7391.0,7261.0
513.0,5/11/11,fall,0.0,11.0,no,1.0,1.0,few clouds,0.45,0.455475,0.6775,0.160425,858.0,4458.0,5062.0
6.0,17/11/12,summer,0.0,11.0,no,4.0,1.0,clear,0.6675,0.61546,0.6375,0.091543,558.0,4665.0,4400.0
559.0,27/8/12,summer,1.0,8.0,no,3.0,1.0,clear,0.53,0.5225,0.5875,0.190943,1120.0,4608.0,4585.0
715.0,30/1/11,winter,1.0,1.0,no,2.0,1.0,clear,0.483333,0.454867,0.724333,0.127988,1083.0,2958.0,1977.0
6.0,14/6/11,summer,1.0,6.0,no,2.0,1.0,few clouds,0.2625,0.238348,0.71125,0.0672667,1035.0,5192.0,5259.0
44.0,16/12/12,fall,1.0,12.0,no,2.0,2.0,clear,0.253333,0.246558,0.784583,0.122754,1183.0,3115.0,3811.0
716.0,15/7/12,winter,1.0,7.0,no,6.0,1.0,few clouds,0.7475,0.7425,0.625417,0.147037,1049.0,4078.0,3141.0
8.0,7/8/12,spring,1.0,8.0,no,0.0,1.0,few clouds,0.786667,0.664858,0.635,0.234629,0.83616,7363.0,7865.0
3.0,24/6/11,summer,0.0,6.0,no,4.0,0.0,few clouds,0.343333,0.327525,0.721667,0.187,1245.0,1344.0,7112.0
516.0,28/6/12,fall,1.0,1.0,no,5.0,1.0,clear,0.2475,0.242958,0.5825,0.269979,724.0,2311.0,2210.0
518.0,4/9/11,summer,0.0,9.0,no,5.0,1.0,clear,0.66,0.702954,0.634167,0.0391322,707.0,3228.0,3141.0
613.0,28/1/11,spring,0.0,1.0,no,2.0,1.0,clear,0.716667,0.7025,0.55,0.1835,1270.0,2613.0,2633.0
5.0,25/10/12,fall,0.0,10.0,no,0.0,1.0,clear,0.568333,0.54729,0.430833,0.152379,1271.0,3358.0,4996.0
459.0,28/3/12,spring,1.0,3.0,no,6.0,1.0,clear,0.7,0.711167,0.81667,0.0908,717.0,4696.0,1834.0
621.0,17/1/12,winter,1.0,1.0,no,1.0,0.0,few clouds,0.319833,0.3195,0.816667,0.242917,10.0,6208.0,6778.0
6.0,11/3/12,fall,1.0,3.0,no,3.0,1.0,few clouds,0.686433,0.6923,0.746667,0.237521,659.0,5461.0,7865.0
704.0,14/9/11,winter,0.0,9.0,no,3.0,1.0,clear,0.6,0.391371,0.642917,0.190475,13.0,5578.0,8090.0
13.0,29/3/12,fall,1.0,3.0,no,1.0,1.0,few clouds,0.726222,0.603959,0.711583,0.147917,644.0,1740.0,1796.0
654.0,26/9/12,spring,0.0,9.0,no,2.0,1.0,few clouds,0.34,0.358333,0.705833,0.153945,971.0,4147.0,4400.0
588.0,17/11/12,summer,1.0,11.0,no,2.0,0.0,clear,0.564167,0.592917,0.625417,0.185875,1096.0,3419.0,4826.0
373.0,28/1/12,fall,1.0,1.0,no,3.0,0.0,few clouds,0.695833,0.610833,0.696667,0.208608,813.0,4946.0,5115.0
195.0,1/5/12,spring,1.0,5.0,no,6.0,1.0,few clouds,0.325,0.251771,0.5,0.175167,642.0,1748.0,1416.0
565.0,17/5/12,fall,1.0,5.0,no,3.0,1.0,clear,0.65625,0.654617,0.726667,0.116787,1329.0,5992.0,5786.0
563.0,6/7/11,winter,0.0,7.0,no,3.0,1.0,few clouds,0.6625,0.688067,0.5175,0.1925,558.0,4790.0,4630.0
613.0,17/7/12,winter,1.0,7.0,no,2.0,0.0,clear,0.7975,0.685833,0.7325,0.174812,3126.0,3716.0,5870.0
6.0,12/1/12,winter,0.0,1.0,no,0.0,1.0,clear,0.451667,0.45292958,0.739167,0.137913,547.0,4608.0,7494.0
15.0,3/5/12,fall,1.0,5.0,no,3.0,1.0,clear,0.583333,0.587871,0.6575,0.1825,1097.0,1438.0,1536.0
642.0,5/2/11,spring,0.0,2.0,no,0.0,1.0,clear,0.576667,0.583174,0.637917,0.187079,707.0,3456.0,7393.0
654.0,1/1/12,fall,1.0,1.0,yes,5.0,0.0,few clouds,0.325833,0.3125,0.739583,0.180908,604.0,6267.0,3163.0
531.0,8/2/12,summer,1.0,2.0,no,8.0,1.0,few clouds,0.4475,0.4425,0.716667,0.127087,1548.0,2740.0,7965.0
854.0,31/8/11,fall,1.0,8.0,no,5.0,0.0,few clouds,0.4167,0.4875,0.703333,0.017598,1048.0,2329.0,2134.0
617.0,3/5/11,winter,0.0,5.0,no,5.0,1.0,clear,0.673333,0.640833,0.663683,0.1387,679.0,589.0,3228.0
538.0,27/6/11,spring,1.0,6.0,no,1.0,1.0,clear,0.7,0.6175,0.908333,0.231163,150.0,5267.0,5557.0
417.0,3/12/11,winter,0.0,12.0,no,2.0,0.0,clear,0.483333,0.492683,0.739167,0.15833,1098.0,6456.0,6664.0
583.0,15/11,winter,1.0,11.0,no,1.0,1.0,few clouds,0.5125,0.537975,0.808871,0.161746,689.0,6274.0,7013.0
554.0,27/9/12,fall,1.0,9.0,no,1.0,1.0,few clouds,0.534167,0.5079,0.46,0.121668,759.0,3238.0,2999.0
637.0,22/9/11,summer,1.0,9.0,no,2.0,1.0,few clouds,0.29,0.298822,0.53787,0.255521,787.0,2745.0,3243.0
626.0,13/5/11,fall,0.0,5.0,no,4.0,1.0,clear,0.466533,0.40375,0.494667,0.164644,913.0,3538.0,4294.0
559.0,26/12/11,winter,0.0,12.0,no,2.0,1.0,clear,0.521667,0.520833,0.4475,0.091467,504.0,4598.0,4788.0
539.0,16/3/12,spring,1.0,3.0,no,4.0,1.0,few clouds,0.5,0.56405,0.530417,0.175842,1365.0,717.0,7870.0
704.0,4/5/11,spring,0.0,5.0,no,1.0,1.0,clear,0.437333,0.4475,0.3125,0.252958,637.0,1667.0,1471.0
468.0,18/3/11,winter,0.0,3.0,no,2.0,0.0,few clouds,0.716667,0.746167,0.622167,0.2387,745.0,489.0,4118.0
587.0,3/12/11,winter,0.0,12.0,no,3.0,0.0,clear,0.739167,0.672083,0.662857,0.125333,678.0,3267.0,4576.0
49.0,11/12/12,winter,1.0,12.0,no,2.0,1.0,few clouds,0.5333333,0.586667,0.6,0.303667,588.0,3155.0,2425.0
595.0,17/5/12,summer,0.0,5.0,no,0.0,1.0,few clouds,0.6775,0.6825,0.564167,0.143917,881.0,7458.0,8227.0
562.0,20/2/11,summer,0.0,2.0,no,1.0,1.0,clear,0.664167,0.6075,0.5,0.306429,439.0,4696.0,4788.0
679.0,29/5/12,spring,0.0,5.0,yes,2.0,1.0,few clouds,0.4475,0.447092,0.643333,0.151229,674.0,4698.0,3894.0
68.0,2/7/11,summer,0.0,7.0,no,2.0,1.0,clear,0.573333,0.638391,0.738333,0.236846,1558.0,636.0,6871.0
548.0,15/1/12,fall,1.0,1.0,no,2.0,1.0,clear,0.6,0.634867,0.86525,0.235867,636.0,2895.0,5217.0
8.0,21/1/11,spring,1.0,1.0,no,2.0,1.0,clear,0.5475,0.542539,0.7975,0.136667,657.0,8074.0,8156.0
758.0,3/9/11,spring,0.0,9.0,no,4.0,0.0,clear,0.4425,0.3937,0.5475,0.234558,220.0,2775.0,1606.0
482.0,11/12/12,winter,1.0,12.0,no,3.0,1.0,few clouds,0.326167,0.325842,0.529167,0.195883,571.0,5062.0,4660.0
446.0,24/9/11,summer,1.0,9.0,no,5.0,1.0,clear,0.46,0.507514,0.858333,0.134533,518.0,3196.0,3387.0
547.0,13/7/11,spring,0.0,7.0,no,2.0,1.0,clear,0.5425,0.541633,0.506083,0.1775,542.0,5167.0,5986.0
14.0,10/8/12,spring,1.0,8.0,no,1.0,1.0,partly cloudy,0.780817,0.709696,0.54,0.1308,1157.0,1558.0,1510.0
642.0,29/5/11,spring,1.0,5.0,no,2.0,1.0,clear,0.53333,0.4544,0.728333,0.304929,1213.0,6121.0,6153.0
487.0,27/10/11,fall,0.0,10.0,no,6.0,1.0,few clouds,0.2925,0.2675,0.849167,0.141242,679.0,2349.0,3915.0
587.0,15/7/12,spring,1.0,7.0,no,1.0,1.0,clear,0.319667,0.306636,0.791667,0.1829,796.0,3108.0,6370.0
604.0,11/12/12,spring,1.0,11.0,no,2.0,1.0,clear,0.75,0.708167,0.666525,0.2925,621.0,3996.0,4220.0
467.0,28/5/12,summer,1.0,5.0,no,5.0,1.0,clear,0.5,0.4133,0.59,0.170896,1480.0,4770.0,4189.0
588.0,6/7/12,fall,0.0,7.0,no,6.0,1.0,clear,0.573333,0.639333,0.4775,0.161671,905.0,5461.0,7333.0
617.0,25/11/11,summer,0.0,11.0,no,1.0,0.0,few clouds,0.2767,0.276677,0.591667,0.143592,925.0,6122.0,6779.0
4.0,12/10/12,spring,0.0,10.0,no,3.0,0.0,clear,0.553333,0.634383,0.653333,0.251667,511.0,745.0,7001.0
521.0,6/6/12,summer,0.0,6.0,no,2.0,1.0,clear,0.7175,0.638391,0.663333,0.0358167,907.0,7055.0,5058.0
674.0,10/5/12,summer,1.0,5.0,no,0.0,1.0,clear,0.796667,0.608738,0.7083,0.231667,1558.0,5642.0,7424.0
454.0,9/6/11,winter,0.0,6.0,no,1.0,1.0,clear,0.636333,0.639229,0.4575,0.108817,583.0,2462.0,4864.0
583.0,5/3/12,summer,1.0,3.0,no,2.0,1.0,clear,0.5,0.5875,0.770817,0.116958,2047.0,4697.0,4966.0
748.0,24/5/12,spring,1.0,5.0,no,0.0,0.0,clear,0.5425,0.547692,0.6975,0.204878,1088.0,634.0,7865.0
713.0,4/3/12,summer,1.0,3.0,no,5.0,1.0,clear,0.636667,0.635866,0.6,0.09082667,11.0,796.0,7691.0
604.0,12/12/12,fall,1.0,12.0,no,6.0,0.0,clear,0.5625,0.552929,0.5925,0.141492,3.0,6723.0,6273.0
8.0,14/3/11,fall,1.0,3.0,no,2.0,0.0,clear,0.291267,0.291825,0.495833,0.127021,875.0,3113.0,3831.0
692.0,8/12/11,winter,0.0,12.0,yes,1.0,1.0,few clouds,0.5,0.547083,0.917333,0.164546,665.0,686.0,7534.0
6.0,14/10/11,fall,1.0,10.0,no,1.0,1.0,clear,0.553333,0.551529,0.4475,0.136687,1042.0,3457.0,3485.0
604.0,26/5/12,winter,1.0,5.0,no,5.0,1.0,few clouds,0.145833,0.145929,0.65625,0.1729,3.0,1687.0,1787.0
796.0,25/7/12,spring,1.0,7.0,no,0.0,0.0,few clouds,0.276667,0.276971,0.503333,0.1929,829.0,7669.0,7641.0
704.0,27/1/11,winter,1.0,1.0,no,3.0,0.0,few clouds,0.603333,0.5846,0.810833,0.239962,49.0,6359.0,6398.0
585.0,7/2/11,fall,0.0,2.0,no,6.0,0.0,clear,0.430433,0.4125,0.4975,0.207942,539.0,4396.0,4679.0
569.0,22/7/12,fall,0.0,7.0,no,0.0,0.0,clear,0.5433,0.726275,0.7,0.177921,2228.0,6238.0,6269.0
659.0,26/11/12,fall,1.0,11.0,no,1.0,0.0,clear,0.365833,0.374825,0.742467,0.092916,1071.0,3459.0,3785.0
0.0,9/4/12,winter,1.0,4.0,no,4.0,0.0,clear,0.6675,0.606667,0.6675,0.206375,1071.0,2760.0,7804.0
604.0,18/5/11,spring,0.0,5.0,no,6.0,1.0,clear,0.534167,0.530416,0.580833,0.138092,979.0,3958.0,2298.0
5.0,5/5/12,spring,1.0,5.0,no,2.0,1.0,few clouds,0.87917,0.622167,0.507833,0.2158,1392.0,466.0,4548.0
845.0,18/11/11,winter,0.0,11.0,no,4.0,1.0,few clouds,0.75,0.7175,0.670833,0.143021,996.0,3812.0,6241.0
255.0,4/10/11,summer,0.0,10.0,no,1.0,1.0,clear,0.6125,0.585833,0.69,0.193633,387.0,3613.0,4763.0
575.0,22/8/12,summer,1.0,8.0,no,3.0,1.0,few clouds,0.530833,0.525813,0.6425,0.146917,517.0,6804.0,6861.0
513.0,3/3/11,fall,0.0,3.0,no,1.0,0.0,clear,0.4,0.457929,0.670833,0.153917,1495.0,5118.0,6569.0
578.0,6/5/11,spring,1.0,5.0,no,5.0,1.0,clear,0.6575,0.638696,0.8775,0.212192,616.0,5115.0,5255.0
749.0,28/12/12,spring,1.0,12.0,no,0.0,0.0,clear,0.4333333,0.437978,0.5775,0.183681,506.0,1276.0,1685.0
671.0,6/3/12,spring,1.0,3.0,no,6.0,1.0,clear,0.582917,0.637833,0.0,0.135967,14.0,4896.0,4906.0
513.0,26/10/12,winter,1.0,10.0,no,4.0,1.0,clear,0.506667,0.503913,0.818667,0.137917,496.0,789.0,6664.0
48.0,21/12/11,fall,0.0,12.0,no,6.0,1.0,clear,0.758767,0.723175,0.590817,0.174537,778.0,2940.0,4891.0
521.0,24/3/12,winter,1.0,3.0,no,4.0,1.0,clear,0.325,0.2933,0.59,0.287817,1462.0,3121.0,4120.0
732.0,28/3/11,fall,0.0,3.0,no,1.0,1.0,clear,0.583333,0.593333,0.593333,0.282283,2439.0,4411.0,4401.0
408.0,13/1/12,fall,0.0,1.0,no,1.0,1.0,clear,0.646667,0.653467,0.807417,0.139629,466.0,3675.0,3944.0
787.0,16/9/12,winter,1.0,9.0,no,6.0,1.0,partly cloudy,0.583333,0.581321,0.3125,0.2125,3.0,4458.0,2933.0
654.0,14/4/12,winter,1.0,4.0,no,6.0,1.0,clear,0.451345,0.456958,0.583333,0.2869,1279.0,3147.0,4576.0
203.0,23/1/12,fall,1.0,1.0,no,5.0,1.0,clear,0.393333,0.390435,0.829083,0.403483,1571.0,3825.0,7001.0
579.0,12/4/12,fall,0.0,4.0,no,4.0,1.0,clear,0.527,0.573412,0.6975,0.246667,867.0,3428.0,3095.0
467.0,25/4/12,summer,1.0,4.0,no,5.0,0.0,few clouds,0.39625,0.395833,0.5875,0.162854,2142.0,6204.0,6192.0
9.0,14/12/11,summer,0.0,12.0,no,5.0,1.0,clear,0.59,0.61907921,0.6825,0.1325,542.0,4371.0,3785.0
591.0,25/12/12,summer,0.0,12.0,no,4.0,1.0,clear,0.5,0.530833,0.59,0.157533,714.0,2640.0,1204.0
595.0,30/6/11,fall,0.0,6.0,no,5.0,0.0,clear,0.291667,0.294692,0.7425,0.226575,1301.0,4679.0,4475.0
577.0,22/9/12,fall,1.0,9.0,no,1.0,0.0,clear,0.66,0.620833,0.858167,0.122857,817.0,689.0,795.0
513.0,6/6/11,summer,1.0,6.0,no,3.0,0.0,clear,0.673333,0.647062,0.695833,0.232275,537.0,2446.0,2425.0
2.0,10/7/12,winter,1.0,7.0,no,2.0,1.0,clear,0.721767,0.7125,0.636667,0.246667,631.0,3120.0,7175.0
8.0,6/6/12,spring,1.0,6.0,no,4.0,1.0,few clouds,0.275167,0.264538,0.635833,0.110917,3.0,4696.0,4679.0
521.0,27/12/12,winter,0.0,12.0,no,1.0,1.0,few clouds,0.73333,0.722167,0.739167,0.236776,819.0,2779.0,2914.0
9.0,13/9/12,summer,1.0,9.0,no,4.0,1.0,few clouds,0.791667,0.620833,0.49625,0.042083,1701.0,1735.0,1795.0
9.0,13/7/12,fall,1.0,7.0,no,1.0,0.0,clear,0.766333,0.695833,0.5,0.306083,1771.0,7274.0,959.0
254.0,13/11/12,fall,1.0,11.0,no,6.0,1.0,clear,0.417333,0.5026,0.69,0.306575,1058.0,3458.0,2431.0
496.0,25/7/12,fall,0.0,7.0,no,6.0,0.0,few clouds,0.340833,0.341721,0.879167,0.234467,943.0,3142.0,3926.0
746.0,24/1/12,summer,0.0,1.0,no,4.0,1.0,clear,0.290833,0.273945,0.7175,0.112916,673.0,4308.0,7347.0
463.0,28/10/11,fall,1.0,10.0,no,0.0,1.0,clear,0.620833,0.6375,0.71125,0.166958,12.0,6290.0,6392.0
609.0,29/1/12,fall,1.0,1.0,no,4.0,1.0,clear,0.4167,0.464625,0.637917,0.113467,645.0,3275.0,6569.0
814.0,17/6/11,spring,0.0,6.0,no,3.0,1.0,clear,0.743333,0.738333,0.794583,0.232588,938.0,4531.0,4507.0
571.0,19/12/11,spring,1.0,12.0,no,1.0,1.0,clear,0.620833,0.664167,0.806917,0.116963,691.0,3870.0,5805.0
508.0,10/2/12,fall,1.0,2.0,no,2.0,1.0,clear,0.6025,0.642917,0.412917,0.125439,853.0,4083.0,3644.0
624.0,3/8/12,year,0.0,8.0,no,0.0,1.0,clear,0.545833,0.534583,0.496667,0.163396,658.0,541.0,3761.0
595.0,29/1/11,fall,0.0,7.0,no,5.0,1.0,clear,0.27,0.271067,0.817667,0.139638,542.0,2845.0,4205.0
513.0,13/6/11,summer,0.0,6.0,no,2.0,1.0,clear,0.435833,0.456767,0.654348,0.242746,1465.0,5339.0,5138.0
546.0,12/4/12,fall,1.0,4.0,no,5.0,1.0,few clouds,0.54,0.566792,0.858333,0.112917,854.0,2962.0,6861.0
542.0,28/5/11,fall,0.0,5.0,no,4.0,1.0,clear,0.4525,0.452543,0.460833,0.2867,578.0,4363.0,4602.0
523.0,18/6/11,winter,1.0,6.0,no,4.0,1.0,clear,0.582617,0.586867,0.62283,0.115513,667.0,6359.0,6370.0
715.0,15/10/12,spring,1.0,10.0,no,5.0,1.0,clear,0.343333,0.324029,0.597917,0.215992,68.0,4657.0,4169.0
58.0,10/7/11,summer,0.0,7.0,no,4.0,1.0,clear,0.693333,0.653313,0.45,0.103729,498.0,3275.0,6230.0
629.0,11/11/12,fall,0.0,11.0,no,2.0,0.0,few clouds,0.353333,0.3926,0.430833,0.141667,1520.0,589.0,1708.0
713.0,26/6/12,fall,1.0,6.0,no,0.0,1.0,clear,0.5775,0.535858,0.624167,0.212246,724.0,5208.0,5138.0
584.0,4/11,summer,1.0,11.0,no,1.0,1.0,few clouds,0.546667,0.570833,0.879167,0.255829,648.0,4092.0,3846.0
6.0,20/11/12,fall,1.0,11.0,no,1.0,1.0,clear,0.253867,0.2534,0.726667,0.0566,1154.0,4267.0,4840.0
5.0,13/7/12,fall,0.0,7.0,no,0.0,1.0,clear,0.5,0.4025,0.738333,0.112912,765.0,4208.0,4602.0
617.0,23/8/11,summer,0.0,8.0,no,4.0,1.0,clear,0.833,0.864,0.691771,0.189379,846.0,4854.0,3777.0
622.0,21/2/11,summer,0.0,2.0,no,1.0,0.0,clear,0.274625,0.275642,0.86867,0.190833,796.0,476.0,2455.0
554.0,19/4/11,winter,0.0,4.0,no,3.0,1.0,few clouds,0.535833,0.569613,0.918667,0.151339,621.0,3238.0,3750.0
479.0,27/11/11,spring,1.0,11.0,no,2.0,0.0,few clouds,0.630833,0.597958,0.764167,0.145829,904.0,6379.0,6734.0
375.0,20/1/11,spring,1.0,1.0,no,1.0,1.0,clear,0.240021,0.241633,0.59875,0.2079,468.0,2634.0,2765.0
729.0,5/6/11,winter,0.0,6.0,no,2.0,1.0,few clouds,0.233333,0.236663,0.6663,0.356967,139.0,3221.0,5936.0
471.0,18/4/11,winter,1.0,4.0,no,5.0,1.0,few clouds,0.431667,0.417521,0.68,0.190875,1146.0,788.0,5445.0
549.0,30/1/11,spring,0.0,1.0,no,4.0,1.0,few clouds,0.35,0.3465,0.4925,0.073713,844.0,4038.0,1865.0
11.0,12/8/12,summer,1.0,8.0,no,5.0,1.0,clear,0.71733,0.66413,0.702683,0.1725,679.0,2523.0,1650.0
318.0,4/4/12,spring,1.0,4.0,no,5.0,1.0,clear,0.2775,0.272814,0.483333,0.1636,1258.0,2152.0,3214.0
578.0,17/12/11,fall,0.0,12.0,no,1.0,1.0,clear,0.211833,0.217433,0.5,0.208742,866.0,5458.0,5117.0
3.0,24/4/11,fall,0.0,4.0,no,0.0,1.0,clear,0.3868,0.383749,0.75625,0.110835,10.0,4167.0,4511.0
7.0,17/3/11,summer,0.0,3.0,no,0.0,1.0,clear,0.537917,0.539129,0.682533,0.132987,929.0,576.0,6304.0
9.0,4/4/11,fall,0.0,4.0,no,2.0,1.0,clear,0.25,0.2533,0.741667,0.2257,671.0,3996.0,3544.0
398.0,19/6/11,summer,0.0,6.0,no,5.0,0.0,clear,0.753333,0.695825,0.764167,0.158808,2172.0,2727.0,5047.0
588.0,15/3/11,summer,0.0,3.0,no,4.0,1.0,clear,0.34,0.342414,0.75,0.281358,622.0,3138.0,4127.0
542.0,23/11/11,spring,1.0,11.0,no,5.0,1.0,clear,0.45,0.442029,0.460833,0.0940333,928.0,3575.0,3523.0
692.0,7/9/12,winter,1.0,9.0,no,3.0,1.0,clear,0.6926,0.693542,0.756558,0.291262,839.0,7808.0,981.0
562.0,12/4/12,spring,1.0,4.0,no,4.0,1.0,clear,0.536333,0.537871,0.577583,0.174667,1368.0,3836.0,3786.0
471.0,2/12/12,winter,1.0,12.0,no,5.0,1.0,few clouds,0.4475,0.484475,0.803333,0.1375,675.0,3113.0,2115.0
913.0,16/9/11,fall,0.0,9.0,no,0.0,1.0,few clouds,0.4562,0.479167,0.6475,0.224967,437.0,4790.0,3873.0
717.0,24/6/12,winter,1.0,6.0,no,3.0,1.0,clear,0.5,0.539129,0.705733,0.06662,658.0,6401.0,6169.0
581.0,16/4/11,fall,1.0,4.0,no,1.0,1.0,clear,0.343333,0.347545,0.829167,0.284087,782.0,2658.0,4991.0
542.0,20/8/12,summer,1.0,8.0,no,15.0,0.0,few clouds,0.53,0.539267,0.720417,0.0914125,1229.0,5228.0,7286.0
621.0,11/11/11,winter,1.0,11.0,no,5.0,1.0,clear,0.586667,0.539187,0.702083,0.132821,1083.0,3033.0,4996.0
552.0,11/1/11,winter,0.0,1.0,no,1.0,1.0,clear,0.65,0.639167,0.725,0.131639,652.0,4383.0,4665.0
576.0,27/4/12,fall,1.0,4.0,no,2.0,1.0,few clouds,0.7225,0.625721,0.756917,0.183667,471.0,4304.0,4270.0
576.0,5/11/11,spring,0.0,11.0,no,1.0,0.0,few clouds,0.7,0.706437,0.928333,0.161226,2175.0,4692.0,4118.0
692.0,16/2/12,winter,1.0,2.0,no,1.0,0.0,clear,0.42,0.362446,0.420417,0.352783,1546.0,2344.0,3310.0
571.0,29/3/12,winter,1.0,3.0,no,2.0,1.0,clear,0.681667,0.653958,0.551325,0.203667,705.0,775.0,7105.0
9.0,6/2/11,winter,1.0,2.0,no,4.0,1.0,clear,0.3925,0.390909,0.583333,0.174283,721.0,3067.0,3830.0
8.0,7/2/11,summer,1.0,2.0,no,3.0,1.0,clear,0.303333,0.292925,0.6425,0.193333,834.0,6391.0,2209.0
13.0,20/1/12,winter,1.0,1.0,no,1.0,1.0,clear,0.446667,0.4625,0.617583,0.205854,904.0,1769.0,1977.0
7.0,22/12/12,summer,1.0,12.0,no,3.0,1.0,few clouds,0.583333,0.581333,0.65,0.285875,1083.0,3687.0,2471.0
568.0,27/5/12,winter,1.0,5.0,no,6.0,0.0,few clouds,0.5328,0.5325,0.637917,0.162929,645.0,4836.0,6299.0
541.0,18/11/11,fall,1.0,11.0,yes,1.0,0.0,clear,0.753333,0.775417,0.65375,0.102677,1087.0,4071.0,3910.0
15.0,23/9/12,spring,1.0,9.0,no,1.0,1.0,clear,0.383333,0.387929,0.65,0.171477,1079.0,3175.0,1795.0
58.0,8/4/11,fall,0.0,4.0,no,5.0,1.0,clear,0.606567,0.539142,0.4175,0.167583,695.0,3229.0,3129.0
596.0,17/7/11,spring,0.0,7.0,no,3.0,0.0,few clouds,0.146667,0.15,0.583333,0.2375,3.0,5383.0,7713.0
431.0,27/8/12,spring,0.0,8.0,no,0.0,1.0,clear,0.37,0.3625,0.583383,0.17077,787.0,3880.0,441.0
44.0,6/2/11,winter,0.0,2.0,no,4.0,1.0,clear,0.3625,0.354039,0.6175,0.175085,794.0,4258.0,4097.0
8.0,25/2/12,winter,1.0,2.0,no,1.0,1.0,clear,0.464333,0.477054,0.68,0.163878,1629.0,3221.0,1321.0
5.0,25/7/12,spring,1.0,7.0,no,0.0,0.0,few clouds,0.6195,0.582627,0.642083,0.127575,659.0,5044.0,4677.0
462.0,3/8/12,spring,0.0,8.0,no,5.0,1.0,clear,0.643333,0.687046,0.622333,0.240825,115.0,4845.0,5260.0
613.0,10/5/12,fall,1.0,5.0,no,2.0,1.0,clear,0.45,0.4625,0.7525,0.396426,996.0,1625.0,1650.0
468.0,10/1/12,winter,1.0,1.0,no,1.0,1.0,clear,0.283333,0.2225,0.7825,0.2079,1033.0,1639.0,1005.0
521.0,6/10/11,fall,0.0,10.0,no,5.0,1.0,clear,0.453333,0.461667,0.895417,0.146596,613.0,605.0,5895.0
612.0,24/3/12,summer,1.0,3.0,no,4.0,1.0,clear,0.2675,0.2675,0.6875,0.182483,1512.0,3679.0,6312.0
558.0,2/8/12,fall,1.0,8.0,no,2.0,0.0,clear,0.54,0.547071,0.73125,0.254583,2412.0,3548.0,3570.0
587.0,10/9/12,summer,0.0,9.0,no,1.0,1.0,few clouds,0.2375,0.2225,0.610633,0.205075,1579.0,4698.0,5499.0
645.0,9/1/12,summer,1.0,1.0,no,3.0,1.0,few clouds,0.5,0.520425,0.4975,0.154954,3.0,6458.0,6565.0
539.0,12/4/11,fall,0.0,4.0,no,1.0,0.0,clear,0.333333,0.342221,0.4,0.152917,945.0,5069.0,506.0
7.0,8/12/11,fall,0.0,12.0,no,6.0,1.0,clear,0.491667,0.5325,0.5725,0.0835,596.0,3870.0,4579.0
696.0,8/1/11,spring,0.0,1.0,no,1.0,0.0,clear,0.45,0.580858,0.77,0.211667,892.0,4598.0,4765.0
664.0,18/8/12,fall,1.0,8.0,no,1.0,1.0,clear,0.3125,0.3175,0.3175,0.087908,2208.0,4746.0,3387.0
469.0,14/4/12,spring,1.0,4.0,no,4.0,1.0,few clouds,0.25,0.2525,0.4125,0.0854125,369.0,2248.0,2277.0
554.0,16/6/11,fall,1.0,6.0,no,6.0,1.0,clear,0.5025,0.566338,0.570833,0.2313,839.0,6192.0,7436.0
621.0,18/8/12,winter,1.0,8.0,no,4.0,0.0,few clouds,0.29,0.296033,0.4975,0.2175,996.0,6492.0,7570.0
178.0,27/1/11,summer,0.0,1.0,no,5.0,1.0,clear,0.616333,0.65652917,0.6925,0.175665,745.0,3354.0,4067.0
7.0,5/5/12,spring,1.0,5.0,no,6.0,1.0,few clouds,0.397833,0.398875,0.596667,0.108167,543.0,3113.0,1685.0
464.0,15/3/12,summer,1.0,3.0,no,6.0,0.0,clear,0.5425,0.530833,0.75,0.2425,1218.0,4499.0,4401.0
469.0,6/8/11,summer,1.0,8.0,no,3.0,1.0,few clouds,0.7025,0.7204,0.440083,0.151358,1433.0,491.0,4773.0
514.0,23/1/12,winter,1.0,1.0,no,0.0,0.0,clear,0.3675,0.355058,0.3925,0.158842,895.0,4648.0,4363.0
595.0,4/5/12,fall,1.0,5.0,no,0.0,1.0,clear,0.7475,0.74596,0.752467,0.190721,878.0,989.0,7347.0
697.0,25/4/11,fall,0.0,4.0,no,4.0,1.0,few clouds,0.325833,0.325,0.73375,0.272667,971.0,6458.0,4585.0
221.0,12/5/11,summer,1.0,5.0,no,6.0,1.0,clear,0.73333,0.6625,0.695833,0.190575,521.0,3696.0,3523.0
652.0,2/3/12,fall,1.0,3.0,no,6.0,1.0,few clouds,0.6675,0.623,0.5475,0.229458,758.0,4212.0,4763.0
569.0,8/5/11,fall,0.0,5.0,no,1.0,1.0,few clouds,0.715167,0.7155833,0.493333,0.161317,854.0,6642.0,6034.0
533.0,1/1/12,fall,1.0,1.0,no,5.0,1.0,clear,0.5325,0.564317,0.586508,0.125033,1254.0,3817.0,6998.0
181.0,20/6/11,fall,1.0,6.0,no,4.0,0.0,clear,0.243333,0.245571,0.908333,0.1246,632.0,496.0,4304.0
667.0,22/1/11,spring,1.0,1.0,no,5.0,1.0,clear,0.4125,0.41125,0.611667,0.0928583,634.0,1479.0,6664.0
5.0,20/12/11,summer,0.0,12.0,no,1.0,1.0,clear,0.29625,0.297283,0.586633,0.181663,1.0,4458.0,4978.0
1067.0,8/1/12,fall,1.0,1.0,no,1.0,1.0,few clouds,0.2875,0.2624,0.591717,0.166083,766.0,2714.0,2710.0
678.0,25/7/11,summer,0.0,7.0,no,4.0,0.0,few clouds,0.553333,0.5733,0.776667,0.127917,848.0,4174.0,5582.0
531.0,1/10/12,spring,1.0,10.0,no,6.0,1.0,few clouds,0.664167,0.652829,0.676783,0.155833,687.0,4992.0,7865.0
558.0,11/11/12,winter,0.0,11.0,no,0.0,1.0,few clouds,0.649167,0.4829,0.6975,0.178871,1571.0,4692.0,4220.0
679.0,4/3/11,winter,1.0,3.0,no,2.0,0.0,clear,0.70625,0.695833,0.858333,0.291083,746.0,4383.0,4151.0
489.0,31/3/11,spring,0.0,3.0,no,0.0,0.0,few clouds,0.637833,0.6079,0.791667,0.1596,1051.0,4471.0,4714.0
707.0,2/12/12,winter,0.0,12.0,no,4.0,1.0,few clouds,0.4525,0.442746,0.795733,0.154917,1229.0,3221.0,3831.0
13.0,20/11/11,winter,0.0,11.0,no,0.0,0.0,clear,0.464167,0.473971,0.57,0.362667,1043.0,1437.0,1406.0
587.0,6/6/11,fall,1.0,6.0,no,5.0,1.0,clear,0.63683,0.664667,0.819167,0.210858,876.0,586.0,5936.0
587.0,25/2/12,summer,0.0,2.0,no,2.0,0.0,clear,0.399333,0.393469,0.521667,0.1314583,562.0,3613.0,1000.0
617.0,31/7/12,spring,1.0,7.0,no,0.0,0.0,clear,0.652917,0.651637,0.583333,0.231525,845.0,3470.0,5810.0
173.0,27/12/12,winter,1.0,12.0,no,3.0,1.0,few clouds,0.3667,0.364958,0.434833,0.116667,704.0,4696.0,1650.0
658.0,10/3/11,winter,0.0,3.0,no,3.0,0.0,clear,0.583333,0.569792,0.738333,0.137917,867.0,6121.0,6779.0
646.0,20/7/11,winter,0.0,7.0,no,5.0,1.0,clear,0.462083,0.458878,0.670833,0.122962,391.0,4071.0,5020.0
624.0,24/1/12,fall,1.0,1.0,no,1.0,0.0,clear,0.43333,0.438521,0.816667,0.152588,669.0,3167.0,7216.0
612.0,27/9/11,spring,1.0,9.0,no,6.0,1.0,clear,0.660833,0.656083,0.594583,0.043817,244.0,962.0,7442.0
553.0,24/7/11,summer,0.0,7.0,no,0.0,0.0,few clouds,0.483333,0.496675,0.729333,0.184842,994.0,2770.0,2743.0
596.0,1/5/11,winter,0.0,5.0,no,4.0,0.0,clear,0.283333,0.287942,0.53,0.357597,704.0,4595.0,5532.0
615.0,18/8/11,winter,0.0,8.0,no,0.0,1.0,clear,0.304167,0.307826,0.3,0.142084,1048.0,7808.0,5010.0
632.0,17/8/12,fall,1.0,8.0,no,2.0,1.0,clear,0.6875,0.709617,0.640417,0.105775,469.0,5173.0,5629.0
163.0,4/5/11,fall,1.0,5.0,no,5.0,1.0,clear,0.683333,0.780825,0.53333,0.167929,679.0,3632.0,6312.0
531.0,26/10/12,winter,1.0,10.0,no,4.0,0.0,clear,0.49,0.492917,0.470817,0.142383,746.0,3248.0,3333.0
936.0,12/9/12,fall,1.0,9.0,no,0.0,0.0,clear,0.246667,0.232942,0.535833,0.232858,754.0,9208.0,2210.0
667.0,22/10/11,fall,0.0,10.0,no,3.0,1.0,few clouds,0.290425,0.290887,0.593333,0.124583,783.0,3521.0,4205.0
588.0,26/8/11,spring,0.0,8.0,no,0.0,0.0,clear,0.237083,0.232046,0.5425,0.195878,775.0,5283.0,5992.0
2.0,12/5/11,spring,0.0,5.0,no,1.0,1.0,few clouds,0.706667,0.605867,0.5,0.171458,454.0,6274.0,5558.0
613.0,10/10/11,winter,0.0,10.0,no,0.0,0.0,few clouds,0.2875,0.285833,0.711583,0.1435,638.0,6129.0,6118.0
685.0,16/4/12,summer,0.0,4.0,no,4.0,0.0,few clouds,0.425833,0.434829,0.58375,0.141542,434.0,3458.0,3649.0
563.0,6/11/11,fall,1.0,11.0,no,0.0,0.0,clear,0.460833,0.47287829,0.740833,0.192917,2396.0,4716.0,4258.0
496.0,1/4/11,fall,0.0,4.0,no,4.0,1.0,few clouds,0.383333,0.384717,0.457083,0.246667,1506.0,5832.0,4677.0
13.0,22/10/11,spring,0.0,10.0,no,2.0,1.0,clear,0.5033,0.502792,0.725833,0.141658,899.0,2446.0,1872.0
534.0,15/4/11,fall,0.0,4.0,no,6.0,1.0,clear,0.310833,0.311539,0.805417,0.1479,1296.0,3158.0,5905.0
12.0,22/8/11,winter,0.0,8.0,no,2.0,0.0,clear,0.2525,0.253083,0.7965,0.162929,822.0,3562.0,5459.0
611.0,22/12/12,fall,1.0,12.0,no,5.0,1.0,clear,0.516933,0.521917,0.780833,0.2025,22.0,3421.0,6660.0
613.0,26/1/12,fall,1.0,1.0,no,5.0,1.0,clear,0.290825,0.290639,0.665833,0.166471,1045.0,7830.0,7525.0
7.0,10/6/12,summer,1.0,5.0,no,5.0,1.0,clear,0.625833,0.687942,0.7475,0.166667,633.0,5115.0,605.0
568.0,28/5/12,spring,1.0,5.0,no,5.0,1.0,clear,0.463333,0.520833,0.6488,0.171417,654.0,3619.0,4195.0
595.0,4/3/11,summer,0.0,3.0,no,1.0,1.0,clear,0.264883,0.256691,0.69,0.169962,921.0,6654.0,1013.0
324.0,21/3/12,summer,1.0,3.0,no,6.0,1.0,clear,0.430833,0.3969,0.647857,0.11077,1188.0,3298.0,2918.0
251.0,19/8/11,fall,1.0,8.0,no,4.0,0.0,few clouds,0.29,0.294842,0.6725,0.0929167,667.0,1533.0,1693.0
472.0,11/11/12,fall,1.0,11.0,no,2.0,0.0,few clouds,0.5825,0.520833,0.5425,0.212167,635.0,3038.0,3740.0
454.0,24/2/11,spring,1.0,2.0,no,0.0,0.0,clear,0.256467,0.24082,0.538333,0.143546,963.0,3854.0,2402.0
532.0,25/6/11,spring,0.0,6.0,no,4.0,1.0,clear,0.3125,0.316533,0.71667,0.208583,1265.0,4489.0,5633.0
704.0,22/10/12,winter,0.0,10.0,no,5.0,0.0,clear,0.738167,0.738696,0.5,0.254767,1204.0,3275.0,4763.0
303.0,30/3/11,summer,0.0,3.0,no,1.0,0.0,few clouds,0.435833,0.4625,0.491667,0.121667,749.0,3273.0,6624.0
541.0,19/8/11,summer,0.0,8.0,no,2.0,1.0,clear,0.353333,0.355083,0.738333,0.152907,823.0,7701.0,1977.0
479.0,21/6/11,fall,0.0,6.0,no,4.0,1.0,clear,0.541667,0.520417,0.6925,0.271242,572.0,7702.0,7693.0
695.0,29/5/12,fall,1.0,5.0,no,6.0,1.0,clear,0.483,0.484434,0.90833,0.116313,10.0,3969.0,4844.0
393.0,24/10/11,summer,0.0,10.0,no,1.0,1.0,clear,0.293333,0.295089,0.720833,0.2908,534.0,4939.0,3944.0
4.0,11/7/12,winter,1.0,7.0,no,4.0,1.0,clear,0.271667,0.240958,0.791667,0.131571,596.0,3063.0,3750.0
454.0,12/1/11,winter,0.0,1.0,no,0.0,0.0,clear,0.2535,0.2637,0.664333,0.194948,859.0,4458.0,6734.0
163.0,20/8/11,summer,1.0,8.0,no,0.0,1.0,clear,0.271667,0.258671,0.67875,0.253933,1655.0,2183.0,2918.0
542.0,28/4/12,spring,0.0,4.0,no,3.0,1.0,few clouds,0.683333,0.611167,0.5,0.124417,895.0,3469.0,4845.0
5.0,1/4/11,weekday,1.0,4.0,no,5.0,1.0,few clouds,0.393333,0.394583,0.622333,0.185813,926.0,4409.0,4375.0
1.0,2/11/12,winter,1.0,11.0,no,5.0,1.0,few clouds,0.400833,0.452925,0.7375,0.107921,2496.0,4383.0,441.0
367.0,13/11/11,fall,1.0,11.0,no,6.0,1.0,few clouds,0.695833,0.681667,0.537917,0.1633,469.0,7129.0,3926.0
652.0,1/6/11,winter,0.0,6.0,no,0.0,0.0,clear,0.2875,0.291767,0.653333,0.122029,914.0,3837.0,1107.0
495.0,26/7/11,spring,1.0,7.0,no,6.0,1.0,few clouds,0.55,0.551759,0.685833,0.142917,11.0,4484.0,4649.0
692.0,14/1/12,summer,1.0,1.0,no,6.0,1.0,clear,0.291667,0.5846,0.657083,0.086667,1301.0,3238.0,3649.0
12.0,8/11/11,winter,0.0,11.0,no,1.0,1.0,few clouds,0.3825,0.371667,0.5075,0.0783862,1196.0,3275.0,5119.0
47.0,4/12/11,spring,0.0,12.0,no,2.0,0.0,clear,0.263333,0.266957,0.623833,0.192175,447.0,4835.0,4833.0
641.0,22/3/12,fall,1.0,3.0,no,2.0,1.0,clear,0.2925,0.252376,0.4775,0.160879,1258.0,1530.0,1538.0
150.0,6/8/12,fall,1.0,8.0,no,3.0,1.0,clear,0.225917,0.237048,0.819217,0.0929055,1329.0,5121.0,4128.0
671.0,25/1/11,fall,0.0,1.0,no,5.0,1.0,clear,0.63125,0.624583,0.619167,0.201583,1417.0,5308.0,6685.0
695.0,14/9/11,summer,0.0,9.0,no,2.0,1.0,clear,0.276083,0.3175,0.5825,0.252714,439.0,3079.0,2162.0
549.0,22/12/11,spring,0.0,12.0,no,2.0,1.0,clear,0.680833,0.751667,0.63617,0.173763,812.0,2567.0,5499.0
558.0,23/6/12,spring,0.0,6.0,no,2.0,1.0,few clouds,0.385833,0.386642,0.485925,0.094596,635.0,3129.0,5026.0
377.0,3/10/11,fall,0.0,10.0,no,3.0,0.0,few clouds,0.333333,0.333413,0.65,0.252867,1046.0,3808.0,3523.0
392.0,19/9/12,summer,1.0,9.0,no,6.0,1.0,clear,0.68,0.6325,0.755833,0.291667,1083.0,5912.0,3194.0
839.0,3/8/11,fall,0.0,8.0,no,2.0,1.0,clear,0.622167,0.591383,0.685833,0.165437,639.0,1763.0,1607.0
454.0,11/5/11,spring,0.0,5.0,no,5.0,1.0,few clouds,0.598333,0.607915,0.5375,0.1425,612.0,5956.0,7359.0
39.0,22/1/12,fall,1.0,1.0,no,4.0,1.0,clear,0.5525,0.530829,0.7875,0.221617,340.0,5066.0,6273.0
621.0,16/6/11,summer,0.0,6.0,no,5.0,1.0,few clouds,0.64,0.624688,0.676667,0.0358,795.0,5555.0,5495.0
706.0,27/1/12,spring,1.0,1.0,no,6.0,1.0,few clouds,0.75375,0.725821,0.734167,0.102833,613.0,639.0,627.0
552.0,24/4/11,spring,0.0,4.0,no,1.0,0.0,clear,0.271667,0.240525,0.6975,0.228725,1092.0,3054.0,3831.0
484.0,21/6/11,winter,0.0,6.0,no,5.0,1.0,few clouds,0.483333,0.481667,0.5875,0.070421,479.0,3820.0,4189.0
642.0,29/5/12,fall,1.0,5.0,no,0.0,1.0,few clouds,0.446667,0.4425,0.545817,0.0875,459.0,3840.0,3974.0
529.0,1/1/12,winter,1.0,1.0,no,0.0,0.0,clear,0.6575,0.653063,0.818333,0.171562,639.0,4665.0,5810.0
542.0,21/5/12,spring,1.0,5.0,no,4.0,1.0,clear,0.705787,0.638383,0.341767,0.265833,677.0,3996.0,7836.0
27.0,15/9/11,spring,0.0,9.0,no,3.0,1.0,few clouds,0.745167,0.710833,0.666783,0.212174,645.0,2650.0,2210.0
695.0,3/11/11,summer,0.0,11.0,no,4.0,1.0,few clouds,0.6675,0.667025,0.580433,0.156973,674.0,3292.0,5511.0
638.0,24/9/12,summer,1.0,9.0,no,6.0,0.0,clear,0.2875,0.285833,0.3925,0.174287,891.0,4261.0,3894.0
3.0,6/5/11,spring,0.0,5.0,no,6.0,1.0,clear,0.75,0.752567,0.830833,0.157967,991.0,1354.0,1349.0
604.0,3/9/11,fall,1.0,9.0,no,4.0,1.0,clear,0.4275,0.430836,0.917083,0.1708,498.0,5208.0,5986.0
573.0,11/3/12,summer,1.0,3.0,no,0.0,1.0,clear,0.6625,0.641669,0.717167,0.184858,2192.0,5451.0,5424.0
513.0,10/9/12,fall,1.0,9.0,no,4.0,1.0,clear,0.167,0.165825,0.769167,0.173683,1042.0,2115.0,8555.0
564.0,19/10/12,spring,1.0,10.0,no,5.0,0.0,few clouds,0.4475,0.446645,0.687917,0.133358,1620.0,5808.0,605.0
554.0,1/8/11,fall,0.0,8.0,no,5.0,1.0,clear,0.60625,0.604467,0.471667,0.087083,1883.0,696.0,7175.0
629.0,16/4/11,fall,0.0,4.0,no,1.0,1.0,clear,0.63333,0.7175,0.73,0.172933,684.0,7411.0,7421.0
541.0,11/7/12,fall,1.0,7.0,no,3.0,1.0,few clouds,0.6675,0.672075,0.6662,0.117083,48.0,6755.0,7446.0
652.0,4/3/11,fall,1.0,3.0,no,2.0,1.0,clear,0.265833,0.247945,0.635417,0.171052,1092.0,4020.0,6544.0
542.0,14/4/12,fall,1.0,4.0,no,6.0,1.0,clear,0.637333,0.671817,0.666567,0.141375,14.0,5792.0,6192.0
892.0,21/2/11,winter,0.0,2.0,no,4.0,1.0,few clouds,0.3125,0.254826,0.5775,0.235421,1412.0,4333.0,4968.0
10.0,5/11/12,summer,1.0,11.0,no,4.0,0.0,clear,0.441667,0.442258,0.69,0.232558,543.0,3308.0,2162.0
463.0,27/1/11,summer,1.0,1.0,no,5.0,1.0,clear,0.417167,0.417692,0.7,0.255917,541.0,3240.0,4590.0
646.0,11/4/12,winter,1.0,4.0,no,0.0,0.0,clear,0.531783,0.552029,0.504787,0.151654,679.0,2726.0,4790.0
517.0,14/4/12,fall,1.0,4.0,no,2.0,1.0,clear,0.483333,0.494875,0.711125,0.0965283,446.0,3142.0,3910.0
613.0,1/11/12,fall,1.0,11.0,no,5.0,0.0,clear,0.1825,0.184585,0.65,0.167567,904.0,5208.0,3747.0
462.0,22/2/12,spring,1.0,2.0,no,2.0,1.0,clear,0.634333,0.5825,0.6205,0.167967,539.0,6108.0,6685.0
534.0,17/6/12,summer,1.0,6.0,no,4.0,1.0,few clouds,0.6675,0.6675,0.664167,0.162559,1472.0,4883.0,5531.0
513.0,4/5/12,winter,1.0,5.0,no,2.0,1.0,clear,0.510833,0.545842,0.473375,0.19053,617.0,5458.0,5180.0
191.0,18/3/11,fall,0.0,3.0,no,3.0,1.0,clear,0.567317,0.541167,0.5625,0.113788,678.0,4696.0,920.0
632.0,2/10/11,winter,0.0,10.0,no,3.0,1.0,few clouds,0.29375,0.291081,0.6917,0.216808,1366.0,7414.0,7836.0
6.0,20/6/11,fall,0.0,6.0,no,4.0,1.0,few clouds,0.3425,0.356646,0.752917,0.0825667,692.0,4362.0,4758.0
706.0,24/9/12,spring,1.0,9.0,no,6.0,1.0,clear,0.683333,0.710833,0.730833,0.185849,1163.0,4685.0,3761.0
691.0,11/5/12,spring,0.0,5.0,no,2.0,1.0,clear,0.845167,0.7389629,0.812083,0.103425,646.0,3842.0,683.0
622.0,19/6/11,spring,0.0,6.0,no,3.0,1.0,few clouds,0.5,0.491267,0.5125,0.142883,532.0,6058.0,6230.0
558.0,1/9/11,spring,0.0,9.0,yes,1.0,1.0,clear,0.5,0.540833,0.829167,0.0875375,1066.0,1009.0,1263.0
792.0,4/11/12,winter,0.0,11.0,no,0.0,0.0,few clouds,0.4575,0.461829,0.493333,0.156917,598.0,3427.0,3068.0
513.0,12/11/12,summer,1.0,11.0,no,3.0,1.0,clear,0.750833,0.542083,0.64625,0.182083,1554.0,3446.0,3644.0
269.0,5/4/12,winter,1.0,4.0,no,7.0,0.0,few clouds,0.550833,0.548075,0.63617,0.122557,568.0,4192.0,4585.0
546.0,9/12/12,winter,1.0,12.0,no,2.0,0.0,few clouds,0.520417,0.564667,0.582083,0.072862,696.0,4883.0,4186.0
506.0,3/11/12,summer,1.0,11.0,no,6.0,0.0,clear,0.39,0.354928,0.746667,0.1679,13.0,5796.0,7030.0
592.0,12/4/11,spring,0.0,4.0,no,1.0,1.0,few clouds,0.4666667,0.460875,0.7775,0.220833,3142.0,5180.0,5302.0
509.0,23/4/12,winter,1.0,4.0,no,1.0,0.0,few clouds,0.666667,0.724125,0.543333,0.181292,513.0,5489.0,6778.0
609.0,17/10/12,spring,1.0,10.0,no,1.0,0.0,few clouds,0.649167,0.649154,0.7675,0.113567,641.0,2920.0,2277.0
605.0,15/8/11,summer,1.0,8.0,no,2.0,1.0,clear,0.6275,0.677575,0.756667,0.0813583,1452.0,6359.0,6192.0
724.0,22/3/12,spring,0.0,3.0,no,5.0,1.0,clear,0.4475,0.406525,0.75,0.151775,984.0,34.0,3095.0
538.0,6/5/12,spring,0.0,5.0,no,4.0,0.0,few clouds,0.491667,0.490562,0.5475,0.162905,1440.0,5319.0,5558.0
1313.0,23/12/12,fall,1.0,12.0,no,4.0,1.0,clear,0.739167,0.742933,0.766375,0.110833,791.0,1410.0,1360.0
604.0,26/8/12,summer,1.0,8.0,no,0.0,0.0,clear,0.455083,0.469625,0.625833,0.168958,2330.0,3096.0,6778.0
583.0,16/4/12,spring,1.0,4.0,no,3.0,1.0,clear,0.291737,0.291567,0.616667,0.195125,641.0,3174.0,3068.0
596.0,11/12/12,summer,1.0,12.0,no,6.0,1.0,clear,0.225,0.2225,0.59,0.1475,997.0,2424.0,3267.0
517.0,20/8/11,summer,0.0,8.0,no,6.0,1.0,few clouds,0.56667,0.537917,0.766667,0.095428,558.0,5359.0,7534.0
541.0,3/2/11,winter,0.0,2.0,no,4.0,1.0,clear,0.532933,0.623174,0.624667,0.142291,1169.0,3839.0,4058.0
464.0,14/4/12,spring,0.0,4.0,no,4.0,1.0,clear,0.16,0.167078,0.822333,0.170917,1177.0,3383.0,1416.0
359.0,19/11/11,summer,0.0,11.0,no,1.0,1.0,clear,0.583333,0.590542,0.49375,0.0634,665.0,5583.0,7058.0
758.0,2/12/12,spring,1.0,12.0,no,0.0,1.0,clear,0.2925,0.302046,0.49,0.177575,3.0,5665.0,6312.0
111.0,29/5/12,spring,1.0,5.0,no,2.0,1.0,clear,0.4975,0.469635,0.691667,0.186542,3102.0,907.0,1162.0
517.0,15/11/11,winter,0.0,11.0,no,1.0,1.0,clear,0.262425,0.258836,0.6825,0.156529,592.0,639.0,4400.0
717.0,3/3/12,spring,0.0,3.0,no,3.0,1.0,few clouds,0.291667,0.29062,0.583333,0.346867,495.0,2934.0,2914.0
648.0,3/6/12,winter,0.0,6.0,no,4.0,0.0,clear,0.490467,0.564696,0.624333,0.18047083,3141.0,5946.0,6043.0
541.0,2/7/11,spring,0.0,7.0,no,4.0,1.0,clear,0.622333,0.638333,0.7475,0.125391,1346.0,1835.0,1607.0
616.0,7/7/11,winter,1.0,7.0,no,2.0,1.0,clear,0.653333,0.6408,0.545833,0.234566,839.0,4735.0,6685.0
609.0,25/10/12,spring,1.0,10.0,no,3.0,0.0,clear,0.25,0.244862,0.473333,0.1625,792.0,6379.0,4592.0
394.0,24/12/12,spring,1.0,12.0,no,5.0,1.0,clear,0.483333,0.482567,0.6975,0.164583,975.0,3868.0,4717.0
535.0,24/11/11,summer,0.0,11.0,no,4.0,0.0,few clouds,0.397967,0.375833,0.664625,0.237094,1260.0,7320.0,7691.0
988.0,20/7/12,summer,0.0,7.0,no,5.0,1.0,clear,0.73333,0.739333,0.7225,0.352917,10.0,6861.0,6966.0
639.0,19/6/12,summer,0.0,6.0,no,6.0,1.0,clear,0.580833,0.521346,0.647917,0.181487,496.0,8192.0,8227.0
447.0,29/9/11,summer,0.0,9.0,no,0.0,0.0,clear,0.522917,0.463046,0.806667,0.2254,621.0,5461.0,605.0
562.0,6/3/11,spring,0.0,3.0,no,1.0,1.0,clear,0.455417,0.4675,0.5,0.160833,653.0,5025.0,4484.0
552.0,4/7/12,summer,1.0,7.0,no,3.0,1.0,few clouds,0.65375,0.622167,0.6675,0.142592,896.0,4862.0,4539.0
639.0,14/2/11,summer,0.0,2.0,no,5.0,1.0,clear,0.57,0.591713,0.54,0.142458,1279.0,1048.0,1204.0
471.0,24/6/12,summer,1.0,6.0,no,6.0,1.0,clear,0.706667,0.7266633,0.5,0.175479,896.0,4058.0,3940.0
522.0,25/3/12,winter,0.0,3.0,no,4.0,1.0,clear,0.57,0.572917,0.725833,0.1075,667.0,1538.0,1341.0
696.0,20/11/12,summer,0.0,11.0,no,4.0,1.0,clear,0.217417,0.225738,0.654583,0.1575,3.0,4461.0,7592.0
649.0,24/3/12,winter,1.0,3.0,no,4.0,1.0,clear,0.5,0.50539,0.5025,0.0979167,892.0,2749.0,3053.0
576.0,26/1/12,winter,1.0,1.0,no,4.0,1.0,few clouds,0.64,0.530826,0.60625,0.163433,1352.0,5665.0,5740.0
321.0,9/9/12,spring,1.0,9.0,no,6.0,1.0,clear,0.569167,0.504595,0.6875,0.189567,1533.0,1395.0,1529.0
659.0,1/5/12,winter,1.0,5.0,no,3.0,1.0,few clouds,0.2675,0.262283,0.473333,0.1475,817.0,4458.0,4128.0
571.0,22/7/11,fall,0.0,7.0,no,0.0,0.0,clear,0.393333,0.406093,0.5925,0.126858,1803.0,3790.0,1013.0
583.0,14/2/12,spring,1.0,2.0,no,4.0,1.0,clear,0.5575,0.520425,0.4875,0.241612,1436.0,1560.0,3243.0
548.0,9/2/11,spring,0.0,2.0,no,2.0,1.0,clear,0.645833,0.529541,0.756967,0.132216,479.0,4697.0,5115.0
634.0,5/12/12,fall,1.0,12.0,no,4.0,1.0,clear,0.570833,0.594092,0.595833,0.124929,897.0,898.0,5905.0
533.0,22/9/12,summer,1.0,9.0,no,3.0,1.0,clear,0.383333,0.381788,0.606667,0.167521,439.0,3675.0,5119.0
39.0,17/10/12,winter,1.0,10.0,no,4.0,1.0,clear,0.666667,0.635833,0.539167,0.229133,1234.0,4041.0,7591.0
17.0,23/1/12,fall,0.0,1.0,no,1.0,1.0,clear,0.363333,0.365875,0.7545,0.133475,1120.0,2113.0,1712.0
513.0,9/10/12,fall,1.0,10.0,no,3.0,1.0,clear,0.5625,0.570871,0.796667,0.2545,754.0,6868.0,6572.0
7.0,1/6/12,winter,1.0,6.0,no,1.0,0.0,clear,0.6195,0.603754,0.7175,0.194958,6869.0,4062.0,4375.0
438.0,18/10/11,winter,0.0,10.0,no,1.0,1.0,clear,0.276667,0.271639,0.58,0.181342,679.0,2267.0,2210.0
511.0,28/4/12,winter,0.0,4.0,no,3.0,1.0,clear,0.5225,0.536652,0.5825,0.175833,554.0,2740.0,3204.0
437.0,13/11/12,fall,0.0,11.0,no,4.0,1.0,few clouds,0.65,0.655863,0.755833,0.093578,2225.0,2778.0,4484.0
618.0,31/10/11,winter,0.0,10.0,no,2.0,0.0,clear,0.55,0.4875,0.78,0.152583,531.0,3642.0,3784.0
744.0,21/10/12,spring,1.0,10.0,no,0.0,0.0,clear,0.66,0.610833,0.7475,0.184883,661.0,3823.0,5923.0
604.0,13/5/12,spring,1.0,5.0,no,1.0,0.5825,clear,0.58,0.574521,0.539167,0.153729,633.0,1601.0,1891.0
622.0,27/2/12,summer,0.0,2.0,no,0.0,0.0,clear,0.83333,0.810867,0.634167,0.18086689,1404.0,3515.0,3322.0
623.0,5/10/12,fall,1.0,10.0,no,2.0,1.0,clear,0.540833,0.561417,0.796783,0.234613,1221.0,3855.0,4098.0
513.0,27/8/12,summer,0.0,8.0,no,4.0,0.0,few clouds,0.545833,0.5725,0.635833,0.1807,1391.0,3296.0,3285.0
394.0,28/4/11,fall,0.0,4.0,no,5.0,1.0,clear,0.420833,0.430825,0.66,0.242213,687.0,2913.0,2913.0
186.0,7/7/11,summer,0.0,7.0,no,2.0,1.0,clear,0.466167,0.484754,0.595833,0.142662,1199.0,2471.0,2802.0
654.0,25/2/11,fall,0.0,2.0,no,1.0,1.0,clear,0.565,0.55467,0.69,0.103925,987.0,7458.0,7461.0
748.0,18/6/12,winter,0.0,6.0,no,3.0,1.0,clear,0.683333,0.687048,0.8575,0.126917,945.0,7492.0,7713.0
545.0,9/8/12,summer,1.0,8.0,no,1.0,1.0,clear,0.310833,0.3625,0.625817,0.1588,1349.0,5042.0,4968.0
568.0,9/6/12,summer,0.0,6.0,no,4.0,1.0,few clouds,0.812333,0.829167,0.7275,0.2625,523.0,5641.0,5342.0
511.0,30/12/11,fall,0.0,12.0,no,0.26,1.0,clear,0.396833,0.397083,0.593333,0.1106,454.0,3175.0,5976.0
508.0,27/1/12,winter,1.0,1.0,no,2.0,1.0,clear,0.521929,0.530417,0.70625,0.1857,9.0,3175.0,6871.0
3.0,17/6/12,spring,0.0,6.0,no,1.0,0.0,clear,0.4125,0.437826,0.5,0.147071,879.0,4430.0,4460.0
639.0,29/3/12,fall,1.0,3.0,no,1.0,1.0,clear,0.59375,0.624125,0.637833,0.162871,948.0,5362.0,5046.0
569.0,20/1/12,summer,1.0,1.0,no,0.0,1.0,clear,0.6,0.623792,0.530475,0.292417,1251.0,5169.0,5255.0
468.0,4/4/11,summer,1.0,4.0,no,3.0,1.0,few clouds,0.6425,0.677917,0.71667,0.155833,746.0,3770.0,4333.0
676.0,10/11/12,winter,1.0,11.0,no,1.0,1.0,few clouds,0.64,0.650538,0.5725,0.097545,1229.0,2727.0,705.0
482.0,17/1/11,summer,0.0,1.0,no,0.0,0.0,clear,0.546667,0.5425,0.858167,0.102367,918.0,3113.0,2114.0
683.0,15/1/11,spring,1.0,1.0,no,4.0,1.0,clear,0.520817,0.418933,0.5745,0.161667,1134.0,3189.0,2294.0
496.0,16/2/12,winter,1.0,2.0,no,0.0,0.0,clear,0.603333,0.507072,0.67,0.172533,563.0,4458.0,4826.0
617.0,16/3/11,spring,0.0,3.0,no,2.0,1.0,few clouds,0.670833,0.590633,0.539167,0.187833,706.0,4330.0,4332.0
5.0,29/4/12,spring,1.0,4.0,no,5.0,1.0,clear,0.2325,0.231667,0.726667,0.166571,647.0,3470.0,4187.0
513.0,19/9/11,spring,0.0,9.0,no,0.0,0.0,clear,0.7,0.622258,0.46,0.085829,1832.0,4657.0,3644.0
746.0,22/5/12,winter,1.0,5.0,no,1.0,1.0,clear,0.4665,0.435833,0.65,0.131175,671.0,4736.0,4521.0
437.0,19/7/11,summer,0.0,7.0,no,3.0,1.0,few clouds,0.537833,0.535833,0.661467,0.2696,3.0,5121.0,4891.0
509.0,28/7/12,fall,0.0,7.0,no,3.0,1.0,clear,0.343333,0.341767,0.633333,0.125,3.0,4344.0,4023.0
521.0,6/2/12,winter,1.0,2.0,no,4.0,1.0,few clouds,0.3925,0.395022,0.724083,0.169125,12.0,6308.0,5046.0
621.0,17/11/12,winter,1.0,11.0,no,5.0,1.0,clear,0.291667,0.29291783,0.7075,0.186533,679.0,4771.0,4066.0
534.0,13/7/12,summer,1.0,7.0,no,2.0,1.0,clear,0.468333,0.46171312,0.646217,0.142887,486.0,3126.0,3872.0
251.0,17/1/11,fall,0.0,1.0,no,0.0,0.0,clear,0.5325,0.610838,0.691667,0.0178583,1472.0,7992.0,7415.0
8.0,7/10/12,fall,1.0,10.0,no,5.0,0.0,clear,0.3375,0.3067,0.604783,0.1825,674.0,1763.0,1605.0
705.0,29/3/11,summer,0.0,3.0,no,4.0,1.0,clear,0.430417,0.422917,0.73567,0.154568,739.0,886.0,4359.0
471.0,14/6/12,winter,1.0,6.0,no,3.0,1.0,clear,0.195833,0.185543,0.81713,0.1667,1495.0,7665.0,5499.0
558.0,23/10/11,spring,1.0,10.0,no,0.0,1.0,clear,0.5425,0.537812,0.49375,0.132917,924.0,3296.0,7055.0
697.0,18/5/11,spring,0.0,5.0,no,4.0,1.0,clear,0.5,0.490867,0.657083,0.192767,12.0,2666.0,1996.0
738.0,17/5/11,winter,1.0,5.0,no,3.0,1.0,clear,0.270733,0.273521,0.7975,0.206679,844.0,2238.0,3068.0
562.0,16/5/12,spring,0.0,5.0,no,4.0,1.0,clear,0.5,0.566527,0.948333,0.1259,659.0,4354.0,3659.0
484.0,27/1/12,summer,1.0,1.0,no,4.0,0.0,few clouds,0.7025,0.76667,0.752917,0.136521,629.0,2775.0,7693.0
484.0,3/1/11,fall,1.0,1.0,no,5.0,1.0,clear,0.5325,0.539182,0.702083,0.307087,679.0,6115.0,6207.0
511.0,26/12/12,fall,1.0,12.0,no,0.0,1.0,clear,0.620833,0.647066,0.766583,0.232875,2206.0,5208.0,5204.0
441.0,19/5/11,spring,0.0,5.0,no,4.0,1.0,few clouds,0.274917,0.320433,0.543333,0.117846,1236.0,3875.0,2895.0
468.0,31/3/12,fall,1.0,3.0,no,6.0,1.0,few clouds,0.493333,0.484825,0.7025,0.1775,1092.0,3875.0,3422.0
224.0,11/11/11,winter,0.0,11.0,no,6.0,1.0,clear,0.539167,0.546754,0.655417,0.030829,997.0,3033.0,2210.0
678.0,17/9/12,summer,1.0,9.0,no,1.0,1.0,clear,0.653333,0.837692,0.717333,0.132925,554.0,5777.0,5582.0
7.0,23/3/11,spring,0.0,3.0,no,1.0,1.0,clear,0.654167,0.555833,0.722167,0.245775,1705.0,2741.0,2424.0
567.0,5/6/11,summer,0.0,6.0,no,5.0,1.0,clear,0.6675,0.660867,0.5925,0.183483,879.0,3156.0,1944.0
516.0,6/6/11,summer,0.0,6.0,no,4.0,1.0,clear,0.5625,0.47,0.75,0.122846,471.0,612.0,6685.0
3.0,25/8/12,summer,1.0,8.0,no,0.0,1.0,clear,0.568333,0.532667,0.6775,0.1475,779.0,4665.0,4966.0
527.0,6/10/12,summer,1.0,10.0,no,3.0,1.0,few clouds,0.573333,0.570833,0.654829,0.157088,1029.0,2475.0,2121.0
614.0,2/7/11,winter,1.0,7.0,no,1.0,0.0,clear,0.610833,0.594073,0.691667,0.1270792,1040.0,807.0,801.0
696.0,6/11/12,fall,1.0,11.0,no,5.0,1.0,clear,0.635833,0.6029,0.546554,0.21,539.0,905.0,6891.0
463.0,18/5/11,fall,1.0,5.0,no,2.0,1.0,clear,0.2775,0.242918,0.3575,0.1075,3142.0,3153.0,3456.0
481.0,4/6/12,spring,1.0,6.0,no,2.0,1.0,clear,0.716667,0.624208,0.706375,0.113696,706.0,689.0,6624.0
568.0,4/4/11,spring,1.0,4.0,no,0.0,0.0,clear,0.4875,0.443048,0.492857,0.162958,1392.0,4204.0,4881.0
521.0,24/6/11,fall,1.0,6.0,no,6.0,1.0,clear,0.591667,0.535417,0.7425,0.182758,742.0,4363.0,4575.0
634.0,2/1/11,spring,0.0,1.0,no,6.0,1.0,clear,0.221721,0.247558,0.646083,0.080489,645.0,4604.0,4585.0
1.0,3/11/12,summer,1.0,11.0,no,5.0,1.0,few clouds,0.659167,0.661929,0.5875,0.141758,749.0,3808.0,3292.0
628.0,23/3/12,spring,1.0,3.0,no,3.0,1.0,few clouds,0.611667,0.6525,0.583333,0.066208,541.0,5891.0,7504.0
53.0,2/7/11,summer,0.0,7.0,no,4.0,1.0,clear,0.683333,0.620138,0.79375,0.072592,692.0,5583.0,5532.0
542.0,25/8/11,summer,0.0,8.0,no,5.0,1.0,few clouds,0.3575,0.352566,0.75,0.1775,13.0,3760.0,3767.0
603.0,26/9/11,summer,0.0,9.0,no,2.0,1.0,clear,0.66,0.6699,0.5,0.172083,783.0,5404.0,5146.0
517.0,10/6/12,fall,1.0,6.0,no,6.0,1.0,clear,0.6,0.618167,0.724167,0.232967,541.0,3458.0,4672.0
514.0,25/10/11,winter,0.0,10.0,no,0.0,0.0,few clouds,0.393333,0.381858,0.69375,0.282083,3275.0,2058.0,3649.0
542.0,20/2/11,summer,1.0,2.0,no,6.0,1.0,few clouds,0.69,0.682667,0.95833,0.187523,758.0,6483.0,6153.0
6.0,9/6/12,summer,1.0,6.0,no,3.0,1.0,clear,0.453917,0.451025,0.45625,0.156917,545.0,7592.0,7498.0
633.0,11/2/12,summer,1.0,2.0,no,6.0,1.0,clear,0.660833,0.616383,0.745833,0.225865,3227.0,3644.0,3649.0
554.0,16/8/12,spring,0.0,8.0,no,3.0,1.0,clear,0.206667,0.204912,0.703383,0.1325,709.0,1595.0,1607.0
617.0,18/2/08,spring,1.0,2.0,no,5.0,1.0,clear,0.683333,0.780833,0.673333,0.185833,679.0,3846.0,3831.0
631.0,28/6/12,winter,0.0,6.0,no,2.0,1.0,clear,0.483333,0.481675,0.908333,0.2625,1088.0,4492.0,4672.0
611.0,1/10/11,spring,0.0,10.0,no,0.0,1.0,few clouds,0.234763,0.232296,0.71,0.2325,1716.0,1041.0,1096.0
554.0,27/2/12,summer,1.0,2.0,no,2.0,1.0,clear,0.4577,0.41542,0.6975,0.230111,1371.0,3917.0,4274.0
534.0,9/4/11,winter,0.0,4.0,no,4.0,1.0,clear,0.619167,0.619093,0.570833,0.147567,1592.0,4678.0,4669.0
722.0,21/3/11,fall,1.0,3.0,no,0.0,0.0,clear,0.634833,0.647925,0.670817,0.143633,586.0,5665.0,5633.0
0.0,3/5/11,summer,0.0,5.0,no,1.0,1.0,clear,0.6075,0.6075,0.6625,0.2525,779.0,4458.0,4866.0
4.0,3/9/11,winter,0.0,9.0,no,1.0,1.0,few clouds,0.65,0.7275,0.7275,0.203958,962.0,4792.0,4294.0
565.0,15/5/12,winter,0.0,5.0,no,0.0,1.0,clear,0.6,0.5875,0.908333,0.110958,3718.0,5671.0,6772.0
779.0,6/1/12,summer,1.0,1.0,no,5.0,1.0,clear,0.564167,0.542663,0.55,0.2275,607.0,829.0,801.0
2.0,18/4/11,winter,0.0,4.0,no,5.0,1.0,few clouds,0.291667,0.29071,0.593583,0.190433,537.0,5204.0,6966.0
548.0,20/10/11,fall,0.0,10.0,no,2.0,1.0,clear,0.2925,0.291805,0.862083,0.2775,763.0,4192.0,4725.0
59.0,5/11/12,fall,0.0,11.0,no,5.0,1.0,clear,0.6675,0.635383,0.534833,0.122058,575.0,3935.0,5566.0
696.0,8/1/12,fall,0.0,1.0,no,1.0,0.0,clear,0.5775,0.6035,0.645867,0.160927,742.0,1260.0,1341.0
4.0,24/1/11,summer,0.0,1.0,no,0.0,1.0,clear,0.463333,0.487563,0.6875,0.2465,995.0,5698.0,5459.0
516.0,10/3/11,summer,1.0,3.0,no,1.0,0.0,clear,0.423333,0.394545,0.7,0.1725,787.0,2658.0,7335.0
791.0,29/12/11,winter,0.0,12.0,no,1.0,0.0,clear,0.45625,0.435425,0.777083,0.1913,1245.0,2439.0,2376.0
533.0,24/6/11,fall,1.0,6.0,no,2.0,1.0,clear,0.6625,0.643567,0.5775,0.087548,679.0,4169.0,3005.0
49.0,17/6/11,winter,0.0,1.0,no,3.0,0.0,clear,0.7075,0.581412,0.703333,0.187,2427.0,4834.0,4833.0
613.0,5/9/11,fall,1.0,9.0,no,1.0,1.0,clear,0.673333,0.662838,0.494583,0.164871,1279.0,5115.0,5557.0
636.0,16/9/12,winter,1.0,9.0,no,6.0,1.0,clear,0.483333,0.455054,0.560833,0.174587,1279.0,8458.0,8156.0
366.0,12/7/11,summer,1.0,7.0,no,4.0,1.0,clear,0.453333,0.4475,0.5775,0.131397,1058.0,4058.0,3894.0
633.0,5/1/12,winter,1.0,1.0,no,5.0,1.0,clear,0.741667,0.731424,0.586667,0.172917,9.0,2622.0,5382.0
513.0,26/7/12,summer,1.0,7.0,no,7.0,1.0,clear,0.7333333,0.710833,0.687083,0.293092,2055.0,3836.0,3831.0
629.0,9/12/11,fall,0.0,12.0,no,4.0,1.0,clear,0.5,0.567408,0.390833,0.261733,929.0,5027.0,2028.0
538.0,24/7/12,fall,0.0,7.0,no,6.0,0.0,few clouds,0.417,0.421271,0.4358,0.363833,1511.0,1809.0,1807.0
724.0,6/8/12,summer,1.0,6.0,no,2.0,1.0,clear,0.56667,0.520417,0.67,0.242842,696.0,3812.0,4553.0
48.0,5/5/12,winter,1.0,5.0,no,2.0,1.0,clear,0.64625,0.592658,0.959167,0.108404,544.0,3980.0,4669.0
373.0,6/11/11,summer,0.0,11.0,no,5.0,1.0,few clouds,0.67,0.6375,0.818333,0.193558,1296.0,4533.0,4629.0
163.0,6/13/12,summer,1.0,13.0,no,0.630833,1.0,clear,0.6,0.554583,0.645867,0.1966,736.0,1546.0,2177.0
39.0,29/4/12,winter,1.0,4.0,no,0.0,1.0,clear,0.205833,0.204917,0.69625,0.151548,310.0,3023.0,7264.0
535.0,24/8/12,winter,1.0,8.0,no,2.0,1.0,clear,0.251667,0.255047,0.634167,0.132957,454.0,4696.0,7421.0
913.0,14/5/12,winter,4.0,5.0,no,5.0,1.0,clear,0.7,0.764129,0.6775,0.231783,842.0,4459.0,2424.0
181.0,30/8/11,fall,0.0,8.0,no,3.0,1.0,clear,0.5475,0.5325,0.6975,0.107083,742.0,4595.0,7421.0
511.0,7/6/11,winter,0.0,6.0,no,0.0,1.0,clear,0.6825,0.664167,0.7125,0.271867,839.0,6144.0,6041.0
454.0,20/8/11,winter,0.0,8.0,no,6.0,1.0,clear,0.6,0.613333,0.869583,0.097083,1354.0,2535.0,2765.0
255.0,2/4/11,summer,0.0,4.0,no,5.0,1.0,few clouds,0.664333,0.667083,0.683333,0.251348,895.0,3847.0,2493.0
491.0,8/5/12,fall,1.0,5.0,no,6.0,1.0,clear,0.716667,0.687912,0.4175,0.145837,1175.0,5034.0,5047.0
487.0,8/6/12,summer,1.0,6.0,no,1.0,0.0,clear,0.59,0.542925,0.769583,0.180825,589.0,3621.0,4833.0
675.0,6/7/12,summer,1.0,7.0,no,6.0,0.0,clear,0.586667,0.586667,0.770817,0.124563,1054.0,2917.0,2475.0
492.0,29/2/11,summer,0.0,2.0,no,2.0,1.0,clear,0.272725,0.272521,0.5775,0.122059,913.0,4363.0,4996.0
37.0,11/7/12,winter,1.0,7.0,no,3.0,1.0,clear,0.491767,0.49575,0.666675,0.166725,1042.0,3948.0,3740.0
25.0,30/12/11,winter,1.0,12.0,no,2.0,1.0,clear,0.543333,0.567379,0.538333,0.165417,621.0,2320.0,2659.0
568.0,1/6/11,summer,0.0,6.0,no,5.0,1.0,clear,0.231667,0.231796,0.622,0.363783,1030.0,4348.0,4010.0
717.0,10/2/11,spring,0.0,2.0,no,4.0,1.0,clear,0.2917,0.298169,0.724167,0.2475,829.0,1529.0,2077.0
788.0,6/8/11,winter,0.0,8.0,no,4.0,1.0,clear,0.2825,0.284463,0.7025,0.071479,534.0,2966.0,2429.0
647.0,26/10/11,summer,1.0,10.0,no,1.0,0.0,clear,0.580833,0.533333,0.721667,0.135858,996.0,746.0,7736.0
663.0,10/5/11,spring,1.0,5.0,no,0.0,0.0,clear,0.5475,0.515834,0.483333,0.135042,675.0,4060.0,1606.0
638.0,8/4/12,winter,0.0,4.0,no,0.0,1.0,few clouds,0.468533,0.4515,0.581667,0.175425,579.0,5458.0,7359.0
634.0,11/12/11,fall,1.0,12.0,no,0.0,1.0,clear,0.264083,0.264854,0.47,0.174513,1549.0,3489.0,3117.0
487.0,24/8/11,spring,1.0,8.0,no,5.0,1.0,clear,0.6,0.616896,0.624583,0.1675,623.0,4665.0,5035.0
663.0,23/1/11,fall,1.0,1.0,no,1.0,1.0,clear,0.719333,0.676667,0.506317,0.234845,1758.0,4379.0,4169.0
596.0,4/1/11,spring,0.0,1.0,no,3.0,1.0,clear,0.619583,0.627392,0.66775,0.156588,1046.0,3451.0,7466.0
672.0,6/11/12,winter,1.0,11.0,no,1.0,1.0,few clouds,0.834821,0.806667,0.848167,0.126596,729.0,5494.0,6978.0
259.0,30/9/12,fall,0.0,9.0,no,0.0,0.0,few clouds,0.661767,0.667058,0.69,0.047513,2808.0,4844.0,7499.0
569.0,17/12/11,winter,0.0,12.0,no,2.0,0.0,clear,0.795833,0.815125,0.795833,0.117083,441.0,5461.0,605.0
679.0,15/8/12,fall,0.0,8.0,no,0.0,0.0,clear,0.530433,0.557825,0.848583,0.1375,2092.0,4261.0,7570.0
596.0,4/6/12,summer,1.0,6.0,no,1.0,1.0,clear,0.455033,0.462522,0.692917,0.04275,1333.0,5863.0,5986.0
563.0,13/9/11,spring,1.0,9.0,no,3.0,1.0,clear,0.553583,0.692883,0.520833,0.1275,359.0,5665.0,7733.0
586.0,23/8/11,winter,0.0,8.0,no,3.0,1.0,clear,0.654167,0.6775,0.737833,0.185833,648.0,1533.0,801.0
5.0,2/9/11,summer,0.0,9.0,no,6.0,1.0,clear,0.583333,0.525821,0.796583,0.1536,2121.0,4665.0,4985.0
611.0,5/6/12,spring,1.0,6.0,no,0.0,1.0,clear,0.5325,0.536267,0.5975,0.252087,3.0,3267.0,3267.0
612.0,30/6/12,winter,1.0,6.0,no,5.0,0.0,clear,0.633333,0.721667,0.492083,0.127842,1851.0,971.0,986.0
254.0,24/2/12,fall,0.0,2.0,no,2.0,0.0,clear,0.54,0.540837,0.525817,0.251821,1084.0,1691.0,3761.0
47.0,15/8/12,fall,1.0,8.0,no,1.0,1.0,clear,0.691667,0.622167,0.869583,0.2215,638.0,4322.0,4511.0
578.0,18/12/12,summer,1.0,12.0,no,0.0,1.0,clear,0.616667,0.729142,0.64,0.2825,859.0,6665.0,6296.0
571.0,8/1/12,fall,0.0,1.0,no,6.0,1.0,clear,0.545845,0.520422,0.922167,0.221042,962.0,639.0,5191.0
38.0,20/5/11,fall,1.0,5.0,no,6.0,1.0,clear,0.45,0.4575,0.797917,0.165829,1449.0,749.0,4352.0
752.0,18/10/12,fall,1.0,10.0,no,3.0,0.0,clear,0.4,0.487567,0.580833,0.1425,1076.0,3450.0,4109.0
531.0,27/8/12,spring,1.0,8.0,no,5.0,1.0,clear,0.5425,0.520433,0.56908,0.177913,907.0,4396.0,5058.0
695.0,26/6/12,winter,1.0,6.0,no,4.0,1.0,clear,0.393333,0.3913,0.5825,0.041209,658.0,6115.0,6606.0
479.0,13/6/12,winter,1.0,6.0,no,6.0,1.0,clear,0.71633,0.622129,0.593333,0.0716,895.0,5454.0,2121.0
9.0,7/5/11,summer,0.0,5.0,no,2.0,1.0,clear,0.5725,0.474463,0.733083,0.167858,539.0,3444.0,795.0
775.0,26/6/11,winter,0.0,6.0,no,2.0,1.0,clear,0.457083,0.457912,0.727583,0.146871,1479.0,888.0,8167.0
478.0,5/10/12,winter,1.0,10.0,no,0.0,1.0,clear,0.653333,0.719071,0.534167,0.154054,1021.0,3346.0,3805.0
471.0,6/12/11,fall,0.0,12.0,no,6.0,1.0,clear,0.643333,0.624171,0.722167,0.121786,2494.0,4056.0,8227.0
898.0,20/1/11,spring,1.0,1.0,no,3.0,1.0,clear,0.345833,0.338333,0.723333,0.211067,646.0,2113.0,2294.0
579.0,22/11/12,summer,1.0,11.0,no,0.0,0.0,clear,0.71667,0.737808,0.670833,0.159917,688.0,5118.0,5170.0
664.0,9/9/12,fall,1.0,9.0,no,6.0,1.0,clear,0.34,0.341721,0.664167,0.143846,1466.0,6296.0,6235.0
665.0,22/8/12,summer,0.0,8.0,no,0.0,0.0,few clouds,0.243333,0.247642,0.739167,0.258867,675.0,4492.0,6421.0
667.0,28/5/12,spring,0.0,5.0,no,6.0,0.0,few clouds,0.593333,0.5925,0.790417,0.2525,974.0,2929.0,7691.0
496.0,24/9/11,fall,0.0,9.0,no,3.0,1.0,clear,0.320833,0.19058,0.953333,0.131129,15.0,3333.0,2169.0
526.0,26/12/11,spring,0.0,12.0,no,4.0,1.0,clear,0.509954,0.491663,0.91877,0.266596,651.0,6258.0,7509.0
579.0,21/1/12,spring,1.0,1.0,no,5.0,1.0,clear,0.667,0.6125,0.81712,0.175,506.0,3371.0,4788.0
7.0,23/3/11,winter,1.0,3.0,no,2.0,1.0,clear,0.456325,0.454583,0.65,0.131162,668.0,3333.0,3926.0
622.0,11/3/11,spring,0.0,3.0,no,0.0,0.0,clear,0.410833,0.410833,0.58375,0.165522,1062.0,6359.0,7403.0
382.0,29/11/11,winter,0.0,11.0,no,3.0,1.0,few clouds,0.4167,0.4175,0.541667,0.231383,1717.0,983.0,1204.0
796.0,2/3/11,winter,1.0,3.0,no,0.0,0.0,few clouds,0.7075,0.727392,0.807917,0.142367,38.0,4379.0,3574.0
576.0,23/1/12,winter,0.0,1.0,no,3.0,1.0,clear,0.34,0.3474,0.716667,0.153521,17.0,6992.0,7410.0
507.0,25/3/12,spring,1.0,3.0,no,3.0,1.0,few clouds,0.731767,0.741083,0.734167,0.284813,513.0,3712.0,1817.0
582.0,11/11/12,summer,1.0,11.0,no,1.0,1.0,clear,0.7,0.724667,0.79,0.2075,2054.0,5741.0,4563.0
511.0,4/4/11,spring,0.0,4.0,no,3.0,1.0,few clouds,0.416767,0.435429,0.4425,0.136683,617.0,3221.0,3204.0
621.0,18/8/12,summer,0.0,8.0,no,1.0,1.0,clear,0.738333,0.73526,0.59375,0.172598,721.0,4261.0,5169.0
674.0,1/4/11,spring,0.0,4.0,no,3.0,1.0,clear,0.2925,0.292917,0.483641,0.141875,758.0,5485.0,5255.0
18.0,15/7/12,fall,1.0,7.0,no,2.0,1.0,clear,0.49,0.5028,0.4875,0.123617,495.0,1675.0,1834.0
714.0,1/8/12,winter,0.0,8.0,no,2.0,0.0,clear,0.37,0.371667,0.79125,0.261467,829.0,1562.0,1301.0
622.0,15/9/11,summer,0.0,9.0,no,1.0,0.0,clear,0.525833,0.520428,0.5875,0.247587,615.0,4383.0,3129.0
533.0,30/9/12,spring,1.0,9.0,no,1.0,1.0,few clouds,0.75,0.764158,0.556667,0.140838,462.0,4459.0,2431.0
695.0,2/7/11,spring,0.0,7.0,no,5.0,1.0,clear,0.583333,0.608875,0.471667,0.1313,1085.0,1167.0,1162.0
68.0,2/2/12,spring,1.0,2.0,no,1.0,0.0,clear,0.739167,0.691667,0.48,0.097062,1191.0,4261.0,5566.0
315.0,17/10/11,winter,1.0,10.0,no,1.0,1.0,clear,0.7425,0.719,0.752467,0.073117,679.0,4323.0,4773.0
14.0,17/3/11,winter,0.0,3.0,no,1.0,0.0,clear,0.716667,0.707033,0.6875,0.210833,2633.0,1459.0,1472.0
676.0,2/7/11,winter,1.0,7.0,no,1.0,1.0,clear,0.607917,0.602023,0.660417,0.183617,779.0,2742.0,2765.0
333.0,8/8/11,spring,1.0,8.0,no,1.0,1.0,clear,0.6,0.456629,0.7175,0.132616,2132.0,2930.0,4826.0
8.0,29/5/12,winter,1.0,5.0,no,4.0,0.0,clear,0.6,0.5925,0.85833,0.263067,631.0,1338.0,7691.0
538.0,27/4/11,winter,0.0,4.0,no,5.0,1.0,clear,0.638333,0.620829,0.7125,0.215083,454.0,3121.0,3574.0
483.0,11/4/11,spring,1.0,4.0,no,3.0,1.0,few clouds,0.252667,0.234562,0.858333,0.167571,784.0,2155.0,2134.0
471.0,3/4/11,spring,1.0,4.0,no,4.0,1.0,clear,0.554167,0.539138,0.639583,0.236667,671.0,4688.0,4656.0
516.0,28/3/11,fall,1.0,3.0,no,1.0,1.0,clear,0.59,0.520878,0.83333,0.162913,1479.0,1130.0,1450.0
6.0,7/10/11,summer,0.0,10.0,no,1.0,1.0,clear,0.553333,0.538333,0.620833,0.2325,3866.0,3862.0,4035.0
583.0,15/1/12,winter,1.0,1.0,no,4.0,1.0,clear,0.21,0.208067,0.55,0.2375,854.0,5187.0,5084.0
554.0,29/2/12,fall,1.0,2.0,no,6.0,1.0,few clouds,0.244867,0.245062,0.708667,0.165084,658.0,3954.0,7290.0
574.0,9/6/11,spring,1.0,6.0,no,1.0,1.0,clear,0.54,0.420833,0.5385,0.181686,687.0,5485.0,5633.0
616.0,10/1/12,winter,1.0,1.0,no,0.0,1.0,few clouds,0.8125,0.752458,0.66,0.165411,692.0,7383.0,3649.0
74.0,18/4/12,fall,0.0,4.0,no,5.0,0.0,clear,0.326667,0.335499,0.69375,0.1625,463.0,1271.0,1204.0
571.0,30/3/12,fall,0.0,3.0,no,1.0,0.0,few clouds,0.343333,0.341792,0.69,0.118292,621.0,4608.0,5686.0
496.0,4/11/12,summer,1.0,11.0,no,5.0,1.0,clear,0.334425,0.348296,0.6633,0.141173,2.0,2108.0,1787.0
541.0,26/1/12,spring,0.0,1.0,no,5.0,1.0,few clouds,0.510833,0.579167,0.4575,0.19,515.0,4792.0,5566.0
509.0,3/7/12,winter,1.0,7.0,no,3.0,0.0,clear,0.716667,0.739158,0.744583,0.118685,3665.0,3240.0,3239.0
604.0,13/10/11,summer,1.0,10.0,no,0.0,0.0,clear,0.6625,0.7663643,0.878333,0.156721,472.0,3545.0,6891.0
696.0,3/9/12,summer,1.0,9.0,no,3.0,1.0,clear,0.7425,0.6236663,0.635833,0.295592,654.0,6113.0,6153.0
10.0,10/7/12,winter,1.0,7.0,no,5.0,1.0,few clouds,0.343333,0.3175,0.521667,0.187529,996.0,1829.0,1872.0
567.0,17/7/11,winter,0.0,7.0,no,3.0,1.0,clear,0.599617,0.531766,0.537917,0.134542,713.0,689.0,7129.0
6.0,8/10/11,fall,1.0,10.0,no,6.0,1.0,few clouds,0.25,0.261657,0.59,0.0918167,1479.0,963.0,3784.0
494.0,4/6/11,winter,0.0,6.0,no,5.0,1.0,few clouds,0.5575,0.550333,0.63,0.342733,469.0,3880.0,6591.0
489.0,16/8/11,summer,1.0,1.0,no,2.0,1.0,clear,0.416733,0.460433,0.530537,0.212133,683.0,1758.0,1787.0
513.0,27/3/12,spring,1.0,3.0,no,1.0,0.0,few clouds,0.7475,0.724,0.738333,0.112963,3175.0,3132.0,3322.0
554.0,26/10/11,spring,0.0,10.0,no,1.0,1.0,clear,0.290825,0.282629,0.945375,0.202906,908.0,1373.0,1360.0
673.0,26/8/12,spring,1.0,8.0,no,4.0,1.0,clear,0.33,0.314621,0.833333,0.231722,1345.0,4339.0,1685.0
541.0,20/4/12,spring,0.0,4.0,no,2.0,1.0,few clouds,0.6125,0.640833,0.632033,0.0429081,1346.0,4339.0,6169.0
479.0,12/6/11,fall,0.0,6.0,no,2.0,1.0,clear,0.5,0.522908,0.83575,0.271854,542.0,4308.0,4484.0
9.0,19/12/11,winter,1.0,12.0,no,1.0,1.0,clear,0.56,0.550815,0.49,0.185417,3187.0,2415.0,1917.0
527.0,5/8/11,summer,1.0,8.0,no,4.0,1.0,clear,0.4325,0.4275,0.69,0.162829,2565.0,4784.0,4656.0
471.0,19/10/12,fall,1.0,10.0,no,5.0,1.0,clear,0.611667,0.651779,0.505033,0.187833,3.0,6371.0,6530.0
613.0,22/9/11,spring,0.0,9.0,no,4.0,1.0,few clouds,0.66375,0.6425,0.592667,0.1775,676.0,3546.0,1985.0
591.0,6/11/12,fall,1.0,11.0,no,4.0,0.0,clear,0.4825,0.482568,0.4575,0.1925,1095.0,3527.0,3351.0
471.0,25/3/11,summer,0.0,3.0,no,3.0,1.0,clear,0.4,0.422871,0.57,0.229883,726.0,4532.0,4460.0
563.0,10/6/11,fall,0.0,6.0,no,0.0,0.0,clear,0.3,0.316125,0.847917,0.141883,1583.0,2566.0,4991.0
716.0,22/10/12,summer,1.0,10.0,no,0.0,1.0,few clouds,0.5325,0.5246,0.4475,0.232925,621.0,5121.0,7410.0
617.0,18/9/12,spring,1.0,9.0,no,2.0,1.0,few clouds,0.4,0.362933,0.573333,0.125975,984.0,6275.0,6392.0
591.0,9/10/12,summer,1.0,10.0,no,1.0,1.0,clear,0.4275,0.455825,0.702867,0.177817,583.0,5698.0,5010.0
595.0,15/1/11,summer,0.0,1.0,no,6.0,1.0,clear,0.5425,0.485833,0.717167,0.152567,749.0,4642.0,3873.0
6.0,2/4/11,fall,0.0,4.0,no,1.0,1.0,few clouds,0.7125,0.8022,0.5775,0.166667,1368.0,3298.0,2455.0
447.0,20/7/12,fall,1.0,7.0,no,0.0,0.0,few clouds,0.2775,0.241167,0.391358,0.166667,859.0,6996.0,6598.0
493.0,10/1/12,winter,0.0,1.0,no,3.0,1.0,clear,0.43,0.435042,0.740817,0.253813,280.0,4839.0,4127.0
4.0,18/11/11,winter,1.0,11.0,no,2.0,1.0,clear,0.430533,0.43913,0.5,0.133917,3812.0,4391.0,4035.0
663.0,21/5/12,winter,1.0,5.0,no,3.0,1.0,clear,0.715833,0.538167,0.7175,0.342833,539.0,5215.0,5532.0
5.0,25/8/11,winter,0.0,8.0,no,1.0,1.0,clear,0.745833,0.731667,0.7425,0.104917,253.0,7054.0,6772.0
7.0,16/1/11,spring,0.0,1.0,no,5.0,1.0,clear,0.543333,0.544754,0.8025,0.190547,829.0,4129.0,4046.0
533.0,11/1/11,fall,0.0,1.0,no,0.0,0.0,clear,0.683333,0.592845,0.687083,0.117775,1166.0,4458.0,4548.0
634.0,6/8/12,summer,1.0,8.0,no,2.0,1.0,few clouds,0.44,0.442958,0.442083,0.175883,881.0,5492.0,5582.0
624.0,20/9/11,winter,1.0,9.0,no,6.0,1.0,clear,0.695833,0.722146,0.520417,0.162025,854.0,4045.0,4195.0
382.0,2/9/12,winter,1.0,9.0,no,1.0,1.0,clear,0.540833,0.540833,0.71525,0.168858,1340.0,2829.0,4905.0
667.0,9/12/11,fall,0.0,12.0,no,3.0,1.0,clear,0.39,0.39,0.581667,0.0379583,662.0,1635.0,1526.0
496.0,24/6/12,summer,1.0,6.0,no,4.0,0.0,clear,0.537933,0.5038125,0.583333,0.206683,854.0,3866.0,3510.0
14.0,8/4/12,fall,0.0,1.0,no,3.0,1.0,few clouds,0.49,0.522845,0.48,0.284063,619.0,3066.0,1550.0
795.0,21/12/11,fall,0.0,12.0,no,1.0,1.0,few clouds,0.393333,0.395067,0.484866,0.0912138,1295.0,4415.0,1550.0
616.0,5/10/11,summer,0.0,10.0,no,3.0,1.0,clear,0.6675,0.7025,0.792917,0.2325,975.0,4048.0,7006.0
12.0,25/5/12,summer,1.0,5.0,yes,3.0,1.0,clear,0.6775,0.527461,0.4925,0.247567,817.0,1696.0,1746.0
673.0,9/4/12,spring,1.0,4.0,no,4.0,1.0,clear,0.620833,0.621629,0.76,0.165833,14.0,2429.0,2431.0
541.0,31/1/11,summer,0.0,1.0,no,5.0,1.0,few clouds,0.630833,0.592858,0.5,0.204587,875.0,2746.0,2947.0
683.0,9/12/11,fall,1.0,12.0,no,5.0,1.0,clear,0.666667,0.655,0.59125,0.142917,1250.0,4458.0,4672.0
517.0,2/8/12,summer,1.0,8.0,no,5.0,1.0,clear,0.391783,0.409633,0.602617,0.2375,3121.0,3308.0,5191.0
517.0,16/11/11,summer,1.0,11.0,no,2.0,0.0,few clouds,0.664333,0.634813,0.66,0.154283,3167.0,2626.0,2689.0
469.0,25/11/12,spring,1.0,11.0,no,2.0,1.0,few clouds,0.4975,0.507088,0.740833,0.174308,645.0,5359.0,5633.0
3.0,27/3/11,spring,0.0,3.0,no,2.0,1.0,clear,0.42,0.255858,0.3,0.192904,1548.0,3740.0,3740.0
494.0,9/9/12,winter,1.0,9.0,no,4.0,1.0,clear,0.65,0.6075,0.6775,0.142917,971.0,5729.0,4660.0
656.0,15/3/12,winter,1.0,3.0,no,0.0,1.0,clear,0.52,0.564391,0.5825,0.127922,981.0,2910.0,3956.0
612.0,11/4/12,winter,0.0,4.0,no,2.0,0.0,clear,0.46,0.447029,0.7125,0.238075,683.0,4417.0,4169.0
607.0,25/6/12,summer,1.0,6.0,no,6.0,0.0,clear,0.2375,0.234465,0.670833,0.247917,687.0,2520.0,4795.0
529.0,18/9/12,summer,1.0,9.0,no,3.0,1.0,clear,0.503333,0.506667,0.45,0.131339,1.0,4536.0,4363.0
744.0,16/9/12,fall,0.0,9.0,no,4.0,1.0,clear,0.59,0.584946,0.571667,0.237513,878.0,4348.0,4058.0
359.0,20/5/11,summer,0.0,5.0,no,4.0,0.0,clear,0.3,0.364833,0.58417,0.264917,574.0,4669.0,4727.0
440.0,6/10/12,fall,1.0,10.0,no,1.0,0.0,clear,0.5325,0.536333,0.741667,0.071415,816.0,559.0,4985.0
538.0,30/2/11,winter,0.0,2.0,no,0.0,0.0,clear,0.5475,0.569082,0.54,0.270875,967.0,4521.0,5170.0
489.0,6/6/11,fall,0.0,6.0,no,2.0,1.0,clear,0.283333,0.287928,0.505417,0.1935,441.0,2762.0,2689.0
587.0,6/1/12,spring,1.0,1.0,no,4.0,1.0,clear,0.667717,0.654428,0.60625,0.114533,604.0,5492.0,5686.0
596.0,14/8/12,winter,1.0,8.0,no,2.0,0.0,few clouds,0.5625,0.555833,0.4925,0.1467,775.0,3685.0,4075.0
658.0,10/10/11,spring,0.0,10.0,no,5.0,1.0,clear,0.630833,0.506958,0.66625,0.234957,607.0,4458.0,4660.0
603.0,28/9/11,summer,0.0,9.0,no,4.0,1.0,few clouds,0.703333,0.704167,0.738333,0.125,576.0,3466.0,6998.0
495.0,23/11/11,winter,0.0,11.0,no,0.0,0.0,few clouds,0.305467,0.305475,0.520421,0.082957,362.0,6804.0,7421.0
654.0,12/10/12,spring,1.0,10.0,no,6.0,1.0,few clouds,0.432567,0.406958,0.67,0.138333,678.0,6458.0,6779.0
554.0,6/6/11,summer,0.0,6.0,no,1.0,1.0,clear,0.806582,0.775,0.75,0.152958,3192.0,4363.0,4763.0
609.0,20/2/11,fall,0.0,2.0,no,5.0,1.0,clear,0.28,0.286783,0.545833,0.202783,569.0,4489.0,7058.0
47.0,11/10/11,summer,0.0,10.0,no,3.0,1.0,few clouds,0.530833,0.568642,0.583333,0.242516,1236.0,6470.0,6359.0
565.0,10/3/11,spring,0.0,3.0,no,5.0,1.0,clear,0.3425,0.342329,0.45375,0.172896,754.0,4896.0,7870.0
549.0,29/9/12,winter,0.0,9.0,no,6.0,1.0,clear,0.39,0.393473,0.4,0.164583,1145.0,6102.0,5687.0
192.0,3/7/11,summer,0.0,7.0,no,5.0,1.0,clear,0.4375,0.420817,0.8625,0.135833,1092.0,1446.0,7290.0
469.0,15/11/12,winter,1.0,11.0,no,2.0,1.0,clear,0.69,0.682667,0.738667,0.282083,858.0,2457.0,986.0
612.0,9/1/12,summer,1.0,1.0,no,4.0,1.0,clear,0.325833,0.3259,0.5,0.1258,1245.0,5820.0,6624.0
597.0,19/2/11,fall,1.0,2.0,no,3.0,1.0,clear,0.634167,0.4925,0.522917,0.082909,1346.0,4362.0,5008.0
616.0,3/2/12,winter,1.0,2.0,no,5.0,1.0,clear,0.634167,0.631379,0.46667,0.183321,3.0,4578.0,5382.0
574.0,6/8/11,fall,0.0,8.0,no,0.0,1.0,clear,0.605833,0.590948,0.6625,0.102689,3.0,3069.0,2133.0
663.0,31/6/12,spring,0.0,6.0,no,1.0,1.0,clear,0.4608333,0.419525,0.7525,0.147522,883.0,2454.0,2832.0
612.0,31/6/12,spring,1.0,6.0,no,5.0,1.0,clear,0.4825,0.4575,0.682633,0.1087917,2121.0,4035.0,4036.0
7.0,31/4/11,winter,0.0,4.0,no,4.0,1.0,clear,0.453333,0.462479,0.583333,0.133881,648.0,908.0,754.0
569.0,11/6/12,spring,1.0,6.0,no,0.0,0.0,clear,0.661667,0.664167,0.6725,0.114734,878.0,2833.0,2121.0
3.0,28/9/12,summer,1.0,9.0,no,5.0,1.0,clear,0.513167,0.530421,0.738167,0.13,717.0,3746.0,4639.0
449.0,6/6/12,spring,0.0,6.0,no,3.0,1.0,clear,0.523333,0.490879,0.535833,0.167946,779.0,489.0,6891.0
535.0,3/8/11,winter,0.0,8.0,no,2.0,1.0,few clouds,0.3467,0.354167,0.495833,0.143713,1568.0,3107.0,2424.0
675.0,8/5/12,summer,1.0,5.0,no,5.0,1.0,clear,0.6175,0.531667,0.630833,0.154512,983.0,4479.0,6370.0
483.0,1/9/12,summer,0.0,9.0,no,1.0,1.0,clear,0.696783,0.654167,0.7625,0.1375,3.0,3730.0,4563.0
333.0,20/4/11,spring,1.0,4.0,no,5.0,0.0,clear,0.216,0.211846,0.69375,0.175925,1189.0,2323.0,2395.0
517.0,9/10/12,fall,0.0,10.0,no,3.0,0.0,clear,0.183333,0.181667,0.680833,0.107558,18.0,4126.0,4539.0
695.0,17/2/12,winter,1.0,2.0,no,5.0,1.0,clear,0.7925,0.806325,0.5,0.108883,783.0,4659.0,8714.0
442.0,22/11/12,fall,1.0,11.0,no,4.0,1.0,clear,0.717073,0.71708,0.75775,0.141762,872.0,5920.0,5923.0
612.0,30/7/11,winter,0.0,7.0,no,0.0,0.0,clear,0.291667,0.282917,0.5565,0.103829,1039.0,4058.0,4067.0
748.0,23/7/11,spring,1.0,7.0,no,5.0,1.0,few clouds,0.54,0.566167,0.805833,0.1539,1187.0,4029.0,4067.0
542.0,3/4/11,winter,0.0,4.0,no,4.0,0.0,clear,0.667917,0.639063,0.66,0.165433,607.0,5242.0,5342.0
340.0,6/3/11,fall,0.0,3.0,no,4.0,1.0,clear,0.353333,0.357833,0.5,0.1529,1230.0,4048.0,4390.0
255.0,29/2/11,winter,0.0,2.0,no,0.0,1.0,clear,0.307917,0.285833,0.3,0.304917,637.0,4274.0,4826.0
649.0,31/6/11,summer,0.0,6.0,no,4.0,1.0,clear,0.4625,0.455846,0.634667,0.147913,852.0,6525.0,6304.0
559.0,19/1/11,summer,1.0,1.0,no,1.0,1.0,clear,0.530433,0.547521,0.564167,0.237917,1491.0,6846.0,7333.0
591.0,28/11/11,fall,0.0,11.0,no,5.0,1.0,clear,0.740833,0.616348,0.59375,0.273575,547.0,1463.0,1406.0
489.0,27/6/12,summer,1.0,6.0,no,1.0,1.0,few clouds,0.461667,0.477912,0.776783,0.121375,2721.0,3054.0,1204.0
6.0,5/5/11,summer,1.0,5.0,no,5.0,1.0,clear,0.473333,0.462529,0.4975,0.143033,467.0,3585.0,2425.0
583.0,3/10/12,summer,1.0,10.0,no,2.0,1.0,clear,0.68625,0.636375,0.883333,0.272787,463.0,2623.0,2689.0
686.0,20/12/12,spring,1.0,12.0,no,1.0,0.0,clear,0.6666667,0.71578,0.747085,0.1025,1175.0,3665.0,5312.0
539.0,25/11/12,spring,1.0,11.0,no,4.0,1.0,few clouds,0.393333,0.348348,0.70625,0.141872,1049.0,3665.0,3544.0
483.0,18/6/11,summer,1.0,6.0,no,6.0,0.0,clear,0.5333333,0.527792,0.496083,0.183571,562.0,4694.0,4539.0
221.0,25/4/12,summer,1.0,4.0,no,4.0,1.0,clear,0.6825,0.6555,0.5,0.106767,636.0,1462.0,1471.0
626.0,8/11/12,summer,1.0,11.0,no,4.0,1.0,clear,0.2475,0.247558,0.6575,0.175392,1083.0,5129.0,2660.0
663.0,7/3/12,fall,1.0,3.0,no,5.0,0.0,clear,0.44,0.441642,0.739167,0.166983,704.0,6908.0,7055.0
567.0,18/9/11,fall,1.0,9.0,no,3.0,0.0,clear,0.6475,0.541575,0.797933,0.184583,495.0,2829.0,5138.0
14.0,1/8/11,winter,0.0,8.0,no,4.0,1.0,clear,0.290167,0.29543967,0.541667,0.0970583,762.0,1539.0,1685.0
516.0,23/7/12,winter,1.0,7.0,no,3.0,1.0,clear,0.3125,0.312904,0.4425,0.180875,645.0,3201.0,1815.0
496.0,30/2/11,fall,0.0,2.0,no,4.0,1.0,clear,0.542917,0.540433,0.583333,0.173489,692.0,1720.0,1693.0
713.0,4/12/12,spring,0.0,1.0,no,0.0,1.0,clear,0.483333,0.4525,0.58625,0.265512,687.0,3480.0,6233.0
548.0,4/1/12,fall,0.0,1.0,no,0.0,1.0,clear,0.58,0.539,0.790117,0.153917,875.0,2421.0,2475.0
49.0,1/10/12,fall,1.0,10.0,no,3.0,0.0,clear,0.620527,0.635875,0.64625,0.167845,654.0,3939.0,5312.0
541.0,2/3/11,spring,0.0,3.0,no,4.0,1.0,clear,0.541667,0.564921,0.4975,0.191709,1612.0,4348.0,4906.0
521.0,10/10/12,winter,1.0,10.0,no,2.0,1.0,clear,0.35,0.351604,0.66467,0.136075,1021.0,3926.0,4067.0
639.0,25/4/11,fall,0.0,4.0,no,0.0,0.0,clear,0.25,0.250867,0.74,0.174587,995.0,4608.0,4714.0
675.0,22/3/12,fall,1.0,3.0,no,2.0,1.0,few clouds,0.491667,0.481767,0.6525,0.163873,636.0,938.0,7350.0
330.0,24/10/11,fall,0.0,10.0,no,4.0,1.0,clear,0.573333,0.624122,0.6975,0.2213,1085.0,3329.0,3310.0
717.0,3/11/11,winter,0.0,11.0,no,4.0,0.0,clear,0.430833,0.4458,0.63833,0.152667,946.0,1164.0,1162.0
717.0,4/4/11,spring,0.0,4.0,no,5.0,1.0,few clouds,0.4975,0.410871,0.67,0.170939,598.0,1816.0,1162.0
370.0,6/4/11,summer,1.0,4.0,no,0.0,1.0,few clouds,0.4475,0.433929,0.6675,0.188325,684.0,3267.0,3717.0
622.0,21/5/11,spring,0.0,5.0,no,2.0,0.0,clear,0.530833,0.5775,0.908333,0.357821,775.0,1858.0,8555.0
614.0,12/3/12,summer,0.0,3.0,no,6.0,1.0,clear,0.348667,0.3545,0.776667,0.168863,1098.0,2828.0,3659.0
16.0,4/4/11,summer,0.0,4.0,no,4.0,1.0,clear,0.673333,0.63421,0.638333,0.246767,842.0,1705.0,1683.0
439.0,16/7/12,summer,0.0,7.0,no,4.0,1.0,clear,0.844167,0.839779,0.755833,0.141231,1523.0,3879.0,3974.0
621.0,27/7/11,winter,0.0,7.0,no,0.0,1.0,clear,0.65,0.654542,0.6775,0.1082917,913.0,5471.0,3403.0
629.0,17/4/12,fall,1.0,4.0,no,6.0,0.0,clear,0.241667,0.203942,0.633333,0.138738,1499.0,6458.0,6917.0
8.0,11/2/12,summer,1.0,2.0,no,5.0,0.0,clear,0.29,0.271539,0.5175,0.1335,787.0,5498.0,3351.0
705.0,8/6/12,summer,1.0,6.0,no,1.0,1.0,clear,0.58,0.6675,0.7475,0.0879167,1075.0,6944.0,6685.0
596.0,21/3/12,spring,1.0,3.0,no,4.0,1.0,clear,0.253333,0.2625,0.744167,0.2325,1595.0,2929.0,3623.0
696.0,24/5/11,winter,0.0,5.0,no,3.0,1.0,clear,0.6675,0.539158,0.73,0.1675,1082.0,3320.0,3982.0
583.0,27/3/12,spring,1.0,3.0,no,3.0,0.0,few clouds,0.616667,0.5975,0.54,0.139633,1312.0,4458.0,4785.0
15.0,27/1/11,spring,0.0,1.0,no,5.0,1.0,clear,0.24,0.252325,0.7,0.247583,804.0,3454.0,1450.0
216.0,23/2/11,summer,1.0,2.0,no,3.0,1.0,few clouds,0.4175,0.4325,0.583333,0.207083,462.0,3512.0,1530.0
604.0,28/3/12,fall,1.0,3.0,no,5.0,1.0,few clouds,0.207083,0.204867,0.685833,0.151677,543.0,513.0,1944.0
543.0,15/2/11,winter,1.0,2.0,no,6.0,1.0,clear,0.653333,0.566125,0.70625,0.169575,852.0,2712.0,4023.0
668.0,0/3/11,summer,1.0,3.0,no,1.0,1.0,few clouds,0.27,0.3025,0.523817,0.131217,22.0,1004.0,1927.0
633.0,16/10/12,summer,1.0,10.0,no,5.0,0.0,clear,0.275567,0.263663,0.620833,0.183467,1149.0,2554.0,4985.0
222.0,11/2/12,spring,1.0,2.0,no,2.0,1.0,clear,0.58,0.583467,0.833333,0.153917,533.0,4121.0,4788.0
575.0,26/7/12,fall,0.0,7.0,no,2.0,0.0,clear,0.6175,0.665025,0.453333,0.22394625,1229.0,7792.0,7333.0
592.0,17/4/12,summer,1.0,4.0,no,6.0,1.0,few clouds,0.4565,0.453896,0.599617,0.2209,639.0,4204.0,3068.0
645.0,31/2/12,spring,1.0,2.0,no,6.0,1.0,clear,0.708917,0.731975,0.442046,0.144983,665.0,7468.0,5204.0
303.0,3/6/12,spring,0.0,6.0,no,2.0,1.0,clear,0.2925,0.282496,0.392917,0.135867,1765.0,447.0,5267.0
491.0,22/12/12,winter,1.0,12.0,no,3.0,1.0,clear,0.706667,0.723792,0.75375,0.194858,1521.0,2948.0,1471.0
541.0,2/7/11,fall,0.0,7.0,no,0.0,1.0,clear,0.383333,0.381633,0.524167,0.229379,539.0,7583.0,8156.0
333.0,18/1/11,spring,1.0,1.0,no,4.0,1.0,few clouds,0.2475,0.24097,0.686667,0.176921,539.0,3721.0,3614.0
571.0,17/4/12,summer,1.0,4.0,no,0.0,0.0,clear,0.6,0.649688,0.58375,0.157546,1228.0,3174.0,2115.0
607.0,28/4/11,fall,1.0,4.0,no,6.0,1.0,clear,0.333333,0.334477,0.7125,0.156967,981.0,3848.0,431.0
471.0,4/7/11,summer,0.0,7.0,no,2.0,1.0,clear,0.475833,0.457521,0.7386767,0.141375,946.0,2479.0,4906.0
58.0,11/6/11,spring,0.0,6.0,no,1.0,1.0,few clouds,0.23,0.2325,0.7475,0.234071,654.0,3516.0,4326.0
679.0,2/6/12,spring,1.0,6.0,no,2.0,1.0,clear,0.453333,0.456675,0.6775,0.087575,1065.0,4975.0,5511.0
439.0,15/8/11,spring,0.0,8.0,no,5.0,0.0,clear,0.293333,0.282942,0.5,0.225,554.0,1449.0,1543.0
554.0,5/4/12,fall,1.0,4.0,no,0.0,1.0,few clouds,0.63,0.63842,0.721,0.162629,621.0,3142.0,5423.0
574.0,15/9/12,winter,1.0,9.0,no,3.0,1.0,clear,0.282917,0.291766,0.58,0.242913,758.0,5113.0,6536.0
538.0,12/12/11,summer,1.0,12.0,no,2.0,1.0,few clouds,0.39,0.377059,0.73,0.131367,221.0,688.0,605.0
6.0,30/5/11,winter,0.0,5.0,no,5.0,0.0,few clouds,0.703333,0.6949,0.59,0.232758,3.0,5454.0,5668.0
699.0,6/7/12,summer,1.0,7.0,no,5.0,1.0,clear,0.4775,0.491667,0.67491743,0.14084,898.0,6404.0,7040.0
521.0,25/4/12,summer,0.0,4.0,no,1.0,0.0,few clouds,0.5,0.539133,0.708717,0.0879583,1.0,1346.0,605.0
316.0,28/1/12,spring,0.0,1.0,no,5.0,1.0,clear,0.619167,0.634167,0.55,0.176958,6074.0,5116.0,5217.0
695.0,11/6/12,winter,1.0,6.0,no,0.0,1.0,clear,0.28,0.291735,0.583333,0.1267,546.0,3729.0,6207.0
8.0,14/7/12,summer,1.0,7.0,no,4.0,1.0,clear,0.417333,0.425,0.534,0.163429,621.0,687.0,7006.0
391.0,25/9/12,summer,1.0,9.0,no,3.0,0.0,clear,0.393333,0.392942,0.829333,0.108933,1230.0,3548.0,3510.0
642.0,1/3/12,spring,0.0,3.0,no,1.0,1.0,clear,0.664167,0.5822,0.636667,0.177513,369.0,4698.0,4916.0
12.0,15/8/12,summer,1.0,8.0,no,2.0,1.0,clear,0.639167,0.547067,0.738333,0.080833,1335.0,1669.0,1589.0
546.0,11/10/12,fall,1.0,10.0,no,2.0,1.0,clear,0.566667,0.661867,0.69375,0.161078,1675.0,4379.0,5008.0
59.0,11/8/11,fall,1.0,8.0,no,3.0,1.0,clear,0.65,0.664354,0.684583,0.086617,1527.0,442.0,4862.0
591.0,17/1/11,spring,1.0,1.0,no,6.0,0.0,few clouds,0.5,0.458484,0.5835,0.297567,2411.0,6192.0,6041.0
14.0,23/5/12,fall,1.0,5.0,no,5.0,1.0,clear,0.55,0.649167,0.69375,0.182929,648.0,1279.0,1341.0
578.0,31/3/12,spring,1.0,3.0,no,7.0,1.0,clear,0.603333,0.564261,0.7125,0.190733,1250.0,5923.0,5459.0
599.0,22/7/11,summer,0.0,7.0,no,5.0,1.0,clear,0.534167,0.539197,0.596667,0.0933,633.0,5214.0,4744.0
571.0,15/2/12,fall,1.0,2.0,no,6.0,1.0,few clouds,0.764167,0.743575,0.793333,0.05837,447.0,4451.0,4363.0
333.0,14/5/12,spring,1.0,5.0,no,2.0,1.0,few clouds,0.234867,0.223421,0.68,0.177923,10.0,3238.0,3767.0
571.0,11/12/12,winter,0.0,12.0,no,3.0,0.0,clear,0.4075,0.405833,0.595,0.187521,2108.0,2190.0,5501.0
563.0,1/6/12,summer,0.0,6.0,no,3.0,1.0,clear,0.410833,0.410879,0.6025,0.2825,1.0,4671.0,5062.0
696.0,18/3/11,spring,1.0,3.0,no,6.0,0.0,clear,0.505833,0.566875,0.591667,0.182083,1075.0,609.0,6273.0
611.0,3/9/12,summer,0.0,9.0,no,0.0,0.0,clear,0.298167,0.296699,0.6075,0.169912,11.0,3363.0,3351.0
1092.0,25/11/11,fall,0.0,11.0,no,0.0,0.0,few clouds,0.7475,0.726554,0.527167,0.082125,1554.0,3232.0,6857.0
558.0,27/5/12,summer,1.0,5.0,no,4.0,0.0,clear,0.305729,0.317567,0.7225,0.181338,2558.0,3459.0,3285.0
508.0,3/8/11,spring,0.0,8.0,no,1.0,0.0,clear,0.6675,0.620833,0.620033,0.126083,979.0,6118.0,6233.0
394.0,25/3/12,summer,0.0,3.0,no,3.0,1.0,few clouds,0.34,0.344562,0.795833,0.1879,746.0,6534.0,6436.0
5.0,9/1/11,summer,1.0,1.0,no,6.0,1.0,clear,0.660833,0.566078,0.722167,0.124948,541.0,2741.0,2594.0
579.0,9/9/11,spring,0.0,9.0,no,2.0,1.0,clear,0.332083,0.3425,0.5925,0.172783,2248.0,3520.0,3544.0
658.0,7/8/12,winter,0.0,8.0,no,2.0,0.0,clear,0.4587,0.458667,0.7525,0.1675,658.0,4419.0,4669.0
595.0,31/12/12,winter,1.0,12.0,no,2.0,1.0,clear,0.352083,0.3696,0.417583,0.24253721,916.0,4023.0,2424.0
547.0,8/5/11,winter,0.0,5.0,no,3.0,1.0,few clouds,0.715667,0.524348,0.68,0.221803,488.0,3054.0,4570.0
568.0,14/6/11,winter,0.0,6.0,no,1.0,1.0,clear,0.58,0.583084,0.5,0.1878,2423.0,987.0,6664.0
0.0,12/6/11,fall,0.0,6.0,no,6.0,0.0,clear,0.351667,0.351667,0.55,0.291133,1155.0,2827.0,2743.0
564.0,31/3/11,spring,1.0,3.0,no,5.0,1.0,clear,0.3,0.3125,0.4875,0.235043,691.0,4829.0,6624.0
391.0,25/12/12,spring,1.0,12.0,no,4.0,1.0,few clouds,0.660433,0.628333,0.697083,0.174567,488.0,3236.0,3422.0
253.0,29/5/12,fall,1.0,5.0,no,6.0,1.0,clear,0.417333,0.425391,0.721783,0.277052,679.0,3611.0,2843.0
4.0,21/4/12,fall,1.0,4.0,no,3.0,1.0,clear,0.483333,0.540833,0.543913,0.236576,3165.0,3333.0,3974.0
6.0,5/12/12,spring,0.0,12.0,no,2.0,1.0,clear,0.59,0.657917,0.5875,0.185833,1528.0,3273.0,1263.0
575.0,11/12/12,fall,1.0,12.0,no,3.0,1.0,clear,0.158333,0.142775,0.7075,0.190425,974.0,4401.0,506.0
613.0,5/1/12,spring,1.0,1.0,no,1.0,1.0,clear,0.185833,0.1804,0.6675,0.1808,928.0,4818.0,3598.0
674.0,29/5/11,spring,1.0,5.0,no,5.0,1.0,clear,0.36,0.3125,0.8,0.202905,1046.0,1648.0,1406.0
705.0,27/12/11,spring,0.0,12.0,no,3.0,1.0,clear,0.7425,0.557821,0.75,0.1308,1095.0,6867.0,6296.0
4.0,16/12/11,summer,0.0,12.0,no,4.0,0.0,few clouds,0.530417,0.5425,0.583333,0.177917,1508.0,4148.0,7534.0
642.0,23/2/11,fall,0.0,2.0,no,6.0,1.0,clear,0.646667,0.660833,0.85125,0.241538,449.0,839.0,985.0
521.0,4/4/12,fall,1.0,4.0,no,4.0,0.0,clear,0.225,0.254957,0.564167,0.226021,839.0,5498.0,5375.0
708.0,13/3/12,winter,0.0,3.0,no,4.0,1.0,few clouds,0.5,0.461667,0.45,0.152329,963.0,6461.0,5823.0
635.0,22/8/12,summer,1.0,8.0,no,2.0,1.0,clear,0.415833,0.455033,0.5875,0.143529,1406.0,4121.0,5035.0
927.0,16/11/11,summer,0.0,11.0,no,4.0,1.0,clear,0.5175,0.481667,0.7475,0.098158,928.0,705.0,1865.0
489.0,21/6/12,summer,0.0,6.0,no,1.0,1.0,clear,0.5475,0.540833,0.731775,0.162729,679.0,3172.0,2947.0
617.0,7/6/11,winter,0.0,6.0,no,2.0,1.0,clear,0.75,0.757569,0.88,0.1364,1379.0,3429.0,5558.0
554.0,24/4/11,fall,0.0,4.0,no,4.0,1.0,clear,0.764167,0.7087,0.7275,0.167575,1369.0,1846.0,2311.0
521.0,24/8/11,summer,0.0,8.0,no,1.0,1.0,clear,0.383333,0.399304,0.4633,0.137511,929.0,4261.0,4917.0
637.0,12/4/11,spring,0.0,4.0,no,2.0,1.0,clear,0.363333,0.354578,0.660833,0.343929,763.0,4158.0,7733.0
