Source Port,Destination Port,NAT Source Port,NAT Destination Port,Action,Bytes,Bytes Sent,Bytes Received,Packets,Elapsed Time (sec),pkts_sent,pkts_received
46831.0,445.0,0.0,0.0,drop,70.0,70.0,0.0,1.0,0.0,1.0,0.0
63675.0,53.0,0.0,53.0,allow,70.0,70.0,0.0,1.0,0.0,1.0,0.0
53933.0,443.0,43723.0,443.0,allow,843.0,688.0,664.0,61.0,27.0,15.0,52.0
56460.0,53.0,56460.0,53.0,allow,136.0,102.0,91.0,2.0,29.0,1.0,1.0
53310.0,443.0,48874.0,443.0,allow,1130.0,711.0,1194.0,15.0,60.0,6.0,7.0
56245.0,443.0,9063.0,443.0,allow,644.0,1030.0,743.0,24.0,16.0,94.0,113.0
57946.0,80.0,10558.0,80.0,allow,199.0,94.0,89.0,2.0,30.0,1.0,1.0
51370.0,443.0,51370.0,443.0,allow,70.0,70.0,0.0,1.0,8.0,1.0,0.0
54921.0,53.0,45904.0,53.0,allow,8191.0,523.0,888.0,195.0,30.0,140.0,169.0
51708.0,445.0,0.0,0.0,drop,66.0,66.0,0.0,1.0,0.0,1.0,0.0
56838.0,445.0,0.0,0.0,deny,66.0,66.0,0.0,1.0,0.0,1.0,0.0
52613.0,445.0,0.0,0.0,drop,66.0,94.0,0.0,1.0,0.0,1.0,1.0
49418.0,53.0,26963.0,53.0,allow,937.0,936.0,527.0,14.0,5.0,14.0,14.0
53585.0,445.0,0.0,0.0,deny,62.0,62.0,0.0,1.0,0.0,1.0,0.0
61814.0,443.0,36146.0,443.0,allow,1537.0,1131.0,479.0,17.0,180.0,13.0,7.0
57847.0,445.0,0.0,0.0,drop,70.0,70.0,0.0,1.0,0.0,1.0,0.0
54670.0,443.0,44167.0,443.0,allow,7077.0,765.0,6075.0,8.0,15.0,362.0,3791.0
51382.0,445.0,0.0,0.0,deny,70.0,70.0,0.0,1.0,0.0,1.0,0.0
57948.0,5900.0,0.0,0.0,drop,66.0,66.0,0.0,1.0,0.0,1.0,0.0
57050.0,445.0,0.0,0.0,drop,66.0,66.0,0.0,1.0,0.0,1.0,0.0
52300.0,80.0,52300.0,80.0,allow,575.0,1772.0,1064.0,11.0,16.0,11.0,7.0
55618.0,80.0,61613.0,80.0,allow,210.0,110.0,270.0,6.0,30.0,3.0,3.0
64400.0,80.0,50821.0,80.0,allow,177.0,94.0,87.0,4.0,31.0,1.0,2.0
51643.0,445.0,0.0,0.0,drop,62.0,62.0,0.0,1.0,0.0,1.0,0.0
56533.0,445.0,0.0,0.0,deny,62.0,62.0,0.0,1.0,0.0,1.0,0.0
51489.0,443.0,51802.0,443.0,allow,209.0,97.0,145.0,4.0,4.0,3.0,3.0
65940.0,44847.0,0.0,0.0,deny,66.0,66.0,0.0,1.0,0.0,1.0,0.0
53808.0,53.0,29084.0,53.0,allow,622.0,110.0,838.0,6.0,30.0,5.0,5.0
54301.0,445.0,0.0,0.0,drop,66.0,66.0,0.0,1.0,0.0,1.0,0.0
57581.0,443.0,52223.0,443.0,allow,624.0,1757.0,495.0,48.0,29.0,37.0,27.0
53538.0,62696.0,0.0,0.0,deny,94.0,94.0,0.0,1.0,0.0,1.0,1.0
60420.0,445.0,0.0,0.0,drop,70.0,70.0,0.0,1.0,0.0,1.0,0.0
52733.0,443.0,64936.0,443.0,allow,180.0,90.0,86.0,2.0,30.0,1.0,1.0
56500.0,445.0,0.0,0.0,drop,62.0,62.0,0.0,1.0,0.0,1.0,1.0
53563.0,445.0,0.0,0.0,drop,66.0,66.0,0.0,1.0,0.0,1.0,0.0
36195.0,445.0,0.0,0.0,deny,62.0,62.0,0.0,1.0,0.0,1.0,0.0
57811.0,443.0,24288.0,443.0,allow,78.0,94.0,78.0,18.0,16.0,8.0,8.0
58414.0,443.0,55850.0,443.0,allow,524.0,478.0,463.0,24.0,48.0,6.0,2.0
47843.0,53.0,16205.0,53.0,allow,74.0,74.0,122.0,2.0,30.0,1.0,1.0
52867.0,53.0,53114.0,53.0,allow,74.0,118.0,97.0,2.0,30.0,1.0,1.0
52746.0,23.0,15458.0,0.0,allow,102.0,102.0,0.0,1.0,30.0,1.0,0.0
65149.0,53.0,65149.0,53.0,allow,639.0,754.0,639.0,7.0,30.0,6.0,6.0
50748.0,57470.0,0.0,0.0,deny,66.0,66.0,0.0,1.0,0.0,1.0,0.0
51433.0,58536.0,0.0,0.0,deny,62.0,62.0,0.0,1.0,0.0,1.0,1.0
51033.0,53.0,0.0,53.0,allow,70.0,70.0,0.0,1.0,31.0,1.0,1.0
44718.0,445.0,0.0,0.0,deny,66.0,66.0,0.0,1.0,0.0,1.0,0.0
61887.0,445.0,0.0,0.0,drop,70.0,70.0,0.0,1.0,0.0,1.0,0.0
52287.0,58638.0,15776.0,58638.0,allow,66.0,66.0,0.0,2.0,0.0,1.0,0.0
57807.0,53.0,0.0,0.0,deny,66.0,66.0,0.0,1.0,0.0,1.0,1.0
51959.0,445.0,0.0,0.0,deny,70.0,70.0,0.0,1.0,0.0,1.0,0.0
57546.0,443.0,60408.0,443.0,allow,218.0,66.0,98.0,26.0,29.0,16.0,113.0
62426.0,445.0,0.0,0.0,deny,66.0,66.0,0.0,1.0,0.0,1.0,0.0
57965.0,445.0,0.0,0.0,deny,70.0,70.0,0.0,1.0,0.0,1.0,0.0
58725.0,443.0,62443.0,443.0,allow,212.0,568.0,619.0,18.0,143.0,6.0,6.0
53938.0,445.0,0.0,0.0,drop,62.0,62.0,0.0,1.0,0.0,1.0,0.0
63914.0,58567.0,0.0,0.0,deny,66.0,66.0,0.0,1.0,0.0,1.0,0.0
54426.0,443.0,0.0,0.0,deny,66.0,66.0,0.0,1.0,0.0,1.0,0.0
62418.0,443.0,62886.0,443.0,allow,46692.0,2862.0,9716.0,36.0,120.0,4.0,2.0
53414.0,443.0,57205.0,443.0,allow,574.0,94.0,566.0,47.0,5.0,55.0,42.0
60035.0,445.0,0.0,0.0,deny,60.0,60.0,0.0,1.0,0.0,1.0,0.0
54492.0,445.0,0.0,0.0,drop,70.0,70.0,0.0,1.0,0.0,1.0,0.0
56888.0,445.0,0.0,0.0,allow,70.0,70.0,0.0,2.0,30.0,1.0,1.0
56964.0,445.0,0.0,0.0,drop,70.0,70.0,0.0,1.0,0.0,1.0,0.0
51682.0,445.0,0.0,0.0,drop,66.0,66.0,0.0,1.0,0.0,1.0,0.0
55774.0,443.0,58289.0,443.0,allow,62457.0,9091.0,133711.0,13.0,27.0,11.0,79821.0
45223.0,445.0,0.0,0.0,allow,66.0,66.0,0.0,1.0,0.0,1.0,0.0
56663.0,80.0,49731.0,80.0,allow,265.0,62.0,83.0,6.0,50.0,5.0,25.0
54438.0,445.0,0.0,0.0,drop,62.0,62.0,0.0,1.0,0.0,1.0,0.0
56447.0,53.0,0.0,0.0,allow,62.0,62.0,0.0,1.0,0.0,1.0,0.0
53306.0,445.0,0.0,0.0,drop,70.0,70.0,0.0,1.0,0.0,1.0,0.0
58440.0,445.0,0.0,0.0,deny,70.0,70.0,0.0,1.0,0.0,1.0,0.0
64399.0,445.0,0.0,0.0,deny,66.0,66.0,0.0,1.0,0.0,0.0,0.0
56805.0,445.0,0.0,0.0,deny,146.0,146.0,0.0,1.0,0.0,1.0,0.0
2479.0,445.0,0.0,0.0,deny,70.0,70.0,0.0,1.0,0.0,1.0,1.0
51719.0,53.0,14462.0,53.0,allow,70.0,70.0,177.0,204.0,29.0,180.0,182.0
54421.0,445.0,0.0,0.0,deny,62.0,62.0,0.0,1.0,0.0,1.0,0.0
61638.0,80.0,8288.0,80.0,allow,1039.0,664.0,895.0,12.0,29.0,12.0,8.0
47845.0,445.0,0.0,0.0,drop,70.0,70.0,0.0,1.0,0.0,1.0,0.0
56939.0,443.0,43205.0,443.0,allow,195.0,94.0,83.0,10.0,29.0,4.0,3.0
57318.0,80.0,0.0,0.0,allow,66.0,66.0,0.0,25.0,30.0,26.0,0.0
3907.0,443.0,9099.0,443.0,allow,765.0,667.0,759.0,27.0,177.0,14.0,18.0
64709.0,53.0,15786.0,53.0,allow,184.0,70.0,90.0,2.0,32.0,1.0,1.0
62415.0,443.0,12232.0,443.0,allow,773.0,948.0,575.0,11.0,121.0,8.0,8.0
59871.0,443.0,12490.0,443.0,allow,607.0,629.0,659.0,4.0,29.0,2.0,2.0
52878.0,443.0,51843.0,443.0,allow,752.0,618.0,915.0,10.0,30.0,7.0,5.0
59392.0,445.0,0.0,0.0,deny,66.0,66.0,0.0,1.0,0.0,1.0,0.0
39403.0,25467.0,0.0,0.0,deny,70.0,70.0,0.0,1.0,0.0,1.0,0.0
54670.0,445.0,0.0,0.0,drop,70.0,70.0,0.0,1.0,0.0,1.0,0.0
50462.0,443.0,9709.0,443.0,allow,857.0,1607.0,1104.0,9.0,20.0,4.0,4.0
51819.0,445.0,0.0,0.0,allow,66.0,66.0,0.0,1.0,0.0,1.0,0.0
53861.0,445.0,0.0,0.0,drop,66.0,66.0,0.0,1.0,0.0,1.0,0.0
62426.0,445.0,0.0,0.0,drop,70.0,70.0,0.0,1.0,0.0,1.0,1.0
49736.0,57866.0,0.0,0.0,deny,70.0,70.0,0.0,1.0,0.0,1.0,0.0
55414.0,53.0,0.0,0.0,allow,85.0,87.0,85.0,2.0,0.0,1.0,1.0
49288.0,53.0,48288.0,53.0,allow,60.0,94.0,170.0,14.0,30.0,9.0,11.0
55619.0,53.0,53766.0,53.0,allow,110.0,664.0,614.0,8.0,29.0,4.0,3.0
51816.0,445.0,0.0,0.0,deny,66.0,66.0,0.0,1.0,0.0,1.0,0.0
60422.0,445.0,0.0,0.0,deny,70.0,70.0,0.0,1.0,0.0,1.0,0.0
57470.0,445.0,0.0,0.0,deny,66.0,66.0,0.0,1.0,0.0,1.0,1.0
64383.0,445.0,0.0,0.0,allow,66.0,66.0,0.0,1.0,30.0,1.0,1.0
57470.0,445.0,0.0,0.0,drop,70.0,70.0,0.0,1.0,0.0,1.0,0.0
60499.0,445.0,0.0,0.0,drop,70.0,70.0,0.0,1.0,0.0,1.0,0.0
6072.0,445.0,0.0,0.0,drop,70.0,70.0,0.0,1.0,0.0,1.0,0.0
64147.0,53.0,36205.0,53.0,allow,2527.0,565.0,547.0,14.0,30.0,8.0,10.0
55842.0,443.0,0.0,0.0,deny,66.0,66.0,0.0,1.0,0.0,1.0,0.0
54809.0,445.0,0.0,0.0,deny,66.0,66.0,0.0,1.0,0.0,1.0,0.0
60337.0,445.0,0.0,0.0,deny,70.0,70.0,0.0,1.0,0.0,1.0,0.0
624.0,35424.0,0.0,0.0,deny,66.0,66.0,0.0,1.0,0.0,1.0,1.0
62438.0,443.0,62438.0,443.0,allow,744.0,644.0,637.0,7.0,31.0,4.0,5.0
63539.0,445.0,0.0,0.0,deny,70.0,70.0,0.0,1.0,0.0,1.0,0.0
66439.0,445.0,0.0,0.0,deny,70.0,70.0,0.0,1.0,0.0,1.0,0.0
64400.0,53.0,38557.0,53.0,allow,212.0,110.0,177.0,7.0,30.0,3.0,3.0
56427.0,445.0,0.0,0.0,deny,70.0,70.0,0.0,1.0,0.0,1.0,0.0
55619.0,5900.0,0.0,0.0,deny,66.0,66.0,0.0,1.0,0.0,1.0,0.0
56836.0,445.0,0.0,0.0,deny,70.0,70.0,0.0,1.0,0.0,1.0,0.0
51854.0,53.0,56205.0,53.0,allow,199.0,94.0,93.0,2.0,30.0,1.0,1.0
53584.0,53.0,2560.0,53.0,allow,318.0,94.0,110.0,2.0,30.0,1.0,1.0
57816.0,443.0,27081.0,443.0,allow,2114.0,1336.0,3387.0,16.0,31.0,10.0,10.0
56636.0,61188.0,0.0,0.0,drop,70.0,70.0,0.0,1.0,0.0,1.0,0.0
57370.0,445.0,0.0,0.0,drop,66.0,66.0,0.0,1.0,0.0,1.0,0.0
65416.0,445.0,0.0,0.0,deny,66.0,66.0,0.0,1.0,0.0,1.0,0.0
5908.0,445.0,0.0,0.0,deny,62.0,62.0,0.0,1.0,0.0,1.0,0.0
63902.0,63902.0,0.0,0.0,deny,70.0,70.0,0.0,1.0,0.0,1.0,0.0
63900.0,64147.0,0.0,0.0,deny,62.0,62.0,0.0,1.0,0.0,1.0,1.0
55943.0,445.0,0.0,0.0,drop,66.0,66.0,0.0,1.0,0.0,1.0,0.0
56629.0,445.0,0.0,0.0,deny,66.0,66.0,0.0,1.0,0.0,1.0,1.0
55944.0,445.0,0.0,0.0,deny,66.0,66.0,0.0,1.0,0.0,1.0,1.0
62865.0,80.0,17884.0,80.0,allow,907.0,707.0,865.0,10.0,30.0,5.0,7.0
45994.0,80.0,53821.0,80.0,allow,1486.0,397.0,1357.0,19.0,30.0,14.0,13.0
63470.0,4881.0,0.0,0.0,deny,66.0,66.0,0.0,1.0,0.0,1.0,0.0
55615.0,445.0,0.0,0.0,allow,70.0,70.0,0.0,1.0,30.0,1.0,0.0
63943.0,445.0,0.0,0.0,deny,70.0,70.0,0.0,1.0,0.0,1.0,0.0
62413.0,445.0,0.0,0.0,deny,86.0,86.0,0.0,1.0,0.0,1.0,0.0
62435.0,445.0,0.0,0.0,deny,66.0,66.0,0.0,1.0,0.0,1.0,1.0
57752.0,445.0,0.0,0.0,drop,66.0,66.0,0.0,1.0,0.0,1.0,0.0
53942.0,25174.0,0.0,0.0,deny,70.0,70.0,0.0,1.0,0.0,1.0,0.0
65420.0,443.0,25170.0,443.0,allow,644.0,562.0,638.0,10.0,26.0,35.0,36.0
56605.0,64147.0,0.0,0.0,deny,66.0,66.0,0.0,1.0,0.0,1.0,0.0
61721.0,3700.0,0.0,0.0,deny,70.0,70.0,0.0,1.0,0.0,1.0,0.0
55503.0,445.0,0.0,0.0,drop,70.0,70.0,0.0,1.0,0.0,1.0,0.0
58652.0,445.0,0.0,0.0,drop,70.0,70.0,0.0,1.0,0.0,1.0,0.0
59083.0,445.0,0.0,0.0,deny,150.0,150.0,0.0,1.0,0.0,1.0,1.0
64615.0,445.0,0.0,0.0,deny,66.0,66.0,0.0,1.0,0.0,1.0,0.0
55947.0,53.0,0.0,0.0,allow,70.0,70.0,0.0,1.0,0.0,1.0,1.0
57418.0,445.0,0.0,0.0,drop,70.0,70.0,0.0,1.0,0.0,1.0,1.0
61746.0,53.0,63550.0,53.0,allow,190.0,102.0,118.0,2.0,30.0,1.0,1.0
51323.0,25174.0,0.0,0.0,deny,62.0,62.0,0.0,1.0,0.0,1.0,0.0
53825.0,445.0,0.0,0.0,deny,66.0,66.0,0.0,1.0,0.0,1.0,0.0
50584.0,443.0,9576.0,443.0,allow,975.0,2062.0,479.0,20.0,29.0,8.0,7.0
64147.0,445.0,0.0,0.0,deny,177.0,177.0,0.0,1.0,0.0,1.0,0.0
62342.0,445.0,0.0,0.0,deny,62.0,62.0,0.0,1.0,0.0,1.0,0.0
54523.0,53.0,0.0,53.0,allow,177.0,94.0,97.0,2.0,30.0,1.0,1.0
55945.0,50584.0,0.0,0.0,deny,66.0,66.0,0.0,1.0,0.0,1.0,0.0
57888.0,445.0,0.0,0.0,drop,62.0,62.0,0.0,1.0,0.0,1.0,0.0
55926.0,53.0,45387.0,53.0,allow,4984.0,23.0,2166.0,25.0,30.0,19.0,15.0
62245.0,445.0,0.0,0.0,deny,70.0,70.0,0.0,1.0,0.0,1.0,0.0
52637.0,445.0,0.0,0.0,deny,60.0,60.0,0.0,1.0,0.0,1.0,60.0
62416.0,445.0,0.0,0.0,deny,66.0,66.0,0.0,1.0,0.0,1.0,1.0
55988.0,443.0,49288.0,443.0,allow,823.0,1335.0,6368.0,21.0,39.0,19.0,17.0
54942.0,445.0,0.0,0.0,drop,62.0,62.0,0.0,1.0,0.0,1.0,1.0
57872.0,445.0,0.0,0.0,deny,70.0,70.0,0.0,2.0,0.0,1.0,1.0
55261.0,445.0,0.0,0.0,drop,66.0,66.0,0.0,1.0,0.0,1.0,0.0
63741.0,53.0,0.0,0.0,deny,86.0,86.0,0.0,1.0,0.0,1.0,1.0
54633.0,445.0,0.0,0.0,drop,62.0,62.0,0.0,1.0,0.0,1.0,1.0
51804.0,445.0,0.0,0.0,deny,70.0,70.0,0.0,1.0,0.0,1.0,0.0
49663.0,445.0,0.0,0.0,deny,66.0,66.0,0.0,1.0,0.0,1.0,0.0
52478.0,445.0,0.0,0.0,deny,70.0,70.0,0.0,1.0,0.0,1.0,0.0
56684.0,445.0,0.0,0.0,allow,70.0,70.0,0.0,1.0,0.0,1.0,0.0
54447.0,53.0,62226.0,53.0,allow,62.0,62.0,0.0,2.0,30.0,1.0,1.0
48576.0,445.0,0.0,0.0,deny,62.0,62.0,0.0,1.0,0.0,1.0,0.0
51819.0,445.0,0.0,0.0,deny,66.0,66.0,0.0,1.0,0.0,1.0,0.0
51612.0,445.0,0.0,0.0,drop,66.0,66.0,0.0,1.0,0.0,1.0,0.0
56075.0,443.0,51813.0,443.0,allow,634.0,2310.0,1462.0,14.0,30.0,10.0,10.0
58617.0,80.0,61338.0,80.0,allow,2217.0,3649.0,8097.0,14.0,15.0,7.0,7.0
56138.0,56856.0,0.0,0.0,drop,70.0,70.0,0.0,1.0,0.0,1.0,0.0
60769.0,445.0,0.0,0.0,allow,70.0,70.0,0.0,1.0,0.0,1.0,0.0
445.0,445.0,0.0,0.0,drop,70.0,70.0,0.0,1.0,0.0,1.0,0.0
62626.0,53.0,0.0,0.0,deny,60.0,60.0,0.0,1.0,0.0,1.0,0.0
27440.0,445.0,0.0,0.0,drop,70.0,70.0,0.0,1.0,0.0,1.0,0.0
56548.0,445.0,0.0,0.0,deny,70.0,70.0,0.0,1.0,0.0,1.0,0.0
62300.0,57848.0,0.0,0.0,deny,66.0,66.0,0.0,1.0,0.0,1.0,1.0
57867.0,445.0,0.0,0.0,deny,70.0,70.0,0.0,1.0,0.0,1.0,1.0
50669.0,445.0,0.0,0.0,deny,62.0,62.0,0.0,1.0,0.0,1.0,0.0
5538.0,53.0,0.0,0.0,allow,70.0,70.0,0.0,1.0,0.0,1.0,1.0
60503.0,445.0,0.0,0.0,drop,70.0,70.0,0.0,1.0,0.0,1.0,0.0
55745.0,445.0,0.0,0.0,drop,70.0,70.0,0.0,1.0,0.0,1.0,1.0
65253.0,53.0,49867.0,53.0,allow,915.0,199.0,2416.0,11.0,29.0,2.0,3.0
62465.0,445.0,0.0,0.0,deny,62.0,62.0,0.0,1.0,0.0,1.0,0.0
57545.0,445.0,0.0,0.0,deny,66.0,66.0,0.0,1.0,0.0,1.0,0.0
62470.0,445.0,0.0,0.0,drop,62.0,62.0,0.0,1.0,0.0,1.0,0.0
57841.0,53.0,57427.0,53.0,allow,177.0,94.0,83.0,2.0,30.0,1.0,1.0
55010.0,445.0,0.0,0.0,deny,86.0,86.0,0.0,1.0,0.0,1.0,0.0
62407.0,64147.0,0.0,0.0,drop,62.0,62.0,0.0,1.0,0.0,1.0,0.0
50861.0,53.0,51333.0,53.0,allow,134.0,139.0,83.0,2.0,30.0,1.0,1.0
51817.0,445.0,0.0,0.0,drop,70.0,70.0,0.0,1.0,0.0,1.0,0.0
58638.0,445.0,0.0,0.0,deny,70.0,70.0,0.0,1.0,0.0,1.0,0.0
54473.0,443.0,54315.0,443.0,allow,7419.0,2560.0,2072.0,20.0,16.0,8.0,19.0
58754.0,443.0,48744.0,443.0,allow,631.0,102.0,102.0,2.0,8.0,1.0,1.0
62407.0,53.0,34117.0,53.0,allow,177.0,102.0,102.0,4.0,31.0,3.0,2.0
55715.0,445.0,0.0,0.0,drop,70.0,70.0,0.0,1.0,0.0,1.0,0.0
63970.0,57470.0,0.0,0.0,deny,60.0,60.0,0.0,1.0,0.0,1.0,0.0
62678.0,80.0,46973.0,80.0,allow,568.0,907.0,638.0,11.0,14.0,8.0,7.0
53546.0,53.0,53863.0,53.0,allow,70.0,70.0,70.0,2.0,30.0,1.0,1.0
61872.0,25183.0,0.0,0.0,deny,70.0,70.0,0.0,1.0,0.0,1.0,1.0
53789.0,53.0,0.0,0.0,deny,462.0,619.0,938.0,15.0,0.0,8.0,8.0
56766.0,37965.0,0.0,0.0,deny,66.0,66.0,0.0,1.0,0.0,1.0,1.0
54329.0,22114.0,0.0,0.0,deny,66.0,66.0,0.0,1.0,0.0,1.0,1.0
60429.0,80.0,49869.0,80.0,allow,216.0,109.0,83.0,102.0,30.0,102.0,107.0
0.0,445.0,0.0,0.0,drop,70.0,70.0,0.0,1.0,0.0,1.0,0.0
58670.0,445.0,0.0,0.0,allow,70.0,70.0,0.0,1.0,0.0,1.0,0.0
55904.0,53.0,63367.0,53.0,allow,177.0,94.0,62.0,2.0,16.0,1.0,1.0
52386.0,445.0,0.0,0.0,deny,70.0,70.0,0.0,1.0,0.0,1.0,1.0
49477.0,30.0,0.0,0.0,deny,62.0,62.0,0.0,1.0,0.0,1.0,2.0
61907.0,445.0,0.0,0.0,drop,70.0,70.0,0.0,1.0,0.0,1.0,1.0
55615.0,445.0,0.0,0.0,deny,66.0,66.0,0.0,1.0,0.0,1.0,0.0
57700.0,445.0,0.0,0.0,deny,70.0,70.0,0.0,1.0,0.0,1.0,0.0
59833.0,445.0,0.0,0.0,allow,62.0,62.0,0.0,1.0,0.0,1.0,0.0
26793.0,443.0,13365.0,443.0,allow,476.0,1675.0,4271.0,19.0,13.0,12.0,10.0
54467.0,443.0,13663.0,443.0,allow,1957.0,1413.0,1022.0,24.0,31.0,14.0,12.0
53586.0,445.0,0.0,0.0,deny,62.0,62.0,0.0,1.0,0.0,1.0,0.0
64902.0,445.0,0.0,0.0,drop,70.0,70.0,0.0,1.0,0.0,1.0,1.0
59087.0,44847.0,0.0,0.0,drop,66.0,66.0,0.0,1.0,0.0,1.0,1.0
51607.0,443.0,64543.0,443.0,allow,1406.0,910.0,910.0,15.0,30.0,8.0,8.0
52419.0,445.0,0.0,0.0,deny,70.0,70.0,0.0,1.0,0.0,1.0,0.0
54422.0,64147.0,0.0,0.0,drop,62.0,62.0,0.0,2.0,0.0,2.0,0.0
57757.0,445.0,0.0,0.0,deny,146.0,146.0,0.0,1.0,0.0,1.0,0.0
57866.0,51221.0,0.0,0.0,deny,70.0,70.0,0.0,1.0,0.0,1.0,0.0
51443.0,53.0,0.0,0.0,deny,146.0,146.0,0.0,2.0,0.0,2.0,1.0
38424.0,53197.0,0.0,0.0,deny,66.0,66.0,0.0,1.0,0.0,1.0,0.0
61501.0,443.0,437.0,443.0,allow,1520.0,788.0,1258.0,13.0,12.0,8.0,10.0
8192.0,445.0,0.0,0.0,drop,70.0,70.0,0.0,1.0,0.0,1.0,0.0
45401.0,445.0,0.0,0.0,deny,62.0,62.0,0.0,1.0,0.0,1.0,0.0
57387.0,53.0,9074.0,53.0,allow,183.0,94.0,97.0,4.0,30.0,2.0,3.0
64923.0,443.0,14055.0,443.0,allow,7056.0,3521.0,1466.0,6.0,30.0,8.0,4253.0
0.0,445.0,0.0,0.0,deny,66.0,66.0,0.0,1.0,0.0,1.0,0.0
49417.0,58315.0,0.0,0.0,drop,70.0,70.0,0.0,3.0,0.0,3.0,5.0
50399.0,445.0,0.0,0.0,deny,66.0,66.0,0.0,4.0,0.0,4.0,4.0
54914.0,445.0,0.0,0.0,drop,70.0,70.0,0.0,1.0,0.0,1.0,0.0
54205.0,445.0,0.0,0.0,deny,66.0,66.0,0.0,1.0,0.0,1.0,0.0
55945.0,445.0,0.0,0.0,deny,66.0,66.0,0.0,1.0,0.0,1.0,0.0
55420.0,27015.0,0.0,0.0,deny,60.0,60.0,0.0,1.0,0.0,1.0,0.0
62486.0,445.0,0.0,0.0,deny,66.0,66.0,0.0,1.0,0.0,1.0,1.0
64189.0,445.0,0.0,0.0,drop,146.0,94.0,86.0,1.0,0.0,1.0,1.0
54878.0,53.0,0.0,0.0,deny,66.0,66.0,0.0,1.0,0.0,1.0,0.0
51543.0,443.0,44950.0,443.0,allow,1549.0,908.0,2913.0,36.0,488.0,23.0,23.0
54300.0,445.0,0.0,0.0,deny,70.0,70.0,0.0,1.0,0.0,1.0,1.0
49440.0,445.0,0.0,0.0,deny,70.0,70.0,0.0,1.0,0.0,1.0,0.0
59866.0,443.0,53864.0,443.0,allow,1207.0,601.0,659.0,14.0,21.0,12.0,11.0
56612.0,443.0,62313.0,443.0,allow,1644.0,804.0,809.0,29.0,26.0,23.0,16.0
62415.0,445.0,0.0,0.0,deny,60.0,60.0,0.0,1.0,0.0,1.0,0.0
57543.0,57470.0,0.0,0.0,drop,66.0,66.0,0.0,1.0,0.0,1.0,0.0
58638.0,445.0,0.0,0.0,drop,66.0,66.0,0.0,1.0,0.0,1.0,0.0
56689.0,445.0,0.0,0.0,drop,62.0,62.0,0.0,1.0,0.0,1.0,0.0
62436.0,53.0,12091.0,53.0,allow,70.0,70.0,0.0,1.0,30.0,1.0,0.0
49731.0,443.0,58411.0,443.0,allow,6265.0,2522.0,2190.0,20.0,145.0,17.0,9.0
53978.0,53.0,24888.0,53.0,allow,4578.0,184.0,4948.0,64.0,29.0,85.0,154.0
64807.0,445.0,0.0,0.0,deny,66.0,0.0,0.0,1.0,0.0,1.0,0.0
51730.0,53.0,51730.0,53.0,allow,1345.0,1345.0,0.0,1.0,0.0,1.0,0.0
58638.0,443.0,63817.0,443.0,allow,1408.0,806.0,7073.0,10.0,15.0,11.0,5.0
57872.0,443.0,43486.0,443.0,allow,745.0,1047.0,616.0,15.0,39.0,12.0,12.0
61872.0,445.0,0.0,0.0,deny,62.0,62.0,0.0,1.0,0.0,1.0,0.0
52889.0,445.0,0.0,0.0,drop,60.0,60.0,0.0,1.0,0.0,1.0,1.0
60979.0,443.0,10462.0,443.0,allow,199.0,94.0,94.0,5.0,29.0,5.0,3.0
64147.0,443.0,12099.0,443.0,allow,1215.0,904.0,1464.0,11.0,26.0,5.0,7.0
52481.0,25174.0,0.0,0.0,deny,78.0,82.0,82.0,1.0,0.0,1.0,1.0
56636.0,443.0,54880.0,443.0,allow,821.0,1212.0,488.0,22.0,120.0,12.0,10.0
60360.0,37807.0,0.0,0.0,deny,70.0,70.0,0.0,1.0,0.0,1.0,0.0
59047.0,57470.0,0.0,0.0,deny,66.0,66.0,0.0,1.0,0.0,1.0,0.0
54428.0,443.0,53538.0,443.0,allow,94.0,110.0,104.0,65.0,30.0,57.0,55.0
55770.0,445.0,0.0,0.0,deny,56.0,56.0,0.0,1.0,0.0,1.0,0.0
64421.0,50584.0,0.0,0.0,drop,66.0,66.0,0.0,1.0,0.0,1.0,0.0
62479.0,445.0,0.0,0.0,drop,70.0,70.0,0.0,1.0,0.0,1.0,0.0
66726.0,37965.0,0.0,0.0,deny,70.0,70.0,0.0,1.0,0.0,1.0,0.0
59518.0,445.0,0.0,0.0,deny,66.0,66.0,0.0,1.0,0.0,1.0,0.0
64908.0,3265.0,40652.0,3265.0,allow,17982.0,1724.0,618.0,12.0,8.0,10.0,7.0
52323.0,53.0,62613.0,53.0,allow,4486.0,1026.0,568.0,8.0,36.0,1.0,2.0
55678.0,443.0,56754.0,443.0,allow,4462.0,4474.0,3817.0,23.0,60.0,19.0,20.0
62747.0,64417.0,0.0,0.0,drop,70.0,70.0,0.0,1.0,0.0,1.0,0.0
56937.0,445.0,0.0,0.0,drop,70.0,70.0,0.0,1.0,0.0,1.0,0.0
53937.0,443.0,4907.0,443.0,allow,1145.0,929.0,527.0,177.0,8.0,257.0,257.0
52445.0,445.0,0.0,0.0,drop,66.0,66.0,0.0,1.0,0.0,1.0,0.0
46413.0,63.0,0.0,0.0,drop,70.0,70.0,0.0,1.0,0.0,1.0,0.0
49344.0,443.0,54974.0,443.0,allow,719.0,638.0,623.0,9.0,32.0,10.0,7.0
63965.0,445.0,0.0,0.0,deny,70.0,70.0,0.0,1.0,0.0,1.0,1.0
52378.0,445.0,0.0,0.0,drop,62.0,62.0,0.0,1.0,0.0,1.0,1.0
63430.0,53.0,0.0,0.0,deny,70.0,70.0,0.0,1.0,0.0,1.0,0.0
49748.0,445.0,0.0,0.0,drop,66.0,66.0,0.0,1.0,0.0,1.0,0.0
63103.0,443.0,7073.0,443.0,allow,784.0,934.0,886.0,12.0,16.0,8.0,8.0
61440.0,445.0,0.0,0.0,drop,118.0,118.0,0.0,1.0,0.0,1.0,0.0
56815.0,445.0,0.0,0.0,drop,66.0,66.0,0.0,1.0,0.0,1.0,0.0
57788.0,445.0,0.0,0.0,allow,66.0,66.0,0.0,1.0,0.0,1.0,0.0
64205.0,445.0,0.0,0.0,drop,66.0,66.0,0.0,1.0,0.0,1.0,0.0
56205.0,53.0,53948.0,53.0,allow,200.0,102.0,143.0,2.0,30.0,2.0,1.0
64117.0,445.0,0.0,0.0,deny,66.0,66.0,0.0,1.0,0.0,1.0,0.0
57888.0,53.0,57888.0,53.0,allow,1678.0,868.0,688.0,64.0,28.0,35.0,45.0
61903.0,80.0,35245.0,80.0,allow,438.0,110.0,657.0,32.0,33.0,16.0,12.0
59941.0,445.0,0.0,0.0,drop,62.0,2105.0,0.0,6.0,0.0,6.0,5.0
56624.0,445.0,0.0,0.0,deny,62.0,62.0,0.0,1.0,0.0,1.0,0.0
56560.0,53.0,0.0,0.0,allow,62.0,62.0,0.0,2.0,31.0,1.0,1.0
49584.0,445.0,0.0,0.0,drop,66.0,66.0,0.0,1.0,0.0,1.0,1.0
57345.0,53.0,0.0,53.0,allow,66.0,66.0,0.0,1.0,17.0,1.0,1.0
53850.0,445.0,0.0,0.0,deny,70.0,70.0,0.0,1.0,0.0,1.0,0.0
49726.0,53.0,50622.0,53.0,allow,168.0,70.0,80.0,2.0,30.0,1.0,1.0
50733.0,25174.0,0.0,0.0,deny,62.0,62.0,0.0,1.0,0.0,1.0,0.0
5881.0,443.0,5881.0,443.0,allow,498.0,559.0,478.0,8.0,14.0,3.0,5.0
0.0,445.0,0.0,0.0,drop,66.0,66.0,0.0,1.0,0.0,1.0,0.0
55385.0,0.0,0.0,0.0,deny,70.0,70.0,0.0,1.0,0.0,1.0,0.0
49618.0,53.0,0.0,0.0,drop,70.0,70.0,0.0,2.0,0.0,1.0,1.0
52431.0,53.0,0.0,0.0,deny,66.0,66.0,0.0,1.0,0.0,1.0,0.0
56705.0,445.0,0.0,0.0,deny,62.0,62.0,0.0,1.0,0.0,1.0,0.0
64709.0,57470.0,0.0,0.0,drop,70.0,70.0,0.0,1.0,0.0,1.0,0.0
55237.0,53741.0,0.0,0.0,drop,66.0,66.0,0.0,1.0,0.0,1.0,0.0
52344.0,445.0,0.0,0.0,drop,70.0,70.0,0.0,1.0,0.0,1.0,0.0
51621.0,445.0,0.0,0.0,deny,62.0,62.0,0.0,1.0,0.0,1.0,0.0
57835.0,53.0,57835.0,53.0,allow,183.0,82.0,86.0,2.0,30.0,2.0,1.0
3735.0,445.0,0.0,0.0,drop,66.0,66.0,0.0,1.0,0.0,1.0,0.0
49477.0,443.0,59840.0,443.0,allow,2488.0,3486.0,579.0,9.0,29.0,6.0,7.0
49217.0,0.0,0.0,0.0,deny,62.0,62.0,0.0,1.0,0.0,1.0,0.0
49599.0,445.0,0.0,0.0,drop,66.0,66.0,0.0,1.0,0.0,1.0,0.0
52837.0,445.0,0.0,0.0,deny,70.0,70.0,0.0,1.0,0.0,1.0,1.0
63916.0,53.0,45470.0,53.0,allow,199.0,94.0,97.0,2.0,30.0,1.0,1.0
5881.0,26174.0,0.0,0.0,deny,70.0,0.0,0.0,1.0,0.0,1.0,0.0
64921.0,445.0,0.0,0.0,drop,70.0,70.0,0.0,1.0,0.0,1.0,1.0
54373.0,443.0,43872.0,443.0,allow,807.0,737.0,636.0,10.0,30.0,5.0,3.0
51407.0,445.0,0.0,0.0,deny,70.0,70.0,0.0,1.0,0.0,1.0,0.0
49793.0,53.0,49793.0,53.0,allow,168.0,74.0,83.0,2.0,30.0,1.0,167.0
57762.0,53.0,0.0,53.0,allow,70.0,70.0,0.0,1.0,30.0,1.0,1.0
61708.0,443.0,1710.0,443.0,allow,577.0,807.0,706.0,14.0,16.0,6.0,7.0
55681.0,443.0,56581.0,443.0,allow,933.0,765.0,843.0,19.0,30.0,7.0,5.0
50520.0,445.0,0.0,0.0,drop,66.0,66.0,0.0,1.0,0.0,1.0,0.0
56615.0,53.0,15346.0,53.0,allow,87.0,87.0,94.0,2.0,30.0,1.0,1.0
53505.0,445.0,0.0,0.0,drop,66.0,66.0,0.0,1.0,0.0,1.0,0.0
50922.0,80.0,64319.0,80.0,allow,523.0,649.0,449.0,35.0,180.0,29.0,802.0
65411.0,445.0,0.0,0.0,drop,70.0,70.0,0.0,1.0,0.0,1.0,1.0
51816.0,445.0,0.0,0.0,deny,62.0,62.0,0.0,1.0,0.0,1.0,0.0
57916.0,445.0,0.0,0.0,drop,66.0,66.0,0.0,1.0,0.0,1.0,0.0
58744.0,64147.0,0.0,0.0,allow,202.0,102.0,0.0,4.0,0.0,4.0,3.0
62672.0,445.0,0.0,0.0,deny,66.0,66.0,0.0,1.0,0.0,1.0,0.0
58801.0,2900.0,0.0,0.0,deny,70.0,70.0,0.0,1.0,0.0,1.0,0.0
61446.0,56825.0,0.0,0.0,deny,70.0,70.0,0.0,1.0,0.0,1.0,0.0
51585.0,0.0,0.0,0.0,deny,66.0,66.0,0.0,1.0,0.0,1.0,0.0
54467.0,445.0,0.0,0.0,deny,66.0,66.0,0.0,1.0,0.0,1.0,0.0
51938.0,50584.0,0.0,0.0,deny,65.0,62.0,0.0,1.0,0.0,1.0,1.0
58638.0,53.0,8352.0,53.0,allow,173.0,88.0,83.0,2.0,30.0,1.0,1.0
52786.0,53.0,0.0,0.0,deny,62.0,62.0,0.0,1.0,0.0,1.0,1.0
61442.0,50584.0,0.0,0.0,deny,62.0,62.0,0.0,1.0,0.0,1.0,0.0
64638.0,30167.0,0.0,0.0,deny,66.0,66.0,0.0,1.0,0.0,1.0,0.0
8802.0,80.0,9663.0,80.0,allow,2118.0,659.0,1414.0,12.0,15.0,10.0,8.0
54383.0,445.0,0.0,0.0,deny,70.0,70.0,0.0,1.0,0.0,1.0,0.0
57940.0,445.0,0.0,0.0,deny,738.0,738.0,0.0,13.0,0.0,13.0,0.0
45670.0,445.0,0.0,0.0,drop,66.0,66.0,0.0,1.0,0.0,1.0,0.0
43786.0,53.0,3189.0,53.0,allow,199.0,94.0,97.0,4.0,30.0,2.0,2.0
62425.0,445.0,0.0,0.0,drop,66.0,66.0,0.0,1.0,0.0,1.0,0.0
52615.0,53.0,52615.0,53.0,allow,1472.0,1040.0,955.0,11.0,30.0,3.0,3.0
52617.0,80.0,49280.0,80.0,allow,218.0,70.0,110.0,74.0,30.0,60.0,60.0
60430.0,445.0,0.0,0.0,drop,66.0,66.0,0.0,1.0,0.0,1.0,1.0
56096.0,53.0,56096.0,53.0,allow,588.0,60.0,481.0,69.0,31.0,70.0,59.0
65916.0,445.0,0.0,0.0,drop,66.0,66.0,0.0,1.0,0.0,1.0,0.0
63888.0,53.0,60706.0,53.0,allow,177.0,94.0,88.0,2.0,30.0,1.0,1.0
55174.0,22114.0,0.0,0.0,drop,62.0,62.0,0.0,1.0,0.0,1.0,1.0
55705.0,445.0,0.0,0.0,deny,70.0,70.0,0.0,1.0,0.0,1.0,0.0
61718.0,443.0,61718.0,443.0,allow,233.0,2384.0,8623.0,25.0,5.0,23.0,22.0
63526.0,445.0,0.0,0.0,drop,70.0,70.0,0.0,1.0,0.0,1.0,0.0
44866.0,445.0,0.0,0.0,drop,70.0,70.0,0.0,1.0,0.0,1.0,0.0
61845.0,53.0,55362.0,53.0,allow,2136.0,82.0,3121.0,4.0,25.0,3.0,3.0
57470.0,445.0,0.0,0.0,drop,62.0,62.0,0.0,1.0,0.0,1.0,0.0
57846.0,445.0,0.0,0.0,drop,70.0,70.0,0.0,1.0,0.0,1.0,0.0
55765.0,445.0,0.0,0.0,drop,62.0,62.0,0.0,1.0,0.0,1.0,1.0
3579.0,53.0,64255.0,53.0,allow,624.0,565.0,867.0,4.0,30.0,3.0,3.0
56379.0,53.0,1705.0,53.0,allow,202.0,70.0,102.0,1.0,30.0,1.0,1.0
52637.0,443.0,59857.0,443.0,allow,812.0,6.0,937.0,6.0,30.0,9.0,5.0
51793.0,53.0,3764.0,53.0,allow,199.0,70.0,89.0,2.0,29.0,1.0,1.0
56821.0,445.0,0.0,0.0,drop,76.0,76.0,0.0,1.0,0.0,1.0,0.0
55205.0,445.0,0.0,0.0,drop,70.0,70.0,0.0,1.0,0.0,1.0,1.0
51486.0,443.0,7086.0,443.0,allow,1049.0,4232.0,1809.0,37.0,30.0,27.0,36.0
58638.0,445.0,0.0,0.0,drop,66.0,66.0,0.0,1.0,0.0,1.0,0.0
64837.0,25174.0,0.0,0.0,deny,66.0,66.0,0.0,1.0,0.0,1.0,0.0
51821.0,445.0,0.0,0.0,drop,70.0,70.0,0.0,1.0,0.0,1.0,0.0
48638.0,53.0,55869.0,53.0,allow,217.0,66.0,94.0,2.0,31.0,1.0,1.0
63679.0,445.0,0.0,0.0,deny,66.0,66.0,0.0,1.0,0.0,1.0,0.0
58685.0,53.0,0.0,0.0,allow,62.0,62.0,0.0,2.0,0.0,1.0,0.0
57848.0,445.0,0.0,0.0,drop,66.0,66.0,0.0,1.0,0.0,1.0,1.0
61340.0,445.0,0.0,0.0,drop,70.0,70.0,0.0,1.0,0.0,1.0,0.0
59867.0,53.0,49151.0,53.0,allow,70.0,70.0,0.0,1.0,0.0,1.0,1.0
51791.0,53.0,64902.0,53.0,allow,1814.0,934.0,454.0,7.0,19.0,2.0,4.0
55921.0,443.0,49663.0,443.0,allow,1706.0,1707.0,1137.0,16.0,30.0,19.0,18.0
55943.0,443.0,7308.0,443.0,allow,2066.0,1662.0,624.0,16.0,30.0,4.0,3.0
54311.0,53.0,38440.0,53.0,allow,210.0,94.0,97.0,3.0,28.0,2.0,2.0
57360.0,445.0,0.0,0.0,deny,66.0,66.0,0.0,1.0,0.0,1.0,1.0
58351.0,58351.0,0.0,0.0,deny,66.0,66.0,0.0,1.0,0.0,1.0,1.0
56692.0,53.0,36245.0,53.0,allow,1254.0,632.0,1254.0,12.0,29.0,6.0,9.0
51814.0,53.0,51814.0,53.0,allow,177.0,94.0,97.0,2.0,31.0,1.0,1.0
51818.0,53.0,31855.0,53.0,allow,895.0,604.0,665.0,182.0,145.0,177.0,184.0
56686.0,25174.0,0.0,0.0,deny,62.0,62.0,0.0,1.0,0.0,1.0,0.0
46889.0,5900.0,0.0,0.0,drop,62.0,62.0,0.0,1.0,0.0,1.0,0.0
44547.0,445.0,0.0,0.0,deny,70.0,70.0,0.0,1.0,0.0,1.0,0.0
52250.0,445.0,0.0,0.0,drop,66.0,66.0,0.0,1.0,0.0,1.0,0.0
50486.0,53.0,0.0,0.0,drop,70.0,70.0,0.0,2.0,0.0,1.0,2.0
9171.0,445.0,0.0,0.0,drop,70.0,70.0,0.0,1.0,0.0,1.0,0.0
445.0,0.0,0.0,0.0,drop,66.0,66.0,0.0,1.0,0.0,1.0,0.0
56207.0,445.0,0.0,0.0,drop,70.0,70.0,0.0,1.0,0.0,1.0,0.0
55533.0,53.0,0.0,53.0,allow,706.0,110.0,704.0,2.0,30.0,1.0,1.0
55635.0,80.0,61804.0,80.0,allow,66.0,1513.0,5670.0,32.0,30.0,14.0,16.0
62282.0,445.0,0.0,0.0,deny,66.0,66.0,0.0,1.0,0.0,1.0,0.0
63966.0,445.0,0.0,0.0,deny,70.0,70.0,0.0,1.0,0.0,1.0,0.0
61760.0,445.0,0.0,0.0,drop,70.0,70.0,0.0,1.0,0.0,1.0,0.0
55916.0,25174.0,0.0,0.0,deny,70.0,70.0,0.0,1.0,0.0,1.0,0.0
51535.0,443.0,48362.0,443.0,allow,1665.0,2317.0,1707.0,9.0,29.0,8.0,7.0
49387.0,53.0,2379.0,53.0,allow,184.0,94.0,94.0,2.0,31.0,1.0,1.0
49748.0,445.0,0.0,0.0,deny,66.0,66.0,0.0,1.0,0.0,1.0,0.0
38557.0,80.0,61766.0,80.0,allow,954.0,1257.0,909.0,32.0,614.0,11.0,1642.0
55174.0,53.0,59544.0,53.0,allow,148.0,88.0,538.0,2.0,30.0,1.0,1.0
38315.0,54205.0,0.0,0.0,drop,60.0,60.0,0.0,1.0,0.0,1.0,1.0
55392.0,0.0,0.0,0.0,deny,70.0,70.0,0.0,1.0,0.0,1.0,1.0
61634.0,80.0,37807.0,80.0,allow,549.0,102.0,434.0,6.0,60.0,5.0,4.0
62470.0,443.0,16448.0,443.0,allow,898.0,946.0,906.0,29.0,15.0,37.0,3791.0
53614.0,445.0,0.0,0.0,deny,66.0,66.0,0.0,1.0,0.0,1.0,0.0
53115.0,445.0,0.0,0.0,drop,66.0,66.0,0.0,1.0,0.0,1.0,0.0
63831.0,445.0,0.0,0.0,deny,66.0,66.0,0.0,1.0,0.0,1.0,1.0
64417.0,445.0,0.0,0.0,deny,66.0,66.0,0.0,1.0,0.0,1.0,1.0
59869.0,55588.0,0.0,0.0,deny,66.0,66.0,0.0,1.0,0.0,1.0,1.0
0.0,445.0,0.0,0.0,drop,94.0,94.0,0.0,1.0,0.0,1.0,1.0
55821.0,443.0,50907.0,443.0,allow,1720.0,733.0,903.0,19.0,31.0,10.0,8.0
51812.0,443.0,51812.0,443.0,allow,607.0,447.0,707.0,5.0,30.0,3.0,3.0
54789.0,53.0,0.0,0.0,deny,66.0,66.0,0.0,1.0,0.0,47.0,47.0
57866.0,443.0,64418.0,443.0,allow,1021.0,918.0,833.0,20.0,35.0,14.0,12.0
56469.0,53.0,2367.0,53.0,allow,210.0,94.0,90.0,2.0,30.0,1.0,1.0
53389.0,53.0,62700.0,53.0,allow,1760.0,1710.0,895.0,177.0,30.0,90.0,167.0
54769.0,445.0,0.0,0.0,drop,70.0,70.0,0.0,1.0,0.0,1.0,1.0
56565.0,445.0,0.0,0.0,deny,66.0,66.0,0.0,1.0,0.0,1.0,0.0
58796.0,443.0,2577.0,443.0,allow,1536.0,508.0,567.0,10.0,28.0,10.0,10.0
63486.0,53.0,57468.0,53.0,allow,66.0,66.0,90.0,2.0,30.0,1.0,1.0
59544.0,445.0,0.0,0.0,allow,66.0,66.0,0.0,1.0,30.0,1.0,0.0
6417.0,47849.0,0.0,0.0,drop,70.0,70.0,0.0,1.0,0.0,1.0,0.0
64352.0,60432.0,0.0,0.0,deny,70.0,70.0,0.0,1.0,0.0,1.0,0.0
58810.0,80.0,59631.0,80.0,allow,649.0,564.0,958.0,18.0,30.0,8.0,8.0
56815.0,445.0,0.0,0.0,drop,70.0,70.0,0.0,1.0,0.0,1.0,1.0
62784.0,443.0,48793.0,443.0,allow,1464.0,522.0,543.0,32.0,29.0,16.0,14.0
25201.0,445.0,0.0,0.0,drop,62.0,62.0,0.0,1.0,0.0,1.0,0.0
62762.0,445.0,0.0,0.0,deny,184.0,94.0,0.0,1.0,0.0,1.0,1.0
52748.0,51207.0,0.0,0.0,deny,66.0,66.0,0.0,1.0,0.0,1.0,0.0
55741.0,35137.0,0.0,0.0,drop,70.0,70.0,0.0,1.0,0.0,1.0,0.0
52484.0,445.0,0.0,0.0,drop,66.0,66.0,0.0,1.0,0.0,1.0,0.0
55946.0,53.0,64538.0,53.0,allow,705.0,94.0,613.0,136.0,122.0,126.0,124.0
64207.0,445.0,0.0,0.0,deny,70.0,70.0,0.0,1.0,0.0,1.0,0.0
50754.0,445.0,0.0,0.0,deny,70.0,70.0,0.0,1.0,0.0,1.0,0.0
0.0,22114.0,0.0,0.0,deny,62.0,62.0,0.0,1.0,0.0,1.0,0.0
56544.0,443.0,65503.0,443.0,allow,1721.0,635.0,1244.0,9.0,29.0,5.0,7.0
57843.0,57843.0,0.0,0.0,deny,70.0,70.0,0.0,1.0,0.0,1.0,0.0
49758.0,443.0,9578.0,443.0,drop,4389.0,2420.0,4521.0,2.0,30.0,4.0,5.0
64147.0,445.0,0.0,0.0,drop,66.0,66.0,0.0,1.0,0.0,1.0,0.0
64205.0,0.0,0.0,0.0,deny,66.0,66.0,0.0,1.0,0.0,1.0,0.0
49313.0,443.0,7288.0,443.0,allow,858.0,635.0,567.0,24.0,29.0,16.0,15.0
56689.0,443.0,56536.0,443.0,allow,853.0,572.0,729.0,9.0,27.0,4.0,7.0
50315.0,443.0,48539.0,443.0,allow,194.0,94.0,90.0,2.0,5.0,1.0,1.0
58557.0,53.0,39558.0,53.0,allow,514.0,614.0,118.0,14.0,30.0,6.0,7.0
52396.0,443.0,36288.0,443.0,allow,495.0,102.0,360.0,134.0,121.0,136.0,192.0
61947.0,445.0,0.0,0.0,deny,66.0,66.0,0.0,1.0,0.0,1.0,0.0
36535.0,445.0,0.0,0.0,deny,70.0,70.0,0.0,1.0,0.0,1.0,0.0
57513.0,445.0,0.0,0.0,drop,62.0,62.0,0.0,1.0,0.0,1.0,0.0
56339.0,55456.0,0.0,0.0,deny,60.0,60.0,0.0,1.0,0.0,1.0,0.0
50238.0,53.0,0.0,0.0,allow,66.0,66.0,66.0,1.0,0.0,1.0,1.0
49288.0,443.0,6063.0,443.0,allow,2734.0,1967.0,634.0,15.0,28.0,7.0,10.0
38111.0,25174.0,0.0,0.0,deny,6220.0,6220.0,0.0,1.0,0.0,1.0,0.0
24205.0,445.0,0.0,0.0,deny,62.0,62.0,0.0,1.0,0.0,1.0,1.0
61492.0,80.0,61774.0,80.0,allow,1935.0,1339.0,1776.0,60.0,30.0,53.0,52.0
56881.0,445.0,0.0,0.0,drop,70.0,70.0,0.0,1.0,0.0,1.0,1.0
63314.0,445.0,0.0,0.0,drop,66.0,66.0,0.0,1.0,0.0,1.0,1.0
59514.0,445.0,0.0,0.0,drop,70.0,70.0,1.0,1.0,0.0,1.0,2.0
50967.0,445.0,0.0,0.0,drop,70.0,70.0,0.0,1.0,0.0,1.0,0.0
56503.0,37207.0,0.0,0.0,deny,62.0,62.0,0.0,1.0,0.0,1.0,1.0
5222218.0,445.0,0.0,0.0,drop,66.0,66.0,0.0,1.0,0.0,1.0,0.0
52733.0,445.0,0.0,0.0,drop,66.0,66.0,0.0,1.0,0.0,1.0,1.0
65930.0,445.0,0.0,0.0,deny,70.0,70.0,0.0,1.0,0.0,1.0,0.0
61429.0,443.0,49670.0,443.0,allow,604.0,1141.0,1039.0,20.0,150.0,12.0,11.0
56403.0,443.0,2189.0,443.0,allow,778.0,4482.0,946.0,26.0,37.0,19.0,19.0
57871.0,53.0,748.0,53.0,allow,62.0,62.0,0.0,2.0,30.0,1.0,1.0
50971.0,443.0,55984.0,443.0,allow,618.0,618.0,622.0,12.0,121.0,6.0,6.0
52325.0,53.0,47944.0,53.0,allow,70.0,70.0,0.0,2.0,30.0,1.0,1.0
53591.0,443.0,50907.0,443.0,allow,846.0,737.0,643.0,10.0,29.0,3.0,8.0
52345.0,53.0,614.0,53.0,drop,707.0,711.0,645.0,6.0,30.0,7.0,6.0
57328.0,53.0,36994.0,53.0,allow,180.0,110.0,114.0,3.0,30.0,2.0,2.0
54344.0,80.0,2786.0,80.0,allow,1057.0,2272.0,3195.0,19.0,15.0,4.0,27.0
64416.0,52880.0,64416.0,52880.0,drop,70.0,70.0,0.0,1.0,30.0,1.0,0.0
65265.0,443.0,48410.0,443.0,allow,1310.0,3272.0,1408.0,11.0,30.0,8.0,3791.0
58688.0,53.0,63886.0,53.0,allow,458.0,557.0,814.0,56.0,30.0,30.0,28.0
52386.0,443.0,52785.0,443.0,allow,103.0,102.0,104.0,2.0,29.0,1.0,1.0
44872.0,445.0,0.0,0.0,deny,62.0,62.0,0.0,1.0,0.0,1.0,0.0
63400.0,445.0,0.0,0.0,deny,70.0,70.0,0.0,1.0,0.0,1.0,0.0
63422.0,0.0,0.0,0.0,deny,70.0,70.0,0.0,1.0,0.0,1.0,0.0
57444.0,445.0,0.0,0.0,drop,70.0,70.0,0.0,1.0,0.0,1.0,0.0
58871.0,445.0,0.0,0.0,drop,62.0,62.0,0.0,1.0,0.0,1.0,0.0
60415.0,53.0,549.0,53.0,allow,70.0,70.0,0.0,2.0,30.0,2.0,0.0
55700.0,445.0,0.0,0.0,deny,70.0,70.0,0.0,1.0,0.0,1.0,0.0
65752.0,443.0,1407.0,443.0,allow,621.0,624.0,469.0,7.0,6.0,195.0,182.0
58459.0,445.0,0.0,0.0,drop,70.0,70.0,0.0,1.0,0.0,1.0,0.0
443.0,443.0,55503.0,443.0,allow,1039.0,1236.0,546.0,12.0,121.0,3.0,3.0
54136.0,445.0,0.0,0.0,drop,192.0,192.0,0.0,2.0,0.0,1.0,1.0
51815.0,53.0,0.0,53.0,allow,70.0,70.0,0.0,1.0,30.0,1.0,0.0
49726.0,445.0,0.0,0.0,deny,62.0,62.0,0.0,1.0,0.0,1.0,0.0
55832.0,25174.0,0.0,0.0,deny,66.0,66.0,0.0,1.0,0.0,1.0,0.0
53149.0,443.0,53414.0,443.0,allow,13098.0,1693.0,6092.0,27.0,60.0,19.0,16.0
59796.0,445.0,0.0,0.0,allow,66.0,66.0,0.0,1.0,0.0,1.0,0.0
58638.0,443.0,3889.0,443.0,allow,624.0,624.0,726.0,11.0,35.0,6.0,7.0
56881.0,445.0,0.0,0.0,deny,66.0,66.0,0.0,1.0,0.0,1.0,0.0
48638.0,443.0,35440.0,443.0,allow,6245.0,3245.0,6242.0,25.0,23.0,3.0,6.0
59826.0,443.0,47779.0,443.0,allow,5850.0,2222.0,3282.0,5.0,5.0,3.0,2.0
51704.0,443.0,57387.0,443.0,allow,614.0,1121.0,573.0,19.0,40.0,14.0,28.0
54617.0,443.0,25234.0,443.0,allow,167.0,89.0,86.0,19.0,39.0,5.0,15.0
53591.0,53.0,0.0,0.0,allow,62.0,62.0,0.0,2.0,0.0,1.0,1.0
64657.0,445.0,0.0,0.0,deny,70.0,70.0,0.0,1.0,0.0,1.0,0.0
59094.0,60205.0,0.0,0.0,deny,70.0,70.0,0.0,1.0,0.0,1.0,0.0
58978.0,80.0,30625.0,80.0,allow,1292.0,108.0,704.0,42.0,120.0,26.0,26.0
52436.0,53.0,0.0,53.0,deny,1289.0,3050.0,2570.0,8.0,30.0,2397.0,2395.0
55758.0,23.0,0.0,0.0,allow,70.0,70.0,0.0,1.0,0.0,1.0,0.0
55964.0,445.0,0.0,0.0,drop,70.0,70.0,0.0,1.0,0.0,1.0,0.0
52101.0,53.0,52213.0,53.0,allow,183.0,102.0,89.0,4.0,30.0,2.0,2.0
56693.0,53.0,0.0,0.0,deny,70.0,70.0,0.0,1.0,0.0,1.0,1.0
61710.0,53.0,46429.0,53.0,allow,26.0,2461.0,654.0,32.0,89.0,18.0,19.0
60431.0,60431.0,0.0,0.0,deny,62.0,62.0,0.0,1.0,0.0,1.0,0.0
47558.0,443.0,48579.0,443.0,allow,854.0,715.0,722.0,22.0,16.0,11.0,8.0
51407.0,53.0,0.0,0.0,deny,66.0,66.0,0.0,1.0,0.0,1.0,0.0
53472.0,445.0,0.0,0.0,drop,70.0,70.0,0.0,1.0,0.0,1.0,0.0
56424.0,445.0,0.0,0.0,drop,66.0,66.0,0.0,1.0,0.0,1.0,0.0
55566.0,53.0,59093.0,53.0,allow,166.0,102.0,86.0,2.0,30.0,1.0,1.0
57470.0,445.0,0.0,0.0,drop,66.0,66.0,0.0,1.0,0.0,1.0,1.0
58638.0,0.0,0.0,0.0,drop,66.0,66.0,0.0,1.0,0.0,1.0,1.0
55417.0,443.0,54533.0,443.0,allow,624.0,634.0,614.0,19.0,39.0,10.0,10.0
50652.0,443.0,48475.0,443.0,allow,644.0,622.0,543.0,19.0,21.0,19.0,18.0
63665.0,445.0,0.0,0.0,deny,66.0,66.0,0.0,1.0,0.0,1.0,0.0
49808.0,443.0,53516.0,443.0,allow,1437.0,948.0,1059.0,28.0,29.0,10.0,8.0
56433.0,53.0,63825.0,53.0,allow,190.0,110.0,80.0,2.0,30.0,1.0,1.0
46865.0,443.0,3589.0,443.0,allow,4986.0,1224.0,361.0,29.0,150.0,19.0,19.0
62691.0,0.0,0.0,0.0,deny,66.0,66.0,0.0,1.0,0.0,1.0,1.0
57434.0,53.0,50974.0,53.0,allow,193.0,102.0,121.0,2.0,29.0,1.0,1.0
57733.0,443.0,60938.0,443.0,allow,1626.0,21.0,814.0,23.0,15.0,6.0,12.0
56103.0,443.0,58831.0,443.0,798,3836.0,966.0,2314.0,6.0,34.0,5.0,5.0
48967.0,53.0,25888.0,53.0,allow,238.0,94.0,138.0,2.0,25.0,1.0,1.0
51865.0,445.0,0.0,0.0,drop,66.0,66.0,0.0,1.0,0.0,1.0,0.0
49661.0,53.0,39796.0,53.0,allow,168.0,102.0,89.0,4.0,30.0,2.0,2.0
66383.0,445.0,0.0,0.0,drop,66.0,66.0,0.0,1.0,0.0,1.0,0.0
0.0,445.0,0.0,0.0,deny,66.0,66.0,0.0,1.0,0.0,1.0,0.0
48576.0,443.0,35163.0,443.0,allow,2586.0,1313.0,6510.0,29.0,29.0,13.0,12.0
55604.0,445.0,0.0,0.0,deny,70.0,70.0,0.0,1.0,0.0,1.0,0.0
55288.0,445.0,0.0,0.0,drop,66.0,66.0,0.0,1.0,0.0,1.0,0.0
50408.0,443.0,10652.0,443.0,allow,183.0,83.0,170.0,22.0,35.0,17.0,8.0
52387.0,55114.0,0.0,0.0,deny,70.0,70.0,0.0,1.0,0.0,1.0,0.0
53117.0,445.0,0.0,0.0,deny,70.0,70.0,0.0,1.0,0.0,1.0,0.0
51948.0,443.0,11503.0,443.0,allow,4685.0,2744.0,2944.0,86.0,11.0,17.0,2379.0
55636.0,53.0,57709.0,53.0,allow,94.0,94.0,0.0,2.0,14.0,1.0,1.0
55503.0,443.0,46418.0,443.0,allow,667.0,488.0,488.0,6.0,30.0,3.0,3.0
45625.0,445.0,0.0,0.0,deny,66.0,66.0,0.0,1.0,0.0,1.0,1.0
57870.0,54140.0,60468.0,54140.0,allow,66.0,66.0,0.0,1.0,19.0,1.0,0.0
63426.0,64147.0,0.0,0.0,deny,66.0,66.0,0.0,1.0,0.0,1.0,1.0
57842.0,443.0,14069.0,443.0,allow,665.0,183.0,665.0,8.0,30.0,3.0,3.0
60346.0,53.0,57362.0,53.0,allow,1659.0,3560.0,1858.0,19.0,30.0,11.0,10.0
52318.0,26217.0,0.0,0.0,deny,66.0,66.0,0.0,1.0,0.0,1.0,0.0
58351.0,443.0,58351.0,443.0,allow,817.0,716.0,87.0,219.0,19.0,172.0,167.0
54904.0,445.0,0.0,0.0,deny,70.0,70.0,0.0,1.0,0.0,1.0,0.0
55962.0,53.0,7091.0,53.0,allow,85.0,70.0,83.0,13.0,30.0,12.0,52.0
52260.0,443.0,53862.0,443.0,allow,2521.0,1322.0,1689.0,29.0,30.0,6.0,8.0
55653.0,443.0,49943.0,443.0,allow,6091.0,3261.0,9760.0,29.0,29.0,18.0,16.0
57448.0,445.0,0.0,0.0,deny,62.0,62.0,0.0,1.0,0.0,1.0,0.0
25217.0,443.0,54623.0,443.0,allow,5649.0,1539.0,2827.0,18.0,30.0,14.0,15.0
64147.0,445.0,0.0,0.0,deny,70.0,70.0,0.0,1.0,0.0,1.0,0.0
56984.0,53.0,0.0,0.0,deny,62.0,62.0,0.0,1.0,0.0,1.0,1.0
54938.0,445.0,0.0,0.0,deny,66.0,66.0,0.0,1.0,0.0,1.0,0.0
58896.0,445.0,0.0,0.0,deny,62.0,62.0,0.0,1.0,0.0,1.0,0.0
61484.0,445.0,0.0,0.0,deny,70.0,70.0,0.0,1.0,0.0,1.0,0.0
54927.0,443.0,17891.0,443.0,allow,1727.0,636.0,1523.0,25.0,1093.0,1065.0,1205.0
58470.0,445.0,0.0,0.0,allow,70.0,70.0,0.0,1.0,0.0,1.0,1.0
52782.0,445.0,0.0,0.0,drop,70.0,70.0,0.0,1.0,0.0,1.0,0.0
62435.0,0.0,0.0,0.0,drop,66.0,66.0,0.0,1.0,0.0,1.0,1.0
8981.0,80.0,9888.0,80.0,allow,464.0,1230.0,111.0,6.0,30.0,4.0,3.0
64228.0,445.0,0.0,0.0,drop,70.0,70.0,0.0,1.0,0.0,1.0,1.0
59071.0,443.0,56424.0,443.0,allow,907.0,834.0,718.0,39.0,30.0,19.0,29.0
52782.0,443.0,0.0,443.0,deny,66.0,66.0,0.0,1.0,0.0,1.0,0.0
50178.0,443.0,3620.0,443.0,allow,269.0,94.0,102.0,2.0,29.0,1.0,1.0
52426.0,53.0,50941.0,53.0,allow,575.0,17.0,468.0,22.0,17.0,12.0,10.0
55714.0,53.0,55714.0,53.0,allow,199.0,102.0,104.0,170.0,48.0,92.0,84.0
64468.0,445.0,0.0,0.0,drop,70.0,70.0,0.0,1.0,0.0,10.0,10.0
53816.0,53.0,55601.0,53.0,allow,198.0,94.0,97.0,2.0,31.0,1.0,1.0
5892.0,445.0,0.0,0.0,drop,70.0,70.0,0.0,1.0,0.0,1.0,0.0
56444.0,443.0,43469.0,443.0,allow,1652.0,835.0,1245.0,18.0,37.0,17.0,16.0
5086.0,443.0,62838.0,443.0,allow,744.0,1237.0,1021.0,11.0,30.0,10.0,9.0
52723.0,53.0,57908.0,53.0,allow,664.0,92.0,646.0,2.0,30.0,1.0,1.0
58638.0,5900.0,0.0,0.0,drop,66.0,66.0,0.0,1.0,0.0,1.0,0.0
51938.0,445.0,0.0,0.0,deny,70.0,70.0,0.0,1.0,0.0,1.0,0.0
61949.0,443.0,52418.0,443.0,allow,524.0,873.0,2327.0,15.0,7.0,10.0,10.0
57966.0,445.0,0.0,0.0,drop,70.0,70.0,0.0,1.0,0.0,1.0,0.0
58844.0,53.0,35647.0,53.0,allow,66.0,66.0,0.0,2.0,30.0,1.0,1.0
55529.0,53.0,53813.0,53.0,allow,62.0,60.0,62.0,2.0,30.0,1.0,1.0
56805.0,445.0,0.0,0.0,deny,66.0,66.0,0.0,1.0,0.0,1.0,0.0
56428.0,53.0,0.0,0.0,allow,62.0,62.0,0.0,1.0,0.0,1.0,1.0
56843.0,53.0,55456.0,53.0,allow,70.0,70.0,97.0,2.0,31.0,1.0,1.0
62416.0,8051.0,51857.0,8051.0,allow,2570.0,1477.0,1533.0,18.0,9.0,11.0,8.0
49097.0,80.0,64593.0,80.0,allow,2410.0,1955.0,4847.0,25.0,35.0,20.0,20.0
57870.0,445.0,0.0,0.0,drop,136.0,136.0,0.0,1.0,0.0,1.0,0.0
53686.0,445.0,0.0,0.0,deny,66.0,66.0,0.0,1.0,0.0,1.0,0.0
6091.0,445.0,0.0,0.0,deny,70.0,70.0,0.0,1.0,0.0,1.0,0.0
56693.0,53.0,56693.0,53.0,allow,70.0,70.0,0.0,2.0,30.0,1.0,1.0
25392.0,445.0,0.0,0.0,drop,70.0,70.0,0.0,1.0,0.0,1.0,1.0
51535.0,64470.0,0.0,0.0,deny,62.0,62.0,0.0,1.0,0.0,1.0,0.0
565.0,445.0,0.0,0.0,deny,70.0,70.0,0.0,1.0,0.0,1.0,0.0
64147.0,445.0,0.0,0.0,deny,70.0,70.0,0.0,1.0,0.0,1.0,0.0
51704.0,445.0,0.0,0.0,deny,136.0,136.0,0.0,1.0,0.0,1.0,0.0
51873.0,53.0,2509.0,53.0,allow,195.0,93.0,93.0,4.0,30.0,2.0,2.0
52787.0,53.0,56421.0,53.0,allow,196.0,66.0,97.0,4.0,29.0,2.0,2.0
50448.0,53.0,7448.0,53.0,allow,1358.0,102.0,626.0,19.0,14.0,19.0,14.0
57836.0,53.0,65670.0,53.0,allow,257.0,102.0,177.0,4.0,12.0,2.0,3.0
49329.0,443.0,54633.0,443.0,allow,745.0,1028.0,664.0,10.0,26.0,10.0,6.0
65480.0,445.0,0.0,0.0,drop,62.0,62.0,0.0,1.0,0.0,1.0,1.0
51607.0,37140.0,0.0,0.0,drop,66.0,66.0,0.0,1.0,0.0,1.0,0.0
54317.0,57838.0,0.0,0.0,deny,62.0,62.0,0.0,1.0,0.0,1.0,0.0
58601.0,443.0,58601.0,443.0,allow,1712.0,1489.0,6599.0,25.0,16.0,18.0,15.0
53488.0,445.0,2796.0,0.0,drop,66.0,66.0,0.0,2.0,0.0,1.0,1.0
55245.0,53.0,53898.0,53.0,allow,70.0,70.0,0.0,2.0,31.0,1.0,1.0
62872.0,53.0,0.0,0.0,deny,66.0,66.0,0.0,1.0,0.0,1.0,0.0
54324.0,445.0,0.0,0.0,deny,70.0,70.0,0.0,1.0,0.0,1.0,0.0
52486.0,445.0,0.0,0.0,deny,62.0,62.0,0.0,1.0,0.0,1.0,0.0
63570.0,445.0,0.0,0.0,drop,66.0,66.0,0.0,1.0,0.0,1.0,0.0
56438.0,445.0,0.0,0.0,drop,66.0,66.0,0.0,1.0,0.0,1.0,1.0
57470.0,443.0,5908.0,443.0,allow,1514.0,614.0,807.0,8.0,30.0,6.0,6.0
64547.0,53.0,3363.0,53.0,allow,199.0,94.0,97.0,2.0,30.0,1.0,1.0
50172.0,53.0,26119.0,53.0,allow,210.0,1096.0,94.0,6.0,30.0,6.0,5.0
54933.0,443.0,7094.0,443.0,allow,1404.0,2222.0,1028.0,18.0,15.0,8.0,8.0
53386.0,25174.0,0.0,0.0,deny,62.0,62.0,0.0,1.0,0.0,1.0,0.0
59868.0,445.0,0.0,0.0,drop,62.0,62.0,0.0,1.0,0.0,1.0,0.0
54434.0,443.0,54434.0,443.0,allow,1035.0,815.0,1254.0,11.0,14.0,6.0,8.0
55700.0,53.0,0.0,0.0,allow,100.0,100.0,0.0,1.0,30.0,1.0,1.0
37279.0,45619.0,0.0,0.0,deny,70.0,70.0,0.0,1.0,0.0,1.0,1.0
55470.0,445.0,0.0,0.0,drop,70.0,70.0,0.0,1.0,0.0,1.0,0.0
52426.0,57470.0,52426.0,57470.0,allow,193.0,101.0,83.0,4.0,31.0,2.0,2.0
53882.0,445.0,0.0,0.0,deny,62.0,62.0,0.0,1.0,0.0,1.0,0.0
55970.0,15777.0,0.0,0.0,deny,70.0,70.0,0.0,1.0,0.0,1.0,0.0
57423.0,445.0,0.0,0.0,drop,70.0,70.0,0.0,1.0,0.0,1.0,1.0
36352.0,443.0,3271.0,443.0,allow,1933.0,559.0,527.0,11.0,22.0,7.0,4.0
55415.0,445.0,0.0,0.0,deny,60.0,60.0,0.0,1.0,0.0,1.0,1.0
49774.0,443.0,60700.0,443.0,allow,706.0,618.0,707.0,20.0,20.0,5.0,10.0
59894.0,53.0,49440.0,53.0,allow,199.0,94.0,97.0,2.0,30.0,1.0,1.0
6077.0,445.0,0.0,0.0,deny,66.0,66.0,0.0,1.0,0.0,1.0,0.0
59829.0,443.0,50922.0,443.0,allow,70.0,70.0,0.0,2.0,30.0,1.0,1.0
53171.0,443.0,57316.0,443.0,allow,196.0,94.0,140.0,2.0,90.0,1.0,1.0
54314.0,445.0,7079.0,443.0,allow,184.0,102.0,83.0,2.0,30.0,1.0,1.0
56545.0,53.0,0.0,0.0,drop,66.0,66.0,0.0,1.0,0.0,1.0,1.0
54913.0,445.0,0.0,0.0,drop,66.0,66.0,0.0,1.0,0.0,1.0,1.0
58631.0,445.0,0.0,0.0,deny,66.0,66.0,0.0,1.0,0.0,1.0,1.0
55700.0,53.0,23448.0,53.0,allow,97.0,102.0,93.0,2.0,30.0,1.0,1.0
52618.0,443.0,52618.0,443.0,allow,2321.0,644.0,2156.0,7.0,29.0,3.0,3.0
49774.0,445.0,52628.0,443.0,allow,220.0,102.0,134.0,2.0,30.0,1.0,1.0
43825.0,2900.0,0.0,0.0,deny,62.0,62.0,0.0,1.0,0.0,1.0,1.0
50748.0,445.0,0.0,0.0,drop,60.0,60.0,0.0,1.0,0.0,1.0,0.0
38418.0,445.0,0.0,0.0,deny,62.0,62.0,0.0,1.0,0.0,1.0,0.0
59874.0,443.0,60421.0,443.0,allow,1782.0,1782.0,906.0,13.0,5.0,9.0,6.0
58414.0,57317.0,0.0,0.0,deny,70.0,70.0,0.0,2.0,0.0,2.0,2.0
52280.0,53.0,15362.0,53.0,allow,202.0,102.0,102.0,2.0,30.0,1.0,1.0
56943.0,25147.0,0.0,0.0,deny,62.0,62.0,0.0,1.0,0.0,1.0,0.0
57445.0,445.0,49794.0,445.0,allow,4711.0,3158.0,2038.0,26.0,29.0,15.0,14.0
56822.0,53.0,35994.0,53.0,allow,7098.0,2158.0,6114.0,29.0,30.0,29.0,0.0
57810.0,445.0,0.0,0.0,deny,66.0,66.0,0.0,1.0,0.0,1.0,0.0
57191.0,53.0,64617.0,53.0,allow,184.0,94.0,83.0,1.0,30.0,1.0,1.0
57865.0,443.0,18300.0,443.0,allow,4697.0,86.0,704.0,30.0,18.0,19.0,20.0
55503.0,443.0,2909.0,443.0,allow,2250.0,2664.0,1649.0,20.0,122.0,11.0,7.0
49205.0,53.0,39205.0,53.0,allow,86.0,94.0,102.0,2.0,30.0,1.0,1.0
49570.0,445.0,0.0,0.0,drop,70.0,70.0,0.0,1.0,0.0,1.0,0.0
49207.0,443.0,25225.0,443.0,allow,1944.0,6.0,1155.0,8.0,27.0,8.0,6.0
55936.0,30155.0,0.0,0.0,deny,62.0,62.0,0.0,1.0,0.0,1.0,0.0
55785.0,443.0,43765.0,443.0,allow,6091.0,1464.0,1372.0,25.0,5.0,17.0,14.0
51525.0,443.0,2139.0,443.0,allow,903.0,613.0,4598.0,12.0,32.0,7.0,5.0
55743.0,445.0,0.0,0.0,drop,66.0,66.0,0.0,1.0,0.0,1.0,0.0
2700.0,2700.0,0.0,0.0,deny,70.0,70.0,0.0,1.0,0.0,1.0,0.0
52816.0,445.0,0.0,0.0,drop,70.0,70.0,0.0,1.0,0.0,1.0,0.0
56845.0,445.0,0.0,0.0,drop,62.0,62.0,0.0,1.0,0.0,1.0,0.0
51398.0,445.0,0.0,0.0,deny,62.0,62.0,0.0,1.0,0.0,1.0,0.0
55132.0,53.0,3900.0,53.0,allow,707.0,626.0,665.0,6.0,25.0,4.0,4.0
55723.0,443.0,56416.0,443.0,allow,1610.0,617.0,838.0,8.0,29.0,4.0,5.0
59091.0,445.0,0.0,0.0,drop,62.0,62.0,0.0,1.0,0.0,1.0,0.0
58839.0,80.0,0.0,0.0,deny,62.0,62.0,0.0,1.0,0.0,1.0,0.0
53629.0,445.0,0.0,0.0,drop,60.0,60.0,0.0,1.0,0.0,1.0,0.0
51841.0,0.0,0.0,0.0,deny,70.0,70.0,0.0,1.0,0.0,1.0,0.0
57392.0,53.0,60764.0,53.0,allow,190.0,94.0,122.0,2.0,29.0,1.0,1.0
58800.0,53.0,0.0,0.0,drop,70.0,70.0,0.0,1.0,0.0,1.0,0.0
63813.0,445.0,0.0,0.0,deny,70.0,70.0,0.0,1.0,0.0,1.0,0.0
51823.0,53.0,23341.0,53.0,allow,2523.0,1573.0,1233.0,10.0,29.0,10.0,7.0
52625.0,443.0,8265.0,443.0,allow,1378.0,707.0,967.0,17.0,41.0,4.0,10.0
62429.0,445.0,0.0,0.0,deny,70.0,70.0,0.0,1.0,0.0,1.0,0.0
51872.0,443.0,56309.0,443.0,allow,838.0,1707.0,979.0,28.0,145.0,13.0,9.0
52216.0,445.0,0.0,0.0,deny,62.0,62.0,0.0,2.0,0.0,2.0,0.0
57563.0,0.0,0.0,0.0,deny,52.0,52.0,0.0,1.0,0.0,1.0,52.0
50756.0,443.0,16077.0,443.0,allow,301.0,19.0,89.0,32.0,29.0,16.0,16.0
55265.0,50584.0,0.0,0.0,allow,70.0,70.0,0.0,2.0,0.0,1.0,0.0
54436.0,445.0,0.0,0.0,deny,66.0,66.0,0.0,1.0,0.0,1.0,1.0
51421.0,445.0,51421.0,443.0,allow,183.0,94.0,92.0,2.0,30.0,1.0,1.0
49766.0,53.0,62343.0,53.0,allow,707.0,94.0,97.0,2.0,30.0,1.0,1.0
57774.0,445.0,0.0,0.0,drop,66.0,66.0,0.0,1.0,0.0,1.0,1.0
56705.0,445.0,0.0,0.0,drop,66.0,66.0,0.0,1.0,0.0,1.0,0.0
53682.0,57470.0,0.0,0.0,deny,70.0,70.0,0.0,1.0,0.0,1.0,0.0
51823.0,53.0,51823.0,53.0,allow,70.0,70.0,0.0,2.0,30.0,1.0,1.0
58864.0,25174.0,0.0,25174.0,deny,66.0,66.0,0.0,1.0,0.0,1.0,0.0
60314.0,445.0,0.0,0.0,drop,66.0,66.0,0.0,1.0,0.0,1.0,0.0
59865.0,57874.0,0.0,0.0,drop,66.0,66.0,0.0,1.0,0.0,1.0,0.0
56815.0,57856.0,0.0,0.0,drop,70.0,70.0,0.0,1.0,0.0,1.0,1.0
48746.0,64147.0,0.0,0.0,drop,70.0,70.0,0.0,1.0,0.0,1.0,0.0
54639.0,53.0,7588.0,53.0,allow,62.0,62.0,81.0,2.0,30.0,1.0,1.0
56769.0,53.0,50839.0,53.0,allow,180.0,110.0,90.0,2.0,30.0,1.0,1.0
60756.0,445.0,0.0,0.0,drop,62.0,62.0,0.0,1.0,0.0,1.0,0.0
51765.0,44847.0,0.0,0.0,drop,70.0,70.0,0.0,1.0,0.0,1.0,1.0
51441.0,445.0,0.0,0.0,drop,66.0,66.0,0.0,1.0,0.0,1.0,0.0
63846.0,53.0,25194.0,53.0,allow,2935.0,2190.0,808.0,6234.0,17.0,2.0,2.0
57805.0,443.0,62370.0,443.0,allow,928.0,568.0,743.0,11.0,5.0,13.0,8.0
57433.0,443.0,57433.0,443.0,allow,743.0,646.0,2331.0,29.0,25.0,22.0,22.0
59847.0,14500.0,0.0,0.0,deny,66.0,66.0,0.0,1.0,0.0,1.0,0.0
59392.0,445.0,0.0,0.0,deny,62.0,62.0,0.0,1.0,0.0,1.0,1.0
37408.0,53.0,56416.0,53.0,allow,70.0,94.0,83.0,2.0,30.0,1.0,1.0
57740.0,445.0,0.0,0.0,drop,70.0,70.0,0.0,1.0,0.0,1.0,1.0
56578.0,445.0,0.0,0.0,deny,62.0,62.0,0.0,1.0,0.0,1.0,0.0
60074.0,0.0,0.0,0.0,deny,70.0,70.0,0.0,1.0,0.0,1.0,0.0
5881.0,58440.0,0.0,0.0,deny,70.0,70.0,0.0,2.0,0.0,1.0,0.0
55625.0,53.0,3789.0,53.0,allow,183.0,110.0,93.0,4.0,30.0,3.0,2.0
57841.0,22114.0,0.0,0.0,drop,62.0,62.0,0.0,1.0,0.0,1.0,0.0
61848.0,53.0,3669.0,53.0,allow,168.0,66.0,66.0,2.0,30.0,1.0,1.0
60910.0,445.0,0.0,0.0,drop,70.0,70.0,0.0,1.0,0.0,1.0,0.0
58881.0,0.0,0.0,0.0,drop,70.0,70.0,0.0,1.0,0.0,1.0,0.0
548.0,53.0,54424.0,53.0,allow,199.0,94.0,83.0,2.0,31.0,1.0,1.0
59942.0,445.0,0.0,0.0,drop,62.0,62.0,0.0,1.0,0.0,1.0,0.0
51878.0,53.0,0.0,0.0,allow,62.0,62.0,0.0,2.0,0.0,1.0,1.0
55234.0,53.0,48410.0,53.0,allow,66.0,66.0,0.0,1.0,29.0,1.0,1.0
55936.0,445.0,0.0,0.0,deny,62.0,62.0,0.0,1.0,0.0,1.0,0.0
7061.0,445.0,0.0,0.0,deny,70.0,70.0,0.0,1.0,0.0,1.0,0.0
54978.0,80.0,15462.0,80.0,allow,4881.0,578.0,5893.0,16.0,86.0,6.0,7.0
51833.0,64147.0,0.0,0.0,drop,70.0,70.0,0.0,1.0,0.0,1.0,0.0
56413.0,445.0,0.0,0.0,drop,70.0,70.0,0.0,1.0,0.0,1.0,0.0
56943.0,7777.0,0.0,0.0,drop,70.0,70.0,0.0,1.0,0.0,1.0,0.0
52750.0,445.0,0.0,0.0,drop,66.0,66.0,0.0,1.0,0.0,1.0,0.0
59638.0,445.0,0.0,0.0,deny,66.0,66.0,0.0,1.0,0.0,1.0,0.0
57220.0,443.0,57220.0,443.0,allow,1791.0,97.0,2931.0,19.0,33.0,9.0,12.0
56810.0,2900.0,0.0,0.0,deny,62.0,62.0,0.0,1.0,0.0,1.0,0.0
26111.0,445.0,0.0,0.0,deny,70.0,70.0,0.0,1.0,0.0,1.0,0.0
64990.0,445.0,0.0,0.0,drop,70.0,70.0,0.0,1.0,0.0,1.0,0.0
57288.0,445.0,0.0,0.0,deny,62.0,62.0,0.0,1.0,0.0,1.0,0.0
52300.0,54400.0,0.0,54400.0,allow,70.0,70.0,0.0,1.0,0.0,1.0,0.0
64434.0,445.0,0.0,0.0,deny,70.0,70.0,0.0,1.0,0.0,1.0,0.0
51836.0,80.0,9578.0,80.0,allow,1924.0,1809.0,1424.0,28.0,15.0,19.0,16.0
53492.0,3586.0,0.0,0.0,drop,66.0,66.0,0.0,1.0,0.0,1.0,0.0
49440.0,445.0,0.0,0.0,deny,70.0,70.0,0.0,1.0,0.0,1.0,0.0
26174.0,445.0,0.0,0.0,drop,62.0,62.0,0.0,1.0,0.0,1.0,0.0
54622.0,443.0,35891.0,443.0,allow,2101.0,675.0,573.0,26.0,83.0,19.0,18.0
55638.0,38383.0,0.0,0.0,deny,66.0,66.0,0.0,1.0,0.0,1.0,1.0
59754.0,80.0,35280.0,80.0,allow,2245.0,2143.0,1573.0,30.0,30.0,12.0,19.0
62327.0,445.0,0.0,0.0,deny,66.0,66.0,0.0,1.0,0.0,1.0,0.0
49360.0,1607.0,0.0,1607.0,allow,1034.0,573.0,943.0,19.0,11.0,6.0,8.0
64418.0,445.0,0.0,0.0,deny,70.0,70.0,0.0,1.0,0.0,1.0,0.0
56892.0,0.0,0.0,0.0,deny,66.0,66.0,0.0,1.0,0.0,1.0,0.0
57869.0,443.0,61804.0,443.0,allow,723.0,557.0,478.0,19.0,19.0,11.0,1205.0
52313.0,445.0,0.0,0.0,deny,70.0,70.0,0.0,1.0,0.0,1.0,1.0
56646.0,53.0,0.0,0.0,deny,70.0,70.0,0.0,1.0,0.0,1.0,0.0
54205.0,445.0,53908.0,0.0,deny,83.0,94.0,83.0,1.0,0.0,1.0,1.0
49735.0,80.0,62472.0,80.0,allow,177.0,2.0,83.0,8.0,15.0,6.0,7.0
57418.0,445.0,0.0,0.0,deny,70.0,70.0,0.0,1.0,0.0,1.0,0.0
60652.0,443.0,13459.0,443.0,allow,625.0,4.0,623.0,4.0,30.0,2.0,3.0
0.0,0.0,0.0,0.0,deny,66.0,66.0,0.0,1.0,0.0,1.0,1.0
61915.0,445.0,0.0,0.0,drop,66.0,66.0,0.0,1.0,0.0,1.0,0.0
50752.0,53.0,64352.0,53.0,allow,526.0,1096.0,959.0,10.0,30.0,7.0,7.0
56897.0,53.0,53673.0,53.0,allow,198.0,257.0,94.0,194.0,30.0,182.0,182.0
63885.0,53.0,0.0,0.0,deny,66.0,66.0,0.0,1.0,0.0,1.0,0.0
60300.0,445.0,0.0,0.0,drop,66.0,66.0,0.0,1.0,0.0,1.0,1.0
51789.0,445.0,0.0,0.0,allow,74.0,74.0,0.0,1.0,0.0,1.0,0.0
52447.0,445.0,0.0,0.0,drop,66.0,66.0,0.0,1.0,0.0,1.0,1.0
49533.0,443.0,0.0,443.0,deny,70.0,70.0,0.0,2.0,0.0,1.0,0.0
49217.0,80.0,63846.0,80.0,allow,936.0,544.0,726.0,17.0,29.0,8.0,7.0
56339.0,445.0,0.0,0.0,deny,62.0,62.0,0.0,1.0,0.0,1.0,0.0
64114.0,51570.0,0.0,0.0,deny,62.0,62.0,0.0,1.0,0.0,1.0,0.0
26505.0,445.0,0.0,0.0,drop,66.0,66.0,0.0,1.0,0.0,1.0,0.0
57078.0,443.0,54457.0,443.0,allow,1708.0,2049.0,55989.0,19.0,8.0,14.0,14.0
56493.0,445.0,0.0,0.0,deny,62.0,62.0,0.0,1.0,0.0,1.0,0.0
60720.0,445.0,0.0,0.0,allow,62.0,62.0,0.0,1.0,0.0,1.0,0.0
56592.0,445.0,0.0,0.0,deny,102.0,102.0,0.0,11.0,0.0,9.0,11.0
64825.0,445.0,0.0,0.0,drop,70.0,70.0,0.0,1.0,0.0,1.0,0.0
54329.0,443.0,3073.0,443.0,allow,49071.0,6288.0,4799.0,70.0,16.0,15.0,3791.0
54653.0,445.0,0.0,0.0,deny,70.0,70.0,0.0,1.0,0.0,1.0,0.0
58638.0,53.0,6071.0,53.0,allow,1200.0,4897.0,1068.0,20.0,27.0,19.0,17.0
47450.0,0.0,0.0,0.0,deny,66.0,66.0,0.0,1.0,0.0,1.0,0.0
55545.0,49721.0,0.0,0.0,deny,66.0,66.0,0.0,1.0,0.0,1.0,0.0
52118.0,23.0,0.0,0.0,deny,62.0,62.0,0.0,2.0,0.0,1.0,1.0
61848.0,445.0,0.0,0.0,drop,70.0,70.0,0.0,1.0,0.0,1.0,0.0
51435.0,53.0,0.0,53.0,deny,66.0,66.0,0.0,1.0,0.0,1.0,1.0
54316.0,445.0,0.0,0.0,allow,83.0,70.0,83.0,1.0,0.0,1.0,1.0
57470.0,445.0,0.0,0.0,drop,66.0,66.0,0.0,1.0,0.0,1.0,0.0
56096.0,445.0,0.0,0.0,drop,220.0,110.0,118.0,2.0,0.0,1.0,1.0
53514.0,443.0,57288.0,443.0,allow,1412.0,1414.0,1326.0,16.0,8.0,12.0,7.0
60427.0,60427.0,0.0,0.0,deny,70.0,70.0,0.0,1.0,0.0,1.0,1.0
49738.0,443.0,52667.0,443.0,allow,837.0,94.0,759.0,25.0,5.0,7.0,6.0
56839.0,445.0,0.0,0.0,drop,70.0,70.0,0.0,1.0,0.0,1.0,0.0
52386.0,53.0,53313.0,53.0,allow,183.0,102.0,94.0,2.0,30.0,1.0,2.0
60503.0,443.0,37990.0,443.0,allow,526.0,442.0,1252.0,6.0,17.0,5.0,4.0
64103.0,445.0,0.0,0.0,drop,62.0,62.0,0.0,2.0,0.0,1.0,1.0
63957.0,445.0,0.0,0.0,drop,70.0,70.0,0.0,1.0,0.0,1.0,0.0
61804.0,80.0,3077.0,80.0,allow,1421.0,915.0,658.0,8.0,20.0,10.0,7.0
64649.0,53.0,0.0,0.0,deny,66.0,66.0,0.0,1.0,0.0,1.0,0.0
52733.0,445.0,0.0,0.0,deny,66.0,66.0,0.0,21.0,0.0,21.0,21.0
51843.0,445.0,0.0,0.0,drop,70.0,70.0,0.0,1.0,0.0,1.0,0.0
5013.0,17983.0,52364.0,17983.0,allow,70.0,70.0,0.0,2.0,15.0,2.0,0.0
50941.0,443.0,49424.0,443.0,allow,1826.0,1620.0,647.0,20.0,16.0,8.0,7.0
56681.0,445.0,0.0,0.0,deny,78.0,94.0,0.0,1.0,0.0,1.0,1.0
64923.0,445.0,0.0,0.0,allow,70.0,70.0,0.0,1.0,30.0,1.0,0.0
56500.0,445.0,0.0,0.0,drop,66.0,66.0,0.0,1.0,0.0,1.0,0.0
49418.0,445.0,0.0,0.0,deny,66.0,66.0,0.0,1.0,0.0,1.0,0.0
50912.0,445.0,0.0,0.0,drop,66.0,66.0,0.0,1.0,0.0,1.0,0.0
63878.0,445.0,0.0,0.0,drop,66.0,66.0,0.0,1.0,0.0,1.0,0.0
52664.0,56205.0,50625.0,56205.0,allow,350.0,508.0,688.0,2.0,30.0,1.0,0.0
54746.0,445.0,0.0,0.0,drop,70.0,70.0,0.0,6.0,0.0,5.0,6.0
54487.0,443.0,56434.0,443.0,allow,813.0,102.0,695.0,12.0,30.0,8.0,6.0
62617.0,445.0,0.0,0.0,drop,66.0,66.0,0.0,1.0,0.0,1.0,0.0
54936.0,445.0,0.0,0.0,drop,66.0,66.0,0.0,1.0,0.0,1.0,0.0
56688.0,443.0,36156.0,443.0,allow,1541.0,1665.0,568.0,24.0,325.0,10.0,8.0
63862.0,51878.0,0.0,0.0,deny,62.0,62.0,0.0,1.0,0.0,1.0,0.0
54387.0,443.0,56835.0,443.0,allow,715.0,78.0,537.0,6.0,27.0,4.0,4.0
58900.0,445.0,0.0,0.0,drop,70.0,70.0,0.0,1.0,0.0,1.0,0.0
49566.0,443.0,37174.0,443.0,allow,706.0,94.0,89.0,6.0,14.0,4.0,4.0
51959.0,0.0,0.0,445.0,allow,70.0,70.0,0.0,1.0,0.0,1.0,0.0
55174.0,443.0,945.0,443.0,allow,707.0,809.0,922.0,10.0,16.0,8.0,7.0
56605.0,445.0,0.0,0.0,deny,62.0,62.0,0.0,2.0,0.0,1.0,1.0
50917.0,443.0,66745.0,443.0,allow,177.0,98.0,102.0,19.0,25.0,11.0,11.0
64946.0,445.0,0.0,0.0,drop,62.0,62.0,0.0,1.0,0.0,1.0,0.0
56910.0,445.0,0.0,0.0,drop,70.0,70.0,0.0,1.0,0.0,1.0,0.0
52423.0,80.0,51626.0,80.0,allow,4999.0,2191.0,4948.0,10.0,4.0,9.0,8.0
62893.0,445.0,0.0,0.0,deny,62.0,62.0,0.0,1.0,0.0,1.0,0.0
54680.0,445.0,0.0,0.0,drop,70.0,70.0,0.0,1.0,0.0,1.0,0.0
59329.0,445.0,0.0,0.0,deny,70.0,70.0,0.0,1.0,0.0,1.0,0.0
61947.0,445.0,0.0,0.0,drop,70.0,70.0,0.0,1.0,0.0,1.0,0.0
57788.0,24477.0,0.0,0.0,deny,62.0,62.0,0.0,1.0,0.0,1.0,0.0
51829.0,443.0,51829.0,443.0,allow,1744.0,637.0,1534.0,50.0,28.0,19.0,20.0
50986.0,445.0,0.0,0.0,drop,62.0,62.0,0.0,1.0,0.0,1.0,0.0
6091.0,445.0,0.0,0.0,drop,66.0,66.0,0.0,1.0,0.0,1.0,0.0
0.0,10584.0,0.0,0.0,deny,70.0,70.0,0.0,1.0,0.0,1.0,1.0
46882.0,53.0,30754.0,53.0,allow,194.0,83.0,83.0,3.0,30.0,2.0,2.0
56805.0,53.0,65426.0,53.0,allow,624.0,94.0,90.0,2.0,30.0,1.0,1.0
64999.0,445.0,0.0,0.0,drop,70.0,70.0,0.0,1.0,0.0,1.0,0.0
57318.0,445.0,0.0,0.0,deny,70.0,70.0,0.0,1.0,0.0,1.0,0.0
57426.0,62422.0,0.0,0.0,deny,70.0,70.0,0.0,1.0,0.0,1.0,1.0
59515.0,443.0,61149.0,443.0,allow,6373.0,3271.0,3619.0,35.0,30.0,19.0,29.0
54227.0,53.0,0.0,0.0,deny,62.0,62.0,0.0,1.0,0.0,1.0,0.0
58638.0,445.0,0.0,0.0,drop,62.0,62.0,0.0,1.0,0.0,1.0,0.0
37265.0,50584.0,0.0,0.0,deny,66.0,66.0,0.0,1.0,0.0,1.0,0.0
49709.0,8500.0,6599.0,85003.0,allow,634.0,1095.0,2523.0,7.0,5.0,7.0,5.0
6094.0,57470.0,0.0,0.0,deny,70.0,70.0,0.0,1.0,0.0,1.0,0.0
57585.0,445.0,0.0,0.0,drop,70.0,70.0,0.0,1.0,0.0,1.0,0.0
49766.0,443.0,14986.0,443.0,allow,647.0,94.0,102.0,6.0,11.0,4.0,3.0
52316.0,80.0,26892.0,80.0,allow,719.0,644.0,807.0,6.0,27.0,5.0,4.0
50774.0,53.0,58158.0,53.0,allow,70.0,70.0,70.0,2.0,30.0,1.0,1.0
64918.0,80.0,38705.0,80.0,allow,5089.0,923.0,569.0,14.0,10.0,5.0,7.0
5881.0,443.0,47661.0,443.0,allow,2560.0,1514.0,85888.0,18.0,29.0,7.0,3791.0
63724.0,443.0,54820.0,443.0,allow,16.0,10.0,2174.0,12.0,83.0,6.0,7.0
54633.0,443.0,39440.0,443.0,allow,904.0,459.0,568.0,18.0,136.0,9.0,3791.0
7881.0,64147.0,0.0,0.0,deny,70.0,70.0,0.0,1.0,0.0,1.0,0.0
56470.0,50584.0,0.0,0.0,deny,177.0,66.0,0.0,1.0,0.0,1.0,162.0
54764.0,53.0,54946.0,53.0,allow,622.0,743.0,476.0,6.0,300.0,3.0,3.0
59663.0,53.0,54944.0,53.0,allow,198.0,94.0,94.0,2.0,31.0,1.0,1.0
12392.0,64147.0,0.0,0.0,deny,70.0,70.0,0.0,1.0,0.0,1.0,1.0
48421.0,53.0,0.0,0.0,allow,70.0,70.0,0.0,1.0,30.0,1.0,0.0
47901.0,445.0,0.0,0.0,deny,70.0,70.0,0.0,1.0,0.0,1.0,0.0
25174.0,25174.0,0.0,0.0,deny,70.0,70.0,0.0,1.0,0.0,1.0,0.0
58036.0,445.0,0.0,0.0,deny,62.0,62.0,0.0,1.0,0.0,1.0,0.0
65700.0,445.0,0.0,0.0,drop,70.0,70.0,0.0,1.0,0.0,1.0,0.0
64705.0,445.0,0.0,0.0,deny,62.0,62.0,0.0,1.0,0.0,1.0,0.0
62800.0,445.0,0.0,0.0,deny,66.0,66.0,0.0,1.0,0.0,1.0,0.0
60515.0,445.0,0.0,0.0,deny,70.0,70.0,0.0,1.0,0.0,1.0,0.0
0.0,445.0,0.0,0.0,deny,66.0,66.0,0.0,1.0,0.0,1.0,0.0
51938.0,445.0,0.0,0.0,drop,70.0,70.0,0.0,1.0,0.0,1.0,0.0
55908.0,443.0,55908.0,443.0,allow,567.0,1.0,867.0,10.0,15.0,5.0,7.0
52633.0,30150.0,0.0,0.0,drop,66.0,66.0,0.0,1.0,0.0,1.0,0.0
59844.0,443.0,44649.0,443.0,allow,1224.0,1819.0,1708.0,23.0,649.0,15.0,16.0
52320.0,53.0,16576.0,53.0,allow,168.0,102.0,62.0,2.0,29.0,1.0,1.0
63396.0,445.0,0.0,0.0,deny,66.0,66.0,0.0,1.0,0.0,1.0,0.0
50440.0,49638.0,0.0,0.0,drop,66.0,66.0,0.0,1.0,0.0,1.0,0.0
45623.0,51221.0,0.0,0.0,deny,70.0,70.0,0.0,1.0,0.0,1.0,1.0
53878.0,445.0,0.0,0.0,drop,62.0,62.0,0.0,1.0,0.0,1.0,1.0
52744.0,25174.0,0.0,0.0,drop,62.0,62.0,0.0,1.0,0.0,1.0,0.0
64817.0,53.0,640.0,53.0,allow,60.0,70.0,0.0,3.0,30.0,2.0,2.0
60742.0,53.0,60742.0,53.0,allow,197.0,93.0,97.0,2.0,30.0,1.0,1.0
56526.0,445.0,0.0,0.0,deny,70.0,70.0,0.0,1.0,0.0,1.0,0.0
17098.0,443.0,51425.0,443.0,allow,2582.0,788.0,788.0,19.0,45.0,10.0,9.0
49440.0,443.0,36341.0,443.0,allow,70.0,82.0,83.0,2.0,30.0,1.0,1.0
63589.0,53.0,0.0,0.0,drop,70.0,70.0,0.0,1.0,0.0,1.0,0.0
65423.0,445.0,0.0,0.0,deny,70.0,70.0,0.0,1.0,0.0,1.0,0.0
56439.0,53.0,52457.0,53.0,allow,856.0,24.0,468.0,19.0,16.0,10.0,10.0
49119.0,445.0,0.0,0.0,drop,70.0,70.0,0.0,25.0,0.0,15.0,25.0
55735.0,445.0,0.0,0.0,deny,66.0,66.0,0.0,1.0,0.0,1.0,0.0
54324.0,51215.0,0.0,0.0,deny,70.0,70.0,0.0,1.0,0.0,1.0,0.0
48344.0,443.0,58810.0,443.0,allow,536.0,741.0,1716.0,25.0,30.0,10.0,8.0
49731.0,443.0,53823.0,443.0,allow,1680.0,633.0,1234.0,12.0,60.0,6.0,6.0
55018.0,25174.0,0.0,0.0,deny,70.0,70.0,0.0,2.0,0.0,1.0,0.0
49737.0,443.0,43445.0,443.0,allow,707.0,618.0,559.0,16.0,453.0,15.0,14.0
52822.0,443.0,55835.0,443.0,allow,822.0,566.0,732.0,19.0,41.0,3.0,3.0
50584.0,80.0,10271.0,80.0,allow,1047.0,469.0,746.0,12.0,30.0,8.0,8.0
5881.0,80.0,2909.0,80.0,allow,948.0,649.0,888.0,19.0,120.0,21.0,47.0
51878.0,445.0,0.0,0.0,allow,70.0,70.0,0.0,1.0,0.0,1.0,0.0
55933.0,445.0,0.0,0.0,deny,70.0,70.0,0.0,1.0,0.0,1.0,0.0
52878.0,53.0,50907.0,53.0,allow,66.0,66.0,0.0,2.0,29.0,1.0,1.0
54614.0,445.0,0.0,0.0,drop,712.0,710.0,704.0,1.0,0.0,1.0,1.0
54778.0,56787.0,0.0,0.0,deny,70.0,70.0,0.0,1.0,0.0,1.0,0.0
64789.0,53.0,54242.0,53.0,allow,1835.0,1419.0,937.0,11.0,29.0,5.0,6.0
55232.0,445.0,0.0,0.0,deny,70.0,70.0,0.0,1.0,0.0,1.0,0.0
55351.0,53.0,63120.0,53.0,allow,70.0,70.0,0.0,1.0,5.0,1.0,1.0
5529.0,80.0,14346.0,80.0,allow,17071.0,1575.0,678.0,19.0,20.0,11.0,8.0
63670.0,445.0,0.0,0.0,allow,70.0,70.0,0.0,1.0,0.0,1.0,0.0
55660.0,443.0,44216.0,443.0,allow,6053.0,60430.0,46948.0,19.0,8.0,3.0,4.0
51397.0,445.0,0.0,0.0,deny,66.0,66.0,0.0,1.0,0.0,1.0,0.0
61813.0,53.0,61433.0,53.0,allow,196.0,83.0,83.0,2.0,30.0,1.0,1.0
57860.0,445.0,0.0,0.0,deny,70.0,70.0,0.0,1.0,0.0,1.0,0.0
53886.0,443.0,53886.0,443.0,allow,180.0,104.0,182.0,11.0,19.0,10.0,8.0
64147.0,53.0,27143.0,53.0,allow,70.0,70.0,0.0,2.0,30.0,1.0,1.0
62101.0,443.0,54945.0,443.0,allow,816.0,546.0,722.0,9.0,27.0,8.0,7.0
54301.0,443.0,16094.0,443.0,allow,5670.0,3271.0,4398.0,177.0,83.0,89.0,59.0
49938.0,53.0,52889.0,53.0,allow,6059.0,83.0,509.0,179.0,30.0,168.0,167.0
44967.0,443.0,26365.0,443.0,allow,66.0,66.0,0.0,265.0,5.0,145.0,167.0
53947.0,445.0,0.0,0.0,deny,62.0,62.0,0.0,1.0,0.0,1.0,1.0
48807.0,443.0,57788.0,443.0,allow,826.0,974.0,648.0,13.0,30.0,7.0,6.0
49820.0,443.0,56385.0,443.0,allow,4652.0,713.0,2423.0,9.0,30.0,8.0,9.0
53470.0,53.0,4881.0,53.0,allow,704.0,15.0,626.0,40.0,30.0,21.0,7.0
53866.0,53.0,57723.0,53.0,allow,913.0,102.0,686.0,3.0,30.0,1.0,2.0
51838.0,445.0,0.0,0.0,deny,70.0,70.0,0.0,1.0,0.0,1.0,0.0
54412.0,80.0,54316.0,80.0,allow,613.0,94.0,643.0,11.0,15.0,10.0,8.0
65477.0,443.0,62237.0,443.0,allow,873.0,560.0,5861.0,10.0,120.0,6.0,5.0
52275.0,25174.0,0.0,0.0,deny,60.0,60.0,0.0,1.0,0.0,1.0,0.0
56947.0,443.0,55020.0,443.0,allow,604.0,803.0,604.0,4.0,15.0,4.0,0.0
64945.0,53.0,38652.0,53.0,allow,898.0,721.0,3872.0,43.0,30.0,24.0,43.0
55614.0,53.0,16079.0,53.0,allow,186.0,94.0,94.0,2.0,31.0,1.0,1.0
61756.0,443.0,40477.0,443.0,allow,1139.0,567.0,1493.0,126.0,184.0,87.0,167.0
52433.0,445.0,0.0,0.0,deny,66.0,66.0,0.0,1.0,0.0,1.0,0.0
56835.0,25174.0,0.0,0.0,drop,62.0,62.0,0.0,1.0,0.0,1.0,0.0
52733.0,445.0,0.0,0.0,deny,70.0,70.0,0.0,1.0,0.0,1.0,0.0
6097.0,80.0,6097.0,80.0,allow,979.0,459.0,973.0,19.0,30.0,10.0,9.0
50972.0,53.0,54327.0,53.0,allow,563.0,6.0,545.0,4.0,30.0,2.0,3.0
57845.0,53.0,57845.0,53.0,allow,66.0,66.0,0.0,1.0,30.0,1.0,0.0
51807.0,53.0,51807.0,53.0,allow,190.0,94.0,92.0,2.0,30.0,1.0,1.0
61738.0,57433.0,0.0,0.0,deny,66.0,66.0,0.0,1.0,0.0,1.0,0.0
55737.0,445.0,0.0,0.0,deny,66.0,66.0,0.0,1.0,0.0,1.0,0.0
35119.0,443.0,57300.0,443.0,allow,546.0,83.0,105.0,23.0,29.0,6.0,2.0
57900.0,445.0,0.0,0.0,drop,66.0,66.0,0.0,1.0,0.0,1.0,0.0
50588.0,443.0,39726.0,443.0,allow,834.0,1426.0,654.0,28.0,26.0,18.0,20.0
57937.0,53.0,63515.0,53.0,allow,778.0,102.0,98.0,2.0,30.0,1.0,2.0
51824.0,445.0,0.0,0.0,deny,70.0,70.0,0.0,1.0,0.0,1.0,0.0
55908.0,443.0,12349.0,443.0,allow,536.0,102.0,619.0,35.0,30.0,29.0,28.0
56302.0,443.0,27231.0,443.0,allow,6060.0,1675.0,5625.0,9.0,12.0,1.0,4.0
57847.0,445.0,2988.0,445.0,allow,62.0,62.0,0.0,2.0,30.0,1.0,1.0
56829.0,443.0,62426.0,443.0,allow,5498.0,3288.0,2924.0,12.0,29.0,7.0,3.0
584403.0,445.0,0.0,0.0,drop,66.0,66.0,0.0,1.0,0.0,1.0,0.0
48965.0,25174.0,0.0,0.0,deny,70.0,70.0,0.0,1.0,0.0,1.0,0.0
49362.0,80.0,45341.0,80.0,allow,70.0,86.0,97.0,20.0,16.0,10.0,8.0
51854.0,443.0,51854.0,443.0,allow,10336.0,86.0,3245.0,19.0,5.0,8.0,10.0
54827.0,445.0,0.0,0.0,deny,194.0,94.0,83.0,2.0,0.0,1.0,1.0
51478.0,445.0,0.0,0.0,drop,60.0,60.0,0.0,1.0,0.0,1.0,0.0
56940.0,53.0,15596.0,53.0,allow,645.0,635.0,862.0,4.0,30.0,2.0,2.0
60047.0,445.0,0.0,0.0,deny,62.0,62.0,0.0,1.0,0.0,1.0,0.0
53933.0,445.0,0.0,0.0,deny,62.0,62.0,0.0,1.0,0.0,1.0,0.0
50774.0,80.0,6071.0,80.0,allow,5999.0,1527.0,1409.0,24.0,25.0,17.0,10.0
60728.0,443.0,60547.0,443.0,allow,2486.0,2664.0,2486.0,36.0,136.0,14.0,18.0
54205.0,445.0,0.0,0.0,deny,66.0,66.0,0.0,1.0,0.0,1.0,0.0
53645.0,445.0,0.0,0.0,drop,70.0,70.0,0.0,1.0,0.0,1.0,0.0
58470.0,25174.0,0.0,0.0,deny,66.0,66.0,0.0,1.0,0.0,1.0,0.0
50923.0,443.0,50923.0,443.0,allow,1714.0,1116.0,1649.0,39.0,37.0,29.0,32.0
51428.0,53.0,3697.0,53.0,allow,66.0,66.0,80.0,2.0,30.0,1.0,1.0
51888.0,51888.0,0.0,0.0,deny,66.0,66.0,0.0,1.0,0.0,1.0,0.0
61333.0,25174.0,0.0,0.0,deny,62.0,62.0,0.0,1.0,0.0,1.0,0.0
55835.0,445.0,0.0,0.0,drop,66.0,66.0,0.0,1.0,0.0,1.0,0.0
50308.0,53.0,54787.0,53.0,allow,70.0,70.0,0.0,2.0,30.0,1.0,1.0
51874.0,25174.0,0.0,0.0,deny,70.0,70.0,0.0,1.0,0.0,1.0,0.0
59515.0,443.0,59515.0,443.0,allow,966.0,498.0,2437.0,29.0,30.0,12.0,15.0
53117.0,443.0,38796.0,443.0,allow,1804.0,495.0,813.0,6.0,17.0,4.0,3.0
47767.0,445.0,0.0,0.0,drop,66.0,66.0,0.0,1.0,0.0,1.0,1.0
57445.0,44847.0,0.0,0.0,deny,66.0,66.0,0.0,1.0,0.0,1.0,0.0
57470.0,30400.0,58634.0,30400.0,allow,199.0,94.0,98.0,1.0,29.0,1.0,1.0
56631.0,443.0,31879.0,443.0,allow,1536.0,1947.0,649.0,12.0,10.0,7.0,7.0
51063.0,53.0,56686.0,53.0,allow,688.0,198.0,624.0,6.0,30.0,6.0,5.0
52219.0,53.0,0.0,0.0,deny,66.0,66.0,0.0,1.0,0.0,1.0,0.0
24352.0,445.0,0.0,0.0,deny,66.0,66.0,0.0,1.0,0.0,1.0,0.0
60004.0,53.0,10368.0,53.0,allow,70.0,70.0,0.0,2.0,30.0,1.0,1.0
57931.0,53.0,55271.0,53.0,allow,2168.0,1807.0,6352.0,59.0,26.0,49.0,59.0
57470.0,445.0,0.0,0.0,drop,66.0,66.0,0.0,1.0,0.0,1.0,0.0
61740.0,25174.0,56414.0,0.0,deny,62.0,62.0,0.0,1.0,0.0,1.0,0.0
53820.0,53.0,0.0,53.0,drop,70.0,70.0,0.0,1.0,31.0,1.0,1.0
59536.0,53.0,8057.0,53.0,allow,1122.0,7.0,6.0,6.0,30.0,2.0,3.0
54766.0,53.0,63878.0,53.0,allow,213.0,622.0,638.0,10.0,25.0,6.0,5.0
58652.0,0.0,0.0,0.0,deny,66.0,66.0,0.0,1.0,0.0,1.0,0.0
63913.0,445.0,0.0,0.0,drop,66.0,66.0,0.0,1.0,0.0,1.0,0.0
58526.0,25174.0,0.0,0.0,deny,70.0,70.0,0.0,1.0,0.0,1.0,0.0
54375.0,53.0,35503.0,53.0,allow,54884.0,110.0,533.0,2.0,30.0,1.0,1.0
54634.0,443.0,7061.0,443.0,allow,613.0,94.0,632.0,7.0,29.0,3.0,3.0
55147.0,445.0,0.0,0.0,drop,70.0,70.0,0.0,1.0,0.0,1.0,0.0
58161.0,445.0,0.0,0.0,drop,70.0,70.0,0.0,1.0,0.0,1.0,1.0
51879.0,51879.0,0.0,0.0,deny,66.0,66.0,0.0,1.0,0.0,1.0,0.0
51886.0,443.0,44908.0,443.0,allow,731.0,658.0,645.0,8.0,48.0,4.0,3.0
64301.0,53.0,25861.0,53.0,allow,678.0,613.0,773.0,2.0,29.0,1.0,1.0
61864.0,24288.0,0.0,0.0,deny,70.0,70.0,0.0,1.0,0.0,1.0,0.0
45619.0,445.0,0.0,0.0,drop,66.0,66.0,0.0,1.0,0.0,1.0,0.0
49418.0,445.0,0.0,0.0,deny,62.0,62.0,0.0,1.0,0.0,1.0,0.0
51857.0,10584.0,0.0,0.0,drop,70.0,70.0,0.0,1.0,0.0,1.0,0.0
15776.0,445.0,0.0,0.0,drop,70.0,70.0,0.0,1.0,0.0,1.0,1.0
17071.0,445.0,0.0,0.0,allow,62.0,62.0,0.0,1.0,30.0,1.0,0.0
