cement,slag,ash,water,superplastic,coarseagg,fineagg,age,strength
153.0,0.0,0.0,178.0,0.0,932.0,755.0,28.0,31.42
475.0,0.0,0.0,159.4,0.0,932.0,746.4,28.0,46.23
446.0,0.0,0.0,182.0,0.0,942.0,879.0,28.0,25.46
331.0,0.0,0.0,186.0,6.0,932.0,789.0,28.0,18.02
305.0,0.0,0.0,228.0,0.0,1007.0,749.0,3.0,22.32
339.0,0.0,0.0,174.8,11.2,932.1,656.7,7.0,8.0
298.0,0.0,0.0,186.0,0.0,1005.0,824.0,3.0,17.54
475.0,0.0,0.0,195.0,11.0,929.0,594.0,28.0,34.77
425.0,0.0,0.0,193.0,0.0,924.0,622.0,28.0,39.94
236.0,0.0,0.0,195.0,12.0,825.0,806.0,180.0,42.13
493.0,95.0,100.0,170.0,11.0,861.0,757.0,3.0,44.09
141.0,0.0,0.0,195.0,0.0,1125.0,692.0,28.0,12.84
425.8,0.0,0.0,228.8,8.1,931.6,898.8,28.0,36.45
200.3,0.0,0.0,200.4,0.0,977.3,781.2,56.0,48.4
326.0,141.0,0.0,228.0,9.0,824.0,753.0,3.0,56.74
388.0,0.0,0.0,228.0,0.0,932.0,594.0,28.0,48.15
350.0,0.0,0.0,186.0,0.0,813.0,630.0,28.0,53.58
500.1,0.0,0.0,203.2,0.0,943.1,758.2,28.0,38.41
475.0,189.0,0.0,186.0,9.0,1022.0,753.0,28.0,54.9
313.0,0.0,0.0,186.0,0.0,970.0,775.0,90.0,48.72
190.0,0.0,0.0,171.5,8.0,1088.4,613.0,28.0,41.94
379.0,0.0,0.0,185.0,0.0,966.0,594.0,28.0,40.76
500.0,0.0,0.0,192.0,0.0,1085.0,1125.0,28.0,31.74
382.2,0.0,0.0,203.5,11.9,976.1,929.1,14.0,46.8
310.0,0.0,0.0,228.0,0.0,1047.0,844.0,7.0,44.21
446.0,0.0,0.0,192.0,0.0,939.0,759.0,28.0,13.52
141.0,0.0,0.0,185.0,0.0,944.0,746.0,7.0,7.68
333.4,236.0,0.0,228.0,4.6,968.0,759.0,3.0,26.85
374.0,0.0,0.0,167.0,9.5,936.0,746.0,28.0,18.0
153.8,0.0,167.3,178.0,8.9,869.9,861.7,56.0,31.38
312.0,0.0,0.0,192.0,0.0,974.0,768.0,28.0,15.04
446.0,0.0,0.0,200.0,0.0,987.0,716.0,28.0,29.45
295.8,189.1,0.0,228.0,0.0,887.9,744.9,28.0,45.3
393.0,0.0,0.0,186.0,0.0,957.0,801.0,14.0,36.84
349.0,0.0,0.0,158.5,0.0,966.8,746.8,28.0,37.17
237.0,209.0,0.0,177.0,0.0,942.0,746.0,90.0,25.42
540.7,0.0,0.0,192.0,0.0,1125.2,757.8,28.0,79.3
251.0,0.0,0.0,153.0,6.0,912.0,775.0,28.0,41.41
331.6,0.0,0.0,153.3,0.0,938.4,699.6,28.0,64.3
181.0,0.0,98.0,203.0,8.0,938.0,756.0,28.0,15.69
380.4,0.0,0.0,164.2,9.5,1053.1,852.9,3.0,31.25
374.0,0.0,0.0,192.0,0.0,936.0,809.0,28.0,29.07
250.0,0.0,0.0,192.0,0.0,967.0,613.0,28.0,26.77
342.0,0.0,0.0,183.0,0.0,1006.0,804.0,28.0,20.08
500.0,0.0,0.0,203.5,5.6,1006.1,774.8,100.0,17.2
393.9,0.0,0.0,192.0,0.0,1065.5,765.2,3.0,24.13
190.0,189.0,0.0,228.0,10.0,932.0,691.0,28.0,59.76
446.0,190.0,0.0,192.0,0.0,1040.0,798.8,270.0,33.42
375.0,0.0,0.0,192.0,0.0,1125.0,806.0,90.0,62.5
190.0,164.0,0.0,159.0,0.0,944.0,746.0,7.0,26.26
153.7,94.6,0.0,192.9,11.6,852.7,781.9,28.0,12.25
446.8,0.0,0.0,203.5,3.7,1059.9,716.6,28.0,48.72
322.0,0.0,0.0,192.0,0.0,903.0,787.0,28.0,60.29
166.0,0.0,0.0,203.0,5.6,852.0,785.0,28.0,39.32
525.0,0.0,100.0,159.0,5.9,944.0,719.0,28.0,71.7
250.0,0.0,0.0,182.0,8.0,961.0,805.0,100.0,9.56
425.0,0.0,0.0,170.0,0.0,932.0,801.0,28.0,26.97
438.6,0.0,0.0,157.0,0.0,955.3,794.4,90.0,28.02
350.0,0.0,0.0,185.5,8.5,934.2,611.3,28.0,59.59
310.5,0.0,0.0,198.4,0.0,987.0,715.6,28.0,9.56
374.0,0.0,0.0,192.0,0.0,946.3,758.8,28.0,36.97
349.0,0.0,0.0,203.5,0.0,1013.5,784.2,90.0,38.7
350.0,0.0,0.0,203.0,0.0,974.0,750.0,28.0,13.2
288.0,0.0,0.0,228.0,0.0,932.0,880.0,7.0,41.37
250.0,0.0,0.0,189.0,10.0,978.0,785.0,28.0,27.63
251.5,122.5,0.0,228.0,0.0,932.7,756.8,28.0,33.56
203.0,0.0,0.0,192.0,0.0,974.0,875.0,28.0,53.52
425.0,0.0,0.0,203.0,0.0,1006.0,765.0,28.0,44.7
296.3,0.0,0.0,191.0,0.0,1058.8,759.6,28.0,13.52
310.0,0.0,0.0,185.0,0.0,889.0,803.0,28.0,24.85
305.0,0.0,0.0,192.0,0.0,967.0,875.0,28.0,30.23
446.0,0.0,0.0,192.0,0.0,1125.0,785.0,28.0,29.41
425.0,0.0,0.0,192.0,0.0,1078.0,613.0,28.0,44.21
313.0,0.0,0.0,187.0,10.6,938.0,699.0,28.0,77.3
380.0,0.0,0.0,228.0,0.0,852.0,794.0,28.0,16.28
310.0,0.0,0.0,195.6,11.6,944.1,613.5,7.0,26.85
350.0,0.0,0.0,186.0,0.0,938.0,775.0,28.0,13.57
393.0,0.0,0.0,203.0,11.5,1055.0,788.0,28.0,54.28
350.0,0.0,0.0,228.0,0.0,970.0,746.0,180.0,12.55
288.0,183.0,0.0,228.0,0.0,942.0,755.0,28.0,33.08
380.0,0.0,0.0,228.0,0.0,944.0,878.0,28.0,37.17
401.4,0.0,0.0,200.4,11.2,932.4,852.1,14.0,44.3
275.0,0.0,0.0,192.0,0.0,941.0,765.0,28.0,22.44
288.0,0.0,0.0,192.0,0.0,828.0,813.0,28.0,25.08
288.0,0.0,0.0,192.0,0.0,975.0,822.0,365.0,32.25
387.0,0.0,0.0,181.7,5.9,1030.4,755.6,28.0,40.86
250.0,0.0,0.0,186.0,0.0,932.0,781.0,28.0,65.91
349.0,0.0,0.0,203.0,0.0,967.0,704.0,28.0,32.77
237.0,0.0,0.0,172.0,9.0,938.0,784.0,3.0,33.01
332.4,209.5,0.0,186.9,6.0,852.9,852.4,3.0,66.82
200.0,0.0,0.0,192.0,0.0,932.0,699.0,7.0,29.23
213.4,0.0,0.0,154.4,4.2,890.1,613.9,3.0,17.95
500.0,0.0,0.0,192.0,0.0,944.0,713.5,7.0,30.12
212.1,0.0,141.3,175.5,8.9,987.9,825.6,28.0,19.93
173.0,0.0,0.0,192.0,0.0,754.0,757.0,7.0,18.03
425.0,0.0,0.0,192.0,0.0,942.0,782.0,28.0,29.87
251.0,0.0,0.0,164.0,0.0,944.0,813.0,28.0,26.91
375.0,0.0,0.0,192.0,0.0,801.0,670.0,3.0,36.84
387.0,0.0,0.0,145.0,0.0,939.0,755.1,28.0,24.54
250.0,0.0,0.0,178.0,0.0,932.0,670.0,90.0,43.58
238.0,0.0,0.0,228.0,0.0,1040.0,805.0,7.0,10.22
425.0,0.0,0.0,228.0,0.0,926.0,613.0,28.0,33.66
305.0,0.0,0.0,192.0,0.0,932.0,775.0,28.0,13.18
275.3,0.0,141.3,181.3,11.9,925.6,785.0,3.0,27.94
469.0,0.0,0.0,192.0,4.5,932.0,748.0,28.0,64.3
446.0,0.0,0.0,157.0,7.0,932.0,755.0,28.0,39.94
380.0,0.0,0.0,228.0,0.0,946.0,613.0,28.0,56.62
165.0,0.0,0.0,170.0,0.0,932.0,679.0,28.0,19.54
425.0,0.0,0.0,170.0,8.0,932.0,758.0,28.0,29.07
424.0,0.0,0.0,192.0,0.0,1005.5,830.0,28.0,55.9
158.7,0.0,0.0,164.1,11.6,1006.6,806.4,56.0,37.72
310.0,0.0,0.0,192.0,0.0,967.0,746.0,28.0,17.24
446.0,0.0,0.0,192.0,0.0,965.0,852.0,7.0,33.69
389.6,0.0,0.0,192.0,0.0,938.1,903.7,28.0,71.3
375.0,0.0,0.0,192.0,0.0,946.0,778.0,28.0,20.77
144.0,106.0,0.0,183.0,10.1,889.0,801.0,90.0,68.75
213.6,0.0,0.0,197.8,0.0,1061.9,780.0,28.0,31.65
431.0,236.0,0.0,228.0,0.0,955.0,822.0,56.0,11.48
166.0,0.0,0.0,192.0,10.1,945.0,870.0,56.0,38.6
446.0,0.0,0.0,192.0,0.0,1005.0,844.0,28.0,6.81
469.0,0.0,0.0,228.0,9.1,932.0,758.0,3.0,19.52
475.0,0.0,0.0,162.5,0.0,932.0,825.0,28.0,19.42
475.0,0.0,0.0,192.0,8.0,968.0,845.0,28.0,31.72
446.0,0.0,0.0,203.5,0.0,966.0,781.2,365.0,19.01
192.0,0.0,0.0,192.0,0.0,1055.0,778.0,7.0,26.06
393.0,0.0,86.0,192.0,11.7,852.0,784.0,28.0,37.26
425.0,0.0,0.0,228.0,0.0,978.0,712.9,180.0,12.54
277.0,0.0,0.0,175.0,8.0,968.1,779.0,7.0,6.94
446.2,0.0,0.0,192.0,0.0,942.5,613.7,100.0,35.31
427.0,0.0,0.0,191.0,0.0,1028.0,801.0,28.0,31.64
362.0,0.0,0.0,228.1,11.2,942.1,855.1,3.0,28.6
439.0,0.0,0.0,192.0,0.0,867.0,812.0,28.0,38.07
349.0,0.0,0.0,186.0,11.6,963.0,755.0,28.0,33.8
277.0,0.0,125.0,195.0,6.0,932.0,749.0,28.0,23.52
380.0,0.0,0.0,186.0,0.0,973.9,793.5,28.0,27.87
304.0,0.0,0.0,200.0,0.0,852.0,801.0,28.0,19.69
374.0,0.0,0.0,228.0,8.0,1090.0,765.0,14.0,41.54
446.0,0.0,0.0,162.0,8.0,852.0,789.0,28.0,41.05
362.1,36.1,159.7,159.8,5.7,1043.8,756.9,3.0,38.02
480.0,0.0,0.0,185.0,0.0,1028.0,755.0,28.0,26.2
323.0,0.0,0.0,192.0,0.0,968.0,806.0,28.0,63.53
500.0,0.0,0.0,193.0,0.0,979.0,775.0,28.0,44.52
190.0,0.0,174.1,162.2,12.5,1026.4,678.4,7.0,43.7
525.0,0.0,0.0,200.0,0.0,1026.0,875.0,28.0,25.37
251.0,0.0,0.0,192.0,11.0,821.0,801.0,7.0,35.34
425.0,0.0,0.0,174.9,10.5,928.1,803.7,3.0,34.74
238.0,0.0,0.0,228.0,0.0,903.7,752.4,28.0,18.0
387.0,0.0,0.0,189.0,0.0,964.0,746.0,28.0,22.35
251.0,0.0,174.0,186.0,11.5,1088.0,696.0,28.0,40.15
379.0,0.0,153.0,185.0,8.0,967.0,754.0,91.0,58.61
266.1,0.0,91.1,162.0,7.5,1006.5,757.5,100.0,40.76
380.0,0.0,0.0,228.0,0.0,984.0,892.0,7.0,13.36
310.0,0.0,0.0,192.0,0.0,1063.0,801.0,28.0,10.22
425.0,0.0,0.0,228.0,0.0,1061.0,746.0,28.0,34.67
236.0,0.0,0.0,203.0,0.0,854.0,755.0,28.0,45.94
380.0,0.0,0.0,228.0,0.0,932.0,716.0,3.0,52.01
500.0,0.0,0.0,175.0,0.0,1056.0,784.0,3.0,39.05
359.0,0.0,0.0,203.0,0.0,852.0,765.0,28.0,42.22
275.0,0.0,0.0,192.0,0.0,971.1,785.6,14.0,25.42
322.3,0.0,0.0,186.7,11.6,944.6,789.6,56.0,52.44
339.0,0.0,121.0,166.0,9.0,1076.0,789.0,28.0,59.2
287.0,0.0,0.0,192.0,0.0,875.0,813.0,28.0,21.07
331.0,0.0,0.0,170.0,7.0,1046.0,739.0,28.0,31.97
446.0,0.0,0.0,186.0,0.0,1125.0,763.0,28.0,31.88
382.0,0.0,0.0,228.0,0.0,944.0,752.0,28.0,36.96
359.0,0.0,0.0,182.0,9.5,974.0,785.0,28.0,52.12
212.0,0.0,0.0,145.0,9.0,932.0,785.0,28.0,41.2
322.0,186.4,0.0,228.9,0.0,922.3,774.0,28.0,25.02
277.0,0.0,0.0,185.0,0.0,836.0,785.0,28.0,27.23
251.0,0.0,0.0,159.0,0.0,969.0,1055.0,28.0,23.52
337.0,0.0,0.0,192.0,0.0,931.0,714.0,28.0,26.97
380.0,0.0,0.0,228.0,0.0,932.0,794.0,28.0,35.23
425.0,0.0,0.0,192.0,0.0,1025.6,789.8,28.0,31.35
446.0,0.0,0.0,228.0,0.0,869.2,806.5,7.0,35.3
374.0,0.0,0.0,185.0,0.0,870.0,830.0,14.0,37.33
173.9,0.0,121.7,159.3,9.5,1026.2,825.5,28.0,18.13
322.0,106.3,0.0,170.0,3.9,863.0,696.9,28.0,32.9
236.0,0.0,0.0,228.0,0.0,932.0,852.0,28.0,9.74
190.0,0.0,0.0,159.0,0.0,1069.0,717.0,28.0,29.93
250.0,145.0,94.0,203.0,0.0,1079.0,789.0,28.0,24.13
446.0,0.0,0.0,228.0,3.5,989.0,805.0,28.0,32.72
349.0,0.0,0.0,192.0,0.0,955.0,958.0,28.0,50.95
255.0,0.0,0.0,186.0,0.0,932.1,755.6,7.0,33.76
251.5,0.0,0.0,185.5,0.0,1088.4,789.9,28.0,9.74
342.0,106.0,145.0,175.0,9.0,1040.0,762.0,28.0,47.03
251.0,0.0,0.0,185.0,13.4,836.0,802.6,56.0,23.14
133.0,0.0,0.0,201.0,6.1,1006.0,689.0,28.0,29.98
380.0,0.0,0.0,203.0,0.0,936.0,771.0,180.0,21.82
374.0,0.0,0.0,203.5,0.0,945.0,724.0,90.0,53.77
475.0,0.0,0.0,186.0,0.0,1025.0,794.0,7.0,33.95
475.0,0.0,0.0,162.0,15.7,942.0,823.0,28.0,12.37
154.0,0.0,0.0,192.0,7.9,976.0,712.0,28.0,61.46
222.0,0.0,0.0,192.0,0.0,932.0,759.0,90.0,27.66
425.0,0.0,0.0,185.5,0.0,1047.7,724.0,7.0,46.68
218.0,0.0,0.0,192.0,0.0,944.0,781.0,28.0,9.73
290.4,0.0,0.0,164.8,7.9,944.9,783.1,90.0,31.18
213.0,0.0,0.0,200.0,0.0,932.0,759.0,28.0,29.45
238.0,0.0,0.0,192.0,0.0,1098.0,694.0,28.0,14.2
190.0,0.0,0.0,186.0,0.0,1040.9,757.8,7.0,13.09
379.0,0.0,0.0,228.0,5.5,932.0,785.0,7.0,46.68
313.5,0.0,0.0,159.7,11.3,1041.5,696.3,28.0,31.35
331.5,0.0,0.0,192.0,0.0,968.0,842.0,7.0,39.49
525.0,0.0,0.0,228.0,0.0,965.0,813.0,28.0,15.82
424.0,0.0,0.0,179.0,0.0,1045.0,756.0,3.0,34.24
540.0,0.0,0.0,192.0,0.0,890.0,784.0,28.0,39.64
446.0,0.0,0.0,192.0,0.0,1047.6,809.3,7.0,32.9
213.3,0.0,0.0,200.0,0.0,975.0,770.0,3.0,40.2
475.0,0.0,0.0,178.6,0.0,1054.6,801.6,28.0,68.5
212.0,0.0,0.0,164.5,6.7,1025.2,807.0,14.0,28.63
540.0,0.0,0.0,192.0,0.0,1056.0,800.0,28.0,41.2
212.0,0.0,0.0,192.0,8.1,855.0,885.0,3.0,33.4
388.0,213.0,0.0,192.0,0.0,1061.0,870.0,100.0,55.2
168.0,168.4,0.0,173.8,0.0,985.9,753.8,28.0,22.93
166.6,117.9,0.0,168.4,0.0,932.3,749.2,28.0,15.57
349.0,0.0,0.0,192.0,0.0,932.0,880.0,7.0,15.09
250.0,0.0,141.0,194.0,6.0,852.0,801.0,28.0,38.2
425.0,0.0,174.9,182.5,9.9,849.1,679.6,56.0,11.58
331.7,0.0,0.0,201.6,11.6,1040.8,785.8,7.0,26.4
255.0,0.0,0.0,192.0,0.0,944.0,801.0,365.0,46.23
333.0,0.0,0.0,185.0,0.0,832.0,757.0,7.0,41.64
295.0,0.0,121.0,203.0,0.0,942.0,749.0,28.0,39.0
166.0,0.0,143.0,185.0,0.0,846.0,605.0,28.0,17.22
310.0,0.0,0.0,185.0,0.0,885.0,756.0,28.0,40.27
331.0,189.0,125.0,164.0,8.0,922.0,794.0,28.0,45.71
310.0,0.0,0.0,192.0,0.0,880.0,613.0,28.0,25.42
333.0,0.0,0.0,228.0,0.0,947.0,781.0,180.0,41.54
331.6,0.0,0.0,203.5,0.0,953.9,689.0,28.0,41.05
212.4,0.0,118.4,179.9,6.5,931.9,783.7,28.0,43.7
475.0,0.0,0.0,193.0,10.6,931.0,799.0,7.0,51.33
376.0,0.0,0.0,203.0,0.0,932.0,857.0,3.0,25.75
318.0,0.0,0.0,192.0,0.0,932.0,830.0,100.0,27.68
469.0,0.0,0.0,185.0,0.0,941.0,689.0,28.0,25.48
393.9,0.0,0.0,159.7,0.0,836.8,852.8,28.0,32.85
446.0,0.0,0.0,192.0,0.0,967.0,878.0,28.0,41.93
212.0,0.0,0.0,145.4,0.0,946.0,616.7,28.0,23.64
238.0,0.0,0.0,192.0,0.0,968.0,681.0,28.0,8.54
153.6,0.0,118.9,178.9,6.1,932.1,755.0,28.0,65.91
237.0,0.0,0.0,203.0,0.0,922.0,809.0,28.0,51.02
514.0,0.0,0.0,185.0,0.0,968.0,781.0,28.0,21.02
333.0,0.0,0.0,162.0,0.0,932.0,846.0,3.0,26.23
349.0,0.0,0.0,192.0,0.0,977.0,762.0,28.0,82.6
298.7,0.0,0.0,181.5,0.0,854.8,781.2,28.0,39.7
200.0,0.0,0.0,192.0,0.0,967.0,779.0,28.0,15.87
236.0,0.0,118.0,185.0,0.0,967.0,755.0,100.0,53.58
342.0,0.0,0.0,158.0,0.0,852.0,785.0,28.0,39.38
302.0,0.0,0.0,192.0,0.0,1043.6,801.2,56.0,33.0
310.0,0.0,0.0,228.0,0.0,936.0,782.0,7.0,14.2
500.9,0.0,0.0,168.1,0.0,1029.4,761.2,28.0,10.54
331.0,0.0,0.0,186.0,6.0,946.0,684.0,90.0,19.11
288.0,0.0,0.0,192.0,0.0,965.0,715.0,28.0,53.1
290.2,28.0,76.8,169.7,7.6,1043.9,594.0,14.0,36.45
212.0,190.0,0.0,178.0,0.0,1056.0,775.0,3.0,30.85
387.0,0.0,0.0,192.0,0.0,1056.0,794.0,90.0,48.67
446.0,0.0,0.0,203.0,0.0,1045.0,780.0,28.0,19.77
425.0,0.0,0.0,203.0,0.0,925.0,692.0,28.0,19.99
425.0,22.5,0.0,228.0,0.0,949.0,885.0,14.0,14.8
350.0,0.0,0.0,186.0,0.0,1047.0,755.0,28.0,30.08
251.8,0.0,0.0,175.1,5.6,932.9,824.7,7.0,38.8
298.0,0.0,0.0,192.0,0.0,979.0,709.0,90.0,24.29
500.0,170.0,0.0,228.0,0.0,852.0,774.0,28.0,38.0
375.0,0.0,0.0,162.0,0.0,945.0,817.0,7.0,37.43
380.0,0.0,0.0,228.0,0.0,0.0,830.0,90.0,23.89
349.0,0.0,0.0,201.0,0.0,829.0,785.0,28.0,40.93
290.0,189.0,79.0,182.0,5.0,945.0,696.0,28.0,32.4
310.0,190.0,0.0,192.0,0.0,921.0,779.0,3.0,47.28
393.0,141.0,0.0,203.0,24.0,932.0,613.0,100.0,64.9
166.0,0.0,0.0,184.0,0.0,1075.0,755.0,28.0,33.7
212.5,0.0,0.0,203.5,0.0,889.0,753.1,14.0,35.3
380.0,0.0,0.0,197.0,0.0,942.0,613.0,7.0,60.2
145.0,94.0,0.0,192.0,8.5,938.1,785.0,28.0,71.62
251.0,0.0,0.0,192.0,0.0,831.0,801.0,28.0,32.82
380.0,0.0,0.0,178.0,11.6,944.0,875.0,28.0,33.72
158.5,0.0,123.9,160.9,12.7,938.1,803.7,3.0,26.86
166.0,0.0,0.0,228.0,0.0,942.0,757.0,7.0,14.14
446.0,0.0,0.0,203.0,0.0,1058.0,699.0,28.0,55.83
310.0,0.0,0.0,192.0,0.0,932.0,781.0,90.0,40.76
277.0,0.0,94.0,165.0,10.0,974.0,794.0,100.0,39.38
469.0,0.0,0.0,228.0,0.0,968.0,774.0,7.0,10.22
250.9,121.9,0.0,203.5,8.5,944.8,780.4,3.0,37.33
250.0,0.0,0.0,201.0,0.0,944.0,785.0,28.0,9.31
342.0,0.0,0.0,158.0,0.0,944.0,646.0,28.0,33.27
145.3,0.0,0.0,154.6,7.9,1078.9,881.9,14.0,55.9
250.0,0.0,0.0,203.7,0.0,968.4,778.4,28.0,19.69
275.4,0.0,0.0,203.5,0.0,852.1,594.8,3.0,56.63
313.0,0.0,0.0,192.0,0.0,968.0,713.0,28.0,32.66
295.0,0.0,0.0,203.0,0.0,968.0,753.0,3.0,40.87
331.0,250.0,0.0,206.0,5.0,857.0,613.0,7.0,42.14
277.0,0.0,79.0,194.0,0.0,1044.0,795.0,28.0,17.24
359.0,0.0,0.0,192.0,0.0,1061.0,868.0,3.0,72.1
375.0,0.0,0.0,158.0,5.7,946.9,880.0,3.0,44.52
141.7,56.5,0.0,159.8,0.0,1061.8,803.8,28.0,12.84
446.0,0.0,0.0,192.0,0.0,932.0,757.0,3.0,60.29
376.0,0.0,0.0,203.0,0.0,1069.0,611.0,28.0,55.55
349.0,0.0,0.0,192.0,9.8,972.0,769.0,28.0,24.48
304.0,0.0,0.0,191.0,0.0,1083.0,778.0,28.0,39.78
439.2,0.0,95.9,178.1,0.0,965.0,801.1,28.0,57.6
313.0,0.0,0.0,192.0,0.0,968.0,792.0,28.0,43.39
250.0,0.0,0.0,162.5,11.4,946.0,857.6,28.0,23.52
380.0,0.0,0.0,228.0,0.0,822.0,744.0,28.0,2.33
277.0,0.0,0.0,178.0,0.0,922.0,794.0,28.0,41.93
313.0,0.0,0.0,192.0,0.0,1029.0,755.0,28.0,8.0
166.0,0.0,79.0,203.0,6.0,939.0,746.0,7.0,44.3
295.0,0.0,0.0,203.0,0.0,948.0,858.0,28.0,44.21
141.9,0.0,0.0,192.0,0.0,944.6,827.5,7.0,21.07
349.0,0.0,0.0,185.0,0.0,971.0,744.0,28.0,65.91
250.0,0.0,0.0,194.0,0.0,942.0,741.0,28.0,39.06
332.0,0.0,0.0,192.0,0.0,1090.0,846.0,28.0,39.38
500.0,0.0,0.0,192.0,0.0,944.0,801.0,28.0,14.2
212.5,0.0,0.0,185.3,6.7,944.4,613.9,28.0,31.25
200.0,0.0,125.0,193.0,0.0,935.0,846.0,3.0,50.24
387.0,0.0,0.0,186.0,0.0,1047.0,759.0,28.0,51.02
250.0,0.0,0.0,228.0,0.0,932.0,664.0,3.0,15.52
469.0,0.0,0.0,228.0,0.0,852.0,775.0,180.0,46.23
251.0,0.0,0.0,192.0,4.2,859.6,763.7,56.0,55.55
190.0,0.0,0.0,181.0,0.0,932.0,780.0,120.0,33.31
236.0,0.0,0.0,181.0,10.0,1048.0,775.0,28.0,31.03
380.0,0.0,0.0,189.0,0.0,938.0,611.0,90.0,45.85
446.0,0.0,0.0,201.0,7.0,967.0,713.0,28.0,22.44
250.0,163.0,0.0,192.0,0.0,1005.0,758.0,7.0,24.45
166.7,56.0,0.0,153.7,11.2,947.6,781.5,28.0,52.01
255.0,0.0,0.0,200.0,0.0,967.0,758.0,28.0,42.13
331.0,0.0,0.0,203.0,0.0,948.0,852.0,7.0,15.07
446.0,0.0,0.0,192.0,0.0,0.0,746.0,3.0,17.22
251.0,0.0,0.0,192.0,0.0,1120.0,749.8,3.0,39.0
374.0,0.0,0.0,192.0,0.0,942.0,804.0,28.0,13.22
349.0,0.0,0.0,186.0,0.0,924.0,785.0,28.0,11.47
425.0,0.0,0.0,228.0,0.0,968.0,758.0,3.0,22.93
491.0,0.0,0.0,195.0,9.0,948.0,806.0,28.0,50.94
349.0,0.0,0.0,186.0,0.0,998.0,709.0,7.0,35.34
313.6,0.0,0.0,176.6,3.6,1044.4,753.8,28.0,42.13
212.0,0.0,0.0,203.0,0.0,946.0,763.0,180.0,36.15
387.9,0.0,0.0,172.0,6.9,887.0,855.2,28.0,36.35
251.8,0.0,126.5,168.9,7.6,971.8,785.3,28.0,30.39
310.0,0.0,0.0,198.0,0.0,932.0,801.0,28.0,42.14
540.0,0.0,0.0,190.0,0.0,974.7,781.4,28.0,50.7
380.0,0.0,0.0,192.0,0.0,1076.4,852.4,90.0,15.04
318.0,0.0,0.0,228.0,0.0,932.0,849.0,56.0,20.73
446.8,0.0,0.0,153.9,0.0,943.5,757.9,360.0,27.94
595.0,0.0,118.0,162.0,0.0,932.0,746.0,56.0,20.77
190.0,0.0,0.0,192.0,0.0,938.0,803.0,28.0,37.17
349.0,0.0,0.0,192.0,0.0,1006.0,758.0,90.0,18.03
362.0,0.0,0.0,170.2,11.1,932.0,792.7,3.0,36.35
277.3,0.0,0.0,186.3,0.0,1055.1,775.1,28.0,72.3
446.7,0.0,97.3,146.4,7.6,852.1,630.4,28.0,13.54
349.0,0.0,129.0,167.6,11.6,987.8,746.9,28.0,56.63
250.0,0.0,0.0,186.0,0.0,932.0,778.0,14.0,65.91
540.0,0.0,0.0,180.0,0.0,1002.0,775.0,3.0,46.23
540.0,0.0,0.0,192.0,0.0,967.0,899.0,28.0,42.35
362.6,0.0,0.0,228.0,0.0,967.0,789.0,28.0,18.91
252.0,0.0,0.0,192.0,0.0,965.0,895.0,28.0,12.45
425.0,0.0,0.0,192.0,0.0,932.0,784.0,28.0,24.45
425.0,0.0,0.0,192.0,0.0,933.0,754.0,3.0,44.28
250.0,0.0,0.0,189.0,0.0,936.0,801.0,28.0,36.97
446.0,106.0,0.0,228.0,0.0,852.0,755.0,7.0,49.2
250.0,0.0,0.0,192.0,0.0,932.0,787.0,28.0,44.61
425.0,0.0,0.0,193.0,14.0,852.0,670.0,28.0,40.87
250.0,0.0,118.0,192.0,7.0,990.0,888.0,28.0,19.11
425.0,0.0,0.0,191.9,0.0,1056.4,892.5,28.0,39.3
310.0,0.0,0.0,191.0,0.0,967.0,879.0,7.0,29.87
165.8,0.0,0.0,193.6,0.0,942.6,779.6,7.0,24.05
300.0,0.0,0.0,192.0,0.0,1006.0,746.0,3.0,50.95
359.0,0.0,0.0,200.0,0.0,987.0,709.2,3.0,36.44
251.2,0.0,0.0,228.6,0.0,1047.0,694.7,28.0,14.99
310.0,0.0,0.0,192.0,0.0,966.0,613.0,28.0,39.38
376.0,0.0,0.0,181.0,0.0,1047.0,800.0,56.0,36.44
425.0,0.0,0.0,228.0,0.0,942.0,803.0,90.0,66.95
342.0,0.0,0.0,228.0,8.6,1026.9,699.0,7.0,52.52
252.0,0.0,0.0,163.8,0.0,932.6,756.0,3.0,53.69
304.0,0.0,100.0,192.0,10.5,852.0,853.0,14.0,41.54
500.0,0.0,0.0,192.0,11.0,967.0,858.0,7.0,22.44
251.0,0.0,0.0,175.0,0.0,939.0,822.0,7.0,35.3
168.0,14.2,0.0,171.4,6.0,878.1,896.4,28.0,53.52
380.0,0.0,0.0,192.0,0.0,1125.0,794.0,90.0,21.75
250.0,0.0,0.0,186.0,13.5,938.0,746.0,28.0,15.87
153.5,0.0,0.0,157.5,10.6,1068.0,794.4,7.0,48.85
349.0,0.0,0.0,192.0,0.0,879.0,793.0,28.0,21.75
190.5,0.0,0.0,192.0,0.0,961.4,904.0,28.0,26.4
236.0,0.0,0.0,171.0,12.0,958.0,756.0,28.0,23.52
213.5,0.0,0.0,153.7,11.6,931.6,965.4,28.0,32.84
349.0,0.0,0.0,192.0,0.0,852.6,845.8,28.0,9.13
310.0,0.0,98.0,188.0,0.0,938.0,594.0,28.0,10.79
401.0,0.0,0.0,192.0,0.0,946.0,852.0,7.0,38.02
307.0,0.0,0.0,228.0,0.0,1028.0,895.0,28.0,31.74
313.5,0.0,0.0,192.0,0.0,1047.6,785.6,28.0,19.93
337.3,0.0,0.0,203.5,0.0,882.1,746.6,180.0,32.1
393.5,93.9,0.0,146.1,10.6,967.3,805.8,28.0,26.91
540.0,0.0,0.0,202.9,0.0,944.6,887.6,100.0,65.2
277.3,0.0,0.0,228.1,6.0,1056.6,757.1,28.0,9.45
331.0,0.0,0.0,192.0,0.0,934.0,793.0,28.0,35.36
349.0,106.4,141.6,195.7,9.7,852.6,756.5,28.0,18.02
305.0,0.0,0.0,228.0,11.9,824.0,887.0,7.0,52.44
200.0,0.0,0.0,192.0,0.0,952.0,755.0,28.0,43.57
277.0,0.0,0.0,192.0,0.0,931.4,757.8,7.0,36.3
212.0,0.0,0.0,172.0,8.6,1059.4,785.9,28.0,57.22
212.3,0.0,174.4,203.5,11.2,968.0,752.5,7.0,21.86
166.9,174.3,141.3,192.0,11.3,1076.2,880.3,7.0,77.3
310.0,0.0,0.0,192.0,0.0,932.0,746.0,7.0,53.52
446.0,0.0,0.0,192.0,0.0,944.0,785.0,28.0,36.84
159.8,0.0,125.9,190.5,11.8,932.1,777.5,56.0,39.4
500.0,0.0,124.0,192.0,9.0,1077.0,756.0,28.0,66.1
342.0,0.0,0.0,192.0,0.0,942.0,781.0,7.0,23.22
425.0,0.0,0.0,192.0,0.0,932.0,670.0,3.0,36.35
310.2,0.0,0.0,170.7,0.0,934.2,712.6,28.0,30.28
349.0,0.0,0.0,184.0,0.0,942.0,744.0,28.0,50.51
540.0,0.0,0.0,185.0,0.0,938.0,768.0,360.0,31.38
203.5,238.5,0.0,185.7,0.0,955.0,805.0,3.0,42.64
425.0,0.0,0.0,192.0,0.0,1001.0,669.0,28.0,27.92
425.0,190.0,0.0,192.0,0.0,938.0,908.0,28.0,65.2
331.0,0.0,123.0,185.0,8.0,1028.0,749.0,90.0,69.3
212.0,24.0,0.0,189.0,9.7,967.0,769.0,56.0,33.95
168.7,0.0,0.0,179.8,5.9,945.8,775.8,28.0,27.83
190.5,0.0,0.0,228.0,3.7,971.3,779.0,3.0,31.81
212.0,0.0,0.0,188.0,0.0,822.0,757.0,270.0,59.09
212.0,0.0,0.0,181.0,0.0,928.0,746.0,7.0,36.96
359.0,0.0,0.0,155.0,0.0,934.0,781.0,28.0,42.14
380.0,0.0,0.0,203.0,0.0,944.0,825.0,180.0,68.5
252.0,0.0,0.0,192.0,0.0,844.0,824.0,56.0,29.23
310.0,0.0,0.0,186.0,0.0,968.0,889.0,28.0,36.15
427.8,0.0,143.0,192.0,0.0,1047.0,613.0,28.0,39.32
190.7,0.0,0.0,192.0,0.0,1047.5,782.8,3.0,25.12
310.0,0.0,0.0,203.5,0.0,968.0,757.6,28.0,25.1
266.0,0.0,0.0,191.0,0.0,1047.0,778.0,7.0,42.62
230.0,185.0,0.0,203.0,8.0,870.0,804.0,7.0,23.79
310.0,0.0,0.0,192.0,0.0,801.0,749.0,3.0,43.89
439.0,132.8,0.0,186.7,0.0,898.1,744.7,28.0,27.04
236.0,0.0,0.0,185.0,0.0,932.0,852.0,28.0,19.69
500.0,0.0,0.0,192.0,0.0,1040.0,613.0,28.0,19.99
250.0,0.0,0.0,185.0,0.0,973.4,810.3,7.0,23.7
230.7,0.0,0.0,183.7,0.0,1065.7,715.6,28.0,82.6
331.0,0.0,0.0,192.0,0.0,859.0,769.0,7.0,47.03
318.0,0.0,0.0,203.0,0.0,942.0,803.0,3.0,39.38
158.6,0.0,0.0,203.5,0.0,968.2,755.9,3.0,39.59
218.0,0.0,0.0,203.5,9.0,952.6,794.2,28.0,74.17
304.0,0.0,0.0,192.0,0.0,967.0,693.0,3.0,40.93
192.0,0.0,0.0,192.0,15.7,968.4,785.6,28.0,49.9
310.0,0.0,0.0,192.0,0.0,1028.0,775.0,28.0,41.72
349.0,145.0,0.0,186.0,0.0,938.0,801.0,28.0,15.36
388.0,0.0,0.0,192.0,0.0,1028.0,738.0,3.0,40.93
349.0,0.0,0.0,185.0,0.0,932.0,755.0,28.0,14.4
277.0,0.0,100.0,168.0,8.0,968.0,789.0,28.0,33.76
325.0,0.0,0.0,185.0,0.0,887.0,880.0,3.0,20.97
297.0,0.0,0.0,228.0,0.0,967.0,746.0,28.0,23.52
382.0,0.0,0.0,228.0,0.0,977.0,712.0,28.0,20.08
238.8,0.0,0.0,185.9,8.1,1058.4,801.2,14.0,39.05
480.0,0.0,0.0,164.5,0.0,1047.3,755.9,28.0,33.4
144.7,0.0,117.8,154.8,8.9,968.1,752.3,3.0,55.83
349.0,0.0,0.0,203.0,0.0,946.0,803.0,28.0,26.23
277.8,0.0,0.0,175.5,0.0,965.3,755.3,7.0,24.66
158.5,0.0,0.0,203.5,6.9,1043.7,698.7,7.0,66.0
350.0,0.0,0.0,203.5,0.0,984.7,852.1,7.0,23.84
213.2,0.0,0.0,192.8,8.0,1058.6,793.5,28.0,15.52
284.1,0.0,0.0,162.2,9.5,1047.9,822.2,3.0,38.6
192.0,0.0,0.0,192.0,0.0,903.0,758.0,7.0,35.3
425.0,0.0,100.8,195.4,15.6,967.3,785.8,7.0,43.7
236.0,0.0,0.0,192.0,0.0,946.0,861.0,100.0,49.77
446.4,0.0,0.0,228.1,9.0,932.1,755.7,270.0,29.41
165.9,0.0,0.0,228.0,7.7,852.4,794.9,270.0,33.49
393.0,0.0,0.0,203.0,0.0,825.0,881.0,28.0,21.91
475.0,0.0,0.0,228.0,0.0,853.0,751.0,28.0,20.87
135.0,0.0,0.0,181.0,0.0,922.0,695.0,7.0,13.09
305.3,0.0,0.0,186.8,0.0,947.2,789.3,180.0,39.66
339.0,142.0,0.0,153.0,0.0,961.0,712.0,14.0,17.44
288.0,0.0,0.0,192.0,0.0,822.0,709.0,14.0,36.56
310.9,0.0,0.0,203.5,8.9,946.6,688.6,28.0,51.04
331.0,200.0,0.0,212.0,8.1,972.0,622.0,56.0,32.4
313.9,0.0,0.0,192.0,0.0,978.0,746.4,28.0,17.2
362.0,0.0,0.0,191.0,0.0,856.0,696.0,28.0,29.72
380.0,0.0,0.0,228.0,5.9,932.0,746.0,14.0,19.99
380.0,0.0,0.0,192.0,0.0,967.0,756.0,56.0,9.45
342.0,0.0,0.0,203.0,0.0,1053.0,604.0,28.0,15.05
194.0,0.0,0.0,192.0,0.0,932.0,778.0,90.0,38.89
313.8,0.0,100.1,178.9,11.2,1028.2,803.4,28.0,27.77
540.7,19.0,0.0,200.5,0.0,967.0,752.3,3.0,68.3
218.5,0.0,0.0,180.5,0.0,1088.0,713.7,28.0,44.52
310.0,0.0,0.0,192.0,0.0,932.0,801.0,270.0,55.5
213.0,0.0,0.0,203.0,0.0,942.0,809.0,3.0,67.57
424.0,0.0,0.0,192.0,0.0,964.0,754.0,7.0,19.69
237.0,0.0,0.0,192.0,0.0,937.0,753.0,7.0,39.42
297.0,0.0,0.0,192.0,0.0,1047.5,794.8,28.0,4.83
540.0,0.0,0.0,182.0,0.0,942.0,622.0,90.0,35.3
167.0,0.0,121.0,154.0,6.0,967.0,813.0,28.0,37.27
359.0,0.0,0.0,186.0,0.0,948.0,746.0,28.0,42.03
387.0,0.0,0.0,192.0,0.0,967.0,762.0,28.0,15.42
250.0,0.0,0.0,191.0,0.0,852.2,785.6,7.0,39.84
376.0,0.0,0.0,186.0,0.0,936.0,868.0,28.0,9.74
387.0,0.0,0.0,228.0,7.0,849.0,712.0,28.0,41.16
213.6,0.0,0.0,185.7,6.9,1086.4,695.7,100.0,40.06
183.9,49.3,118.2,178.1,8.7,887.6,885.2,28.0,23.79
439.0,0.0,0.0,192.0,0.0,932.0,755.0,28.0,39.27
322.0,0.0,0.0,192.0,0.0,932.0,763.0,3.0,19.42
362.1,0.0,0.0,228.3,5.9,854.2,759.5,3.0,66.6
389.0,177.0,0.0,192.0,0.0,967.0,613.0,7.0,51.04
313.0,0.0,0.0,186.0,0.0,967.0,880.0,28.0,38.5
252.0,0.0,0.0,183.0,0.0,987.0,613.0,3.0,41.94
194.0,189.0,0.0,192.0,6.0,942.0,822.0,28.0,22.72
331.5,0.0,78.6,160.7,15.3,967.2,785.6,28.0,21.78
213.0,0.0,0.0,202.0,0.0,852.0,903.0,180.0,28.02
190.0,0.0,0.0,192.0,0.0,932.0,655.0,90.0,18.03
333.0,0.0,0.0,185.0,0.0,967.0,781.0,28.0,40.06
349.0,0.0,0.0,192.0,0.0,931.7,758.8,28.0,48.7
425.0,0.0,0.0,203.5,0.0,929.4,809.1,28.0,11.47
424.0,0.0,0.0,200.0,0.0,870.0,756.0,7.0,25.12
153.3,0.0,0.0,195.8,7.9,932.2,869.3,28.0,64.3
342.4,0.0,0.0,198.3,0.0,947.8,853.4,28.0,18.02
158.0,0.0,123.0,193.0,8.0,852.0,756.0,28.0,30.14
375.0,0.0,0.0,203.5,0.0,932.0,801.1,28.0,13.12
500.0,0.0,0.0,192.0,0.0,1058.1,778.1,7.0,25.2
500.0,0.0,0.0,192.0,0.0,942.2,752.5,180.0,14.99
349.3,117.0,174.8,186.9,5.9,1053.8,744.0,28.0,29.0
387.0,0.0,0.0,228.0,0.0,942.0,707.0,365.0,23.35
425.1,0.0,93.9,185.3,7.6,1028.0,801.8,28.0,45.37
475.0,0.0,0.0,192.0,0.0,852.0,798.0,28.0,56.81
166.0,0.0,0.0,193.0,0.0,944.0,852.0,28.0,45.37
246.0,129.0,0.0,228.0,0.0,856.0,781.0,28.0,47.1
277.0,0.0,0.0,160.0,3.3,970.0,693.0,28.0,56.14
446.0,0.0,0.0,192.0,0.0,967.0,769.0,28.0,12.47
313.1,0.0,0.0,192.8,0.0,1049.1,801.2,7.0,67.7
342.0,0.0,0.0,228.0,0.0,1086.0,781.0,28.0,6.9
266.0,0.0,0.0,177.0,0.0,966.0,785.0,28.0,54.77
165.0,189.0,0.0,191.0,0.0,932.0,613.0,28.0,47.97
298.0,0.0,0.0,190.0,0.0,1056.0,603.0,28.0,33.4
387.9,189.0,118.6,164.9,12.1,1030.7,852.4,7.0,26.91
275.0,0.0,0.0,186.0,0.0,932.0,965.0,90.0,29.07
313.0,95.0,0.0,186.0,0.0,932.0,775.0,28.0,39.42
552.5,0.0,121.7,163.5,8.8,988.3,961.2,28.0,35.3
296.0,0.0,0.0,192.0,0.0,1086.0,852.0,28.0,29.98
200.0,0.0,0.0,192.0,0.0,852.0,889.0,90.0,24.48
213.0,0.0,0.0,192.0,0.0,852.0,755.0,28.0,34.49
250.0,0.0,0.0,192.0,0.0,944.0,825.0,7.0,52.04
266.0,0.0,0.0,186.0,0.0,968.0,801.0,28.0,60.28
212.5,0.0,0.0,175.8,11.2,1058.6,769.6,7.0,73.7
331.0,143.9,0.0,192.0,3.6,1055.0,775.0,7.0,21.07
250.0,166.0,0.0,192.0,0.0,957.0,755.0,28.0,35.76
387.0,0.0,0.0,228.0,0.0,979.0,813.2,28.0,39.44
446.0,0.0,0.0,228.0,0.0,1029.0,755.0,7.0,43.57
310.0,0.0,0.0,192.0,0.0,931.0,887.0,14.0,24.28
331.0,0.0,0.0,203.0,0.0,932.0,664.0,365.0,39.44
164.2,0.0,132.1,193.6,7.6,968.2,881.5,56.0,13.29
339.0,118.0,0.0,228.0,0.0,970.0,794.0,28.0,37.36
305.0,0.0,0.0,181.1,11.2,842.1,719.1,7.0,53.39
166.0,0.0,0.0,185.0,5.6,1028.0,806.0,3.0,41.54
250.0,0.0,0.0,192.0,0.0,967.0,861.0,28.0,39.15
145.3,212.5,0.0,157.8,0.0,852.1,787.5,28.0,12.54
213.5,0.0,100.3,185.1,11.5,938.3,812.6,28.0,47.71
310.0,0.0,0.0,228.0,0.0,1025.0,785.0,28.0,39.42
159.7,0.0,0.0,179.4,7.3,938.1,939.2,28.0,43.39
339.0,0.0,0.0,185.0,0.0,963.0,891.0,3.0,27.22
250.0,0.0,0.0,192.0,0.0,1023.0,753.0,180.0,48.59
310.0,0.0,0.0,192.0,0.0,967.0,809.0,28.0,17.37
525.0,0.0,0.0,192.0,0.0,852.0,678.0,28.0,31.42
321.5,0.0,0.0,193.5,0.0,1047.4,784.6,28.0,59.2
539.0,0.0,0.0,186.0,5.2,932.0,794.0,14.0,31.18
382.0,0.0,0.0,192.0,0.0,932.0,746.0,28.0,21.75
238.0,0.0,0.0,192.0,0.0,944.0,783.0,7.0,56.83
385.0,132.0,0.0,180.0,0.0,853.0,681.0,3.0,52.91
500.0,0.0,0.0,192.0,0.0,956.9,757.8,28.0,26.06
382.0,0.0,0.0,178.0,8.0,942.0,880.0,56.0,57.6
388.0,0.0,0.0,185.0,0.0,948.0,784.0,7.0,48.59
439.0,0.0,0.0,185.0,0.0,974.0,852.0,3.0,7.51
401.0,0.0,0.0,185.0,10.0,966.0,880.0,3.0,33.09
425.0,0.0,0.0,203.0,0.0,935.0,613.0,28.0,33.04
446.0,0.0,0.0,158.0,0.0,852.0,774.0,28.0,23.22
376.0,0.0,0.0,192.0,0.0,942.0,744.0,7.0,46.68
212.3,145.9,95.7,170.1,11.7,1079.8,609.6,28.0,33.4
310.0,0.0,0.0,228.0,0.0,1047.0,757.0,28.0,25.12
374.0,0.0,0.0,192.0,0.0,847.0,754.0,14.0,69.66
310.0,0.0,0.0,200.0,0.0,932.5,812.7,7.0,50.7
173.0,0.0,79.4,185.9,7.5,1007.2,744.0,28.0,14.2
500.0,0.0,0.0,203.0,0.0,1047.0,759.0,3.0,19.77
331.0,0.0,0.0,186.0,0.0,932.0,613.0,28.0,6.81
322.0,24.0,0.0,192.0,0.0,934.0,712.0,28.0,33.73
540.0,0.0,0.0,192.0,0.0,938.0,812.0,28.0,21.16
252.0,0.0,0.0,157.0,0.0,932.0,805.0,28.0,46.23
313.0,0.0,0.0,197.0,0.0,967.0,860.0,3.0,79.99
431.0,0.0,0.0,192.0,0.0,855.0,879.0,28.0,33.94
250.8,107.4,94.6,175.6,8.7,1046.1,612.0,3.0,44.4
190.0,0.0,0.0,185.0,0.0,975.0,757.0,28.0,24.28
427.0,0.0,99.9,203.0,8.0,967.0,646.0,28.0,27.63
250.0,0.0,0.0,192.0,0.0,945.0,801.0,3.0,34.29
250.0,0.0,0.0,165.0,9.2,952.6,670.0,28.0,34.77
425.0,212.0,0.0,192.0,0.0,844.0,801.0,3.0,66.95
425.0,0.0,0.0,195.8,8.0,1022.2,713.5,3.0,74.36
322.0,0.0,0.0,192.0,0.0,852.0,613.0,7.0,37.26
359.0,116.0,0.0,228.0,0.0,932.0,801.0,180.0,37.42
376.0,0.0,0.0,183.0,0.0,924.0,829.0,28.0,40.2
212.0,0.0,123.5,195.7,0.0,852.8,755.1,28.0,10.79
307.2,0.0,0.0,192.0,11.8,967.4,749.5,14.0,29.55
382.0,0.0,0.0,155.0,7.0,932.0,874.0,14.0,41.37
296.4,0.0,0.0,164.3,7.3,882.5,613.6,28.0,4.78
475.0,0.0,0.0,192.0,0.0,1006.0,755.0,28.0,32.92
212.0,0.0,0.0,186.0,0.0,932.0,777.0,28.0,18.03
540.0,190.0,0.0,192.0,0.0,926.0,852.0,28.0,40.87
380.0,0.0,0.0,192.0,0.0,956.0,594.0,28.0,23.52
380.4,0.0,125.3,192.6,11.2,801.6,758.7,28.0,40.76
213.1,94.7,99.4,181.5,9.6,1006.9,795.6,28.0,20.77
238.0,0.0,0.0,203.0,0.0,852.0,792.0,7.0,22.9
318.0,0.0,0.0,192.0,0.0,966.0,746.0,28.0,25.02
446.0,0.0,0.0,185.0,8.0,867.0,842.0,28.0,55.64
350.0,97.0,0.0,188.0,9.0,942.0,670.0,28.0,79.4
425.0,0.0,0.0,185.0,0.0,968.0,757.0,28.0,31.27
290.0,0.0,0.0,192.0,0.0,932.0,795.0,28.0,41.54
277.0,189.0,0.0,228.0,0.0,830.0,694.0,7.0,12.64
475.0,0.0,0.0,203.0,11.0,944.0,785.0,7.0,52.43
277.0,0.0,133.0,192.0,0.0,934.0,763.0,28.0,15.87
250.0,0.0,0.0,192.0,0.0,967.0,781.0,7.0,33.27
323.0,0.0,0.0,228.0,0.0,974.0,594.0,28.0,53.96
540.0,0.0,0.0,192.0,0.0,852.0,880.0,28.0,32.4
332.0,0.0,0.0,192.0,0.0,852.0,801.2,3.0,66.82
331.1,0.0,163.6,158.9,11.9,1009.8,881.9,28.0,32.07
446.0,0.0,0.0,192.0,0.0,936.0,782.0,28.0,32.72
313.0,0.0,0.0,201.0,0.0,932.0,605.0,7.0,71.3
376.0,0.0,0.0,192.0,0.0,945.0,800.0,28.0,27.34
342.4,213.5,0.0,203.5,8.7,1002.5,745.6,7.0,31.35
525.1,0.0,0.0,210.1,0.0,965.0,749.1,28.0,36.94
342.0,0.0,0.0,192.0,0.0,942.0,789.0,7.0,52.12
385.0,0.0,0.0,192.0,0.0,968.0,785.0,270.0,36.44
251.0,0.0,0.0,185.0,5.6,1080.0,753.0,100.0,59.76
237.2,0.0,0.0,162.5,0.0,939.8,757.4,7.0,51.33
380.0,121.5,0.0,157.5,0.0,873.5,781.0,3.0,14.7
307.0,0.0,0.0,192.0,0.0,932.0,755.0,28.0,55.9
331.4,0.0,0.0,159.9,0.0,932.6,611.4,28.0,42.13
296.0,0.0,0.0,193.0,0.0,932.0,632.0,365.0,13.57
382.0,0.0,0.0,159.0,0.0,991.0,749.0,28.0,25.62
362.0,0.0,0.0,203.0,0.0,913.0,755.0,90.0,32.04
401.0,189.0,0.0,203.5,9.9,968.6,755.3,270.0,41.67
540.0,0.0,0.0,168.1,0.0,967.0,613.4,56.0,44.7
393.0,0.0,0.0,192.0,0.0,1047.0,654.0,90.0,51.02
331.0,0.0,0.0,192.0,0.0,842.0,789.6,28.0,38.63
331.6,0.0,0.0,203.0,0.0,830.0,613.0,28.0,33.4
540.0,0.0,0.0,185.0,0.0,968.0,758.0,14.0,24.29
313.0,0.0,0.0,185.0,12.1,946.0,889.0,28.0,69.66
141.0,0.0,0.0,181.0,0.0,932.0,874.0,28.0,45.3
375.0,0.0,0.0,228.0,0.0,942.0,789.0,28.0,37.36
190.3,0.0,0.0,192.0,0.0,932.1,779.7,7.0,21.86
359.0,0.0,0.0,185.0,0.0,1006.0,801.0,90.0,39.0
275.0,0.0,0.0,170.0,7.6,852.1,780.2,7.0,36.94
380.0,0.0,0.0,228.0,0.0,942.0,724.0,3.0,23.08
540.0,0.0,0.0,185.0,0.0,932.0,790.0,365.0,8.06
238.3,0.0,0.0,185.7,11.3,1005.8,852.8,28.0,64.3
166.0,0.0,122.0,191.0,6.0,885.0,758.0,28.0,46.25
540.0,0.0,0.0,181.0,0.0,942.0,855.0,90.0,20.08
393.0,0.0,0.0,202.0,11.6,932.0,613.0,28.0,21.54
475.0,0.0,0.0,195.0,0.0,848.0,794.0,28.0,18.75
381.0,0.0,0.0,228.0,0.0,944.0,613.0,28.0,22.93
252.3,0.0,0.0,186.2,0.0,929.4,829.9,28.0,31.12
540.0,0.0,0.0,154.0,0.0,927.0,746.0,28.0,28.99
425.0,0.0,0.0,198.0,0.0,974.0,778.0,28.0,32.33
153.8,0.0,0.0,181.0,0.0,1036.0,755.0,7.0,71.62
393.6,0.0,0.0,228.0,0.0,1056.5,785.6,3.0,30.14
310.0,0.0,0.0,228.0,0.0,970.0,758.3,28.0,15.34
297.0,0.0,0.0,185.6,9.9,801.9,756.9,28.0,31.84
331.9,0.0,0.0,185.7,0.0,932.1,758.6,7.0,40.93
305.0,0.0,0.0,185.4,0.0,1003.8,783.7,14.0,31.72
374.0,0.0,0.0,186.0,0.0,944.0,755.0,90.0,38.77
250.0,136.0,0.0,203.0,0.0,946.0,744.0,28.0,36.45
250.0,0.0,0.0,185.0,0.0,932.2,775.0,28.0,53.52
350.0,0.0,0.0,203.5,0.0,938.2,806.4,28.0,55.65
380.5,0.0,0.0,228.0,0.0,1025.6,757.5,14.0,36.94
251.4,0.0,100.8,185.3,11.6,846.2,896.9,56.0,39.0
189.0,0.0,0.0,192.0,0.0,967.6,765.3,7.0,51.02
212.0,0.0,112.0,185.0,0.0,1051.0,757.0,28.0,11.85
480.0,0.0,0.0,206.0,0.0,973.0,753.0,180.0,13.52
387.0,167.0,0.0,178.0,0.0,932.0,613.0,7.0,31.35
446.0,0.0,0.0,164.0,0.0,944.2,809.0,90.0,32.77
342.0,0.0,0.0,228.0,0.0,938.0,840.0,7.0,35.34
446.0,168.0,0.0,203.0,5.0,867.0,779.0,28.0,44.86
155.0,0.0,0.0,190.0,0.0,877.0,613.0,28.0,17.24
250.0,0.0,0.0,228.0,0.0,966.0,785.0,28.0,26.05
475.7,0.0,119.1,159.1,9.1,1006.8,757.6,3.0,54.9
313.6,0.0,100.3,179.4,6.4,829.1,792.3,28.0,27.92
313.5,0.0,132.9,190.0,10.7,936.0,761.9,28.0,23.52
145.0,0.0,0.0,210.0,0.0,967.0,594.0,90.0,39.78
382.0,0.0,0.0,192.0,0.0,1006.0,670.0,365.0,31.03
275.0,0.0,0.0,168.0,0.0,932.0,794.9,90.0,56.62
183.7,189.0,0.0,178.2,8.1,1047.1,805.7,28.0,25.1
251.0,0.0,0.0,192.0,0.0,942.0,594.0,7.0,30.12
50.0,0.0,0.0,185.0,0.0,852.0,850.0,28.0,52.43
310.0,0.0,0.0,192.0,0.0,825.5,903.6,90.0,23.08
540.0,0.0,0.0,203.5,0.0,942.6,852.2,3.0,49.77
212.0,203.0,124.0,192.0,10.4,749.0,809.0,90.0,39.84
331.0,0.0,0.0,185.0,9.0,1175.0,745.0,7.0,48.85
525.0,0.0,0.0,192.0,0.0,932.0,787.0,28.0,71.3
153.0,0.0,0.0,194.0,10.6,952.0,787.0,28.0,17.37
250.0,0.0,0.0,154.5,0.0,1055.6,670.5,28.0,26.4
212.0,163.0,0.0,159.0,0.0,852.0,825.0,28.0,47.71
469.4,0.0,0.0,192.0,0.0,942.8,857.6,28.0,44.52
189.0,0.0,0.0,151.6,0.0,828.1,855.9,56.0,28.68
500.0,0.0,0.0,192.0,0.0,968.4,745.6,28.0,23.51
382.0,0.0,0.0,192.0,6.0,965.0,712.0,28.0,26.31
251.0,0.0,0.0,192.0,0.0,970.0,744.0,56.0,57.6
446.0,0.0,0.0,192.0,0.0,932.0,709.0,3.0,47.03
362.2,93.6,0.0,228.7,0.0,800.1,758.3,28.0,35.57
153.2,0.0,125.3,192.0,11.2,1006.8,847.4,28.0,34.9
382.0,0.0,0.0,195.0,0.0,1090.0,779.0,7.0,6.81
424.0,0.0,79.0,190.0,6.7,947.0,870.0,28.0,52.91
331.2,0.0,0.0,228.6,0.0,968.6,804.4,28.0,33.31
424.0,0.0,0.0,192.0,0.0,932.0,745.0,28.0,67.31
313.1,0.0,0.0,186.6,0.0,978.0,852.1,28.0,33.4
446.0,0.0,0.0,186.0,0.0,853.0,875.0,91.0,47.03
475.0,0.0,0.0,186.0,0.0,1028.0,670.0,7.0,40.23
310.0,117.0,0.0,185.0,8.0,968.0,694.0,56.0,32.33
203.8,0.0,0.0,185.7,0.0,1047.2,712.9,90.0,50.73
165.0,0.0,0.0,168.0,0.0,906.0,785.0,56.0,20.59
439.0,0.0,0.0,160.7,0.0,932.6,817.6,28.0,16.5
349.0,203.0,0.0,192.0,0.0,932.0,660.0,7.0,39.45
387.0,0.0,0.0,162.0,0.0,932.0,755.0,7.0,23.08
298.0,0.0,0.0,192.0,0.0,946.0,812.0,28.0,32.84
525.0,0.0,0.0,203.5,0.0,967.1,753.6,7.0,33.8
275.0,0.0,113.0,186.0,9.0,852.0,798.0,28.0,39.06
251.2,122.8,0.0,185.6,10.3,1043.4,725.5,28.0,36.84
500.2,0.0,0.0,200.5,0.0,967.4,755.4,7.0,40.15
310.9,0.0,0.0,192.0,5.7,852.1,613.7,28.0,8.49
514.0,0.0,0.0,213.0,0.0,1038.0,775.0,28.0,49.2
310.0,0.0,0.0,192.0,0.0,932.0,869.0,180.0,11.48
359.3,0.0,0.0,175.7,4.6,1049.2,787.9,28.0,22.49
238.8,0.0,0.0,178.1,0.0,932.7,754.0,28.0,40.86
236.0,0.0,0.0,200.9,0.0,968.3,784.0,28.0,66.6
446.1,0.0,125.0,192.0,6.6,1022.0,858.7,14.0,64.9
331.0,0.0,0.0,174.0,0.0,944.0,806.0,28.0,31.35
385.0,0.0,0.0,195.0,0.0,942.0,775.0,7.0,31.18
393.0,0.0,0.0,192.0,18.0,932.0,765.0,28.0,31.88
304.0,106.0,0.0,167.0,0.0,1047.0,761.0,28.0,61.09
379.0,0.0,0.0,228.0,0.0,932.0,611.0,3.0,39.58
250.2,0.0,124.8,177.5,6.6,1047.1,725.8,14.0,36.59
250.0,0.0,0.0,203.0,0.0,881.0,785.0,28.0,26.06
250.0,0.0,0.0,158.0,11.6,999.9,785.3,14.0,37.4
500.0,0.0,0.0,186.0,0.0,976.0,880.0,28.0,25.56
342.0,0.0,0.0,192.0,0.0,852.0,704.0,28.0,13.2
397.0,180.0,0.0,183.0,0.0,968.0,784.0,14.0,65.91
305.0,0.0,0.0,192.0,0.0,968.0,893.0,100.0,29.72
425.0,0.0,0.0,228.0,0.0,1047.0,869.0,28.0,38.56
382.0,0.0,0.0,185.0,0.0,966.0,781.0,28.0,28.68
500.0,0.0,0.0,203.0,6.5,1028.0,852.0,28.0,40.93
158.3,20.1,113.6,166.9,11.8,942.9,746.7,180.0,53.58
145.0,0.0,0.0,185.0,3.6,932.0,724.0,28.0,65.91
145.4,0.0,119.5,174.4,9.4,1059.1,670.1,28.0,31.64
166.0,0.0,0.0,192.0,0.0,968.0,744.0,7.0,49.25
238.5,97.3,0.0,167.5,11.6,1056.7,753.3,56.0,30.44
333.0,0.0,0.0,185.0,0.0,968.0,746.0,28.0,15.61
313.0,0.0,0.0,228.0,0.0,932.0,779.0,270.0,14.14
375.0,0.0,0.0,192.0,0.0,1007.0,763.0,3.0,15.52
322.0,0.0,0.0,174.0,0.0,971.0,613.0,90.0,17.84
382.0,0.0,0.0,155.0,0.0,967.0,713.0,90.0,29.0
252.0,0.0,0.0,192.0,12.1,824.0,812.0,28.0,33.61
337.0,0.0,0.0,195.0,0.0,932.0,763.0,28.0,29.87
153.0,0.0,0.0,193.0,4.0,932.0,755.0,56.0,28.3
380.0,0.0,0.0,199.0,0.0,942.0,845.0,28.0,65.91
331.0,0.0,0.0,192.0,0.0,935.0,713.0,100.0,11.47
425.0,0.0,0.0,181.5,9.6,1056.6,822.7,28.0,9.13
387.0,0.0,0.0,192.0,0.0,942.0,775.0,28.0,35.23
190.8,0.0,94.9,145.9,9.4,1088.9,763.9,7.0,54.1
183.2,0.0,0.0,181.2,8.8,1061.3,765.5,28.0,51.02
310.0,0.0,0.0,228.0,0.0,942.0,857.0,28.0,42.03
446.0,0.0,0.0,228.0,0.0,1066.0,613.0,28.0,48.28
250.0,0.0,0.0,192.0,11.6,1047.0,714.0,56.0,46.93
332.0,0.0,0.0,192.0,0.0,941.0,825.0,28.0,39.3
331.0,0.0,0.0,160.0,11.6,1007.0,803.0,28.0,29.72
339.0,0.0,0.0,162.0,20.0,1047.0,781.0,28.0,30.12
350.3,0.0,0.0,192.0,0.0,1028.1,775.9,28.0,9.74
277.0,0.0,0.0,192.0,0.0,1112.0,755.0,28.0,36.99
288.1,200.0,0.0,185.2,0.0,894.6,762.6,7.0,43.73
359.0,0.0,0.0,195.0,0.0,965.0,765.0,3.0,55.25
238.8,0.0,95.7,178.6,11.8,932.6,803.8,14.0,31.35
339.0,0.0,0.0,170.0,7.0,978.0,755.0,28.0,46.23
313.0,189.0,0.0,186.0,11.9,978.0,792.0,28.0,39.27
376.0,0.0,0.0,191.0,0.0,963.0,713.0,28.0,25.51
362.0,0.0,0.0,192.0,0.0,932.0,755.0,56.0,32.24
310.0,0.0,0.0,192.0,0.0,1125.0,787.0,365.0,39.27
166.9,189.0,0.0,195.7,8.6,852.8,624.3,3.0,65.7
359.0,0.0,0.0,192.0,0.0,932.0,712.0,28.0,23.52
380.0,0.0,0.0,228.0,12.0,1040.0,801.0,28.0,40.23
446.0,56.0,0.0,192.0,0.0,932.0,804.0,56.0,24.28
305.0,0.0,0.0,192.0,0.0,935.5,604.0,7.0,31.84
288.0,0.0,0.0,159.0,0.0,967.0,664.0,3.0,19.69
362.0,0.0,0.0,228.0,0.0,932.0,861.0,7.0,53.39
382.0,0.0,0.0,192.0,0.0,1052.0,520.0,28.0,41.05
250.0,132.0,0.0,192.0,0.0,852.2,611.4,28.0,24.4
290.0,0.0,0.0,180.9,7.4,1057.7,753.1,28.0,28.6
305.0,0.0,0.0,228.0,0.0,938.0,795.0,28.0,9.13
153.0,0.0,0.0,173.0,10.0,863.0,789.0,28.0,38.0
313.0,0.0,0.0,192.0,0.0,865.0,749.0,28.0,33.8
238.0,0.0,0.0,192.0,0.0,932.0,712.0,365.0,32.1
382.0,0.0,0.0,185.0,0.0,942.0,774.0,28.0,25.51
475.0,0.0,0.0,192.0,0.0,848.0,855.0,28.0,41.54
387.0,0.0,0.0,192.0,0.0,942.0,830.0,270.0,55.5
379.0,0.0,0.0,191.0,0.0,932.0,932.0,28.0,39.05
397.0,0.0,0.0,192.0,0.0,965.0,869.0,28.0,61.46
212.0,0.0,0.0,203.0,6.8,932.0,780.0,28.0,14.64
133.0,0.0,141.6,166.3,9.6,1134.4,852.9,56.0,59.8
425.0,0.0,0.0,185.0,0.0,932.0,611.0,28.0,26.26
277.0,0.0,0.0,228.0,6.0,1022.0,825.0,270.0,26.91
250.0,0.0,0.0,183.0,0.0,941.0,805.0,7.0,34.49
251.2,0.0,0.0,192.0,0.0,964.6,743.2,56.0,15.62
212.0,0.0,0.0,182.0,0.0,938.0,697.0,28.0,17.2
500.0,0.0,143.0,185.0,8.0,968.0,725.0,28.0,33.73
313.0,0.0,0.0,185.0,0.0,945.0,880.0,28.0,11.47
380.0,0.0,0.0,192.0,0.0,967.0,801.8,28.0,17.54
212.5,0.0,0.0,203.5,0.0,988.0,717.5,28.0,24.66
166.1,0.0,121.4,189.0,13.6,1061.2,957.6,100.0,54.6
310.0,0.0,0.0,191.0,0.0,965.0,744.0,3.0,34.67
382.0,0.0,0.0,192.0,0.0,1047.0,699.0,28.0,50.53
250.0,0.0,0.0,185.0,11.5,932.0,780.0,28.0,54.1
250.0,19.0,132.0,145.0,7.0,847.0,695.0,7.0,59.2
250.0,0.0,0.0,192.0,0.0,890.0,889.0,90.0,17.24
304.0,0.0,0.0,145.0,0.0,942.0,846.0,100.0,29.07
425.0,0.0,0.0,185.0,0.0,1049.1,801.6,180.0,47.81
349.0,0.0,0.0,192.0,0.0,968.0,778.0,3.0,38.21
200.0,0.0,0.0,192.0,0.0,1006.0,749.0,7.0,18.13
425.0,238.0,0.0,192.0,0.0,932.0,1025.0,28.0,47.4
250.0,0.0,173.5,161.7,9.3,968.8,805.1,28.0,59.2
214.5,0.0,0.0,173.5,6.9,1028.5,852.1,7.0,74.7
237.5,0.0,0.0,203.4,11.7,1047.8,759.3,14.0,50.7
446.0,97.0,0.0,193.0,0.0,967.0,785.0,28.0,26.15
290.0,0.0,142.0,168.0,11.6,932.0,725.0,28.0,51.96
349.0,0.0,0.0,200.0,0.0,932.0,801.0,28.0,76.24
446.0,0.0,0.0,192.0,7.0,978.0,699.0,28.0,15.42
425.0,0.0,0.0,183.8,11.4,1052.3,801.8,28.0,41.68
212.4,0.0,0.0,203.5,0.0,967.0,594.3,28.0,55.25
425.0,0.0,0.0,184.0,0.0,968.0,780.0,28.0,29.87
380.0,0.0,0.0,188.0,10.0,879.0,774.0,100.0,24.44
251.5,0.0,0.0,157.8,3.2,947.0,940.7,28.0,39.84
318.2,0.0,0.0,228.2,0.0,852.1,724.4,28.0,55.9
349.0,0.0,95.0,162.0,12.7,967.0,806.0,28.0,8.37
321.0,0.0,0.0,185.0,12.5,1006.0,853.0,28.0,50.95
250.0,0.0,0.0,185.0,0.0,1060.0,758.0,3.0,13.54
540.0,0.0,0.0,192.0,0.0,852.0,813.0,90.0,19.54
218.0,0.0,0.0,192.0,0.0,974.0,829.0,28.0,19.42
310.0,0.0,0.0,158.0,0.0,977.0,789.0,28.0,14.31
181.6,20.2,143.6,175.8,11.0,957.2,780.4,28.0,26.97
228.8,118.4,0.0,162.6,5.2,852.3,745.6,28.0,24.28
382.0,0.0,0.0,192.0,0.0,932.0,801.0,28.0,19.2
359.4,0.0,0.0,185.4,0.0,946.8,896.6,28.0,33.4
431.0,139.0,0.0,228.0,0.0,967.0,694.0,28.0,38.2
237.7,0.0,0.0,186.7,10.1,961.3,763.5,28.0,13.33
302.0,0.0,0.0,203.0,0.0,989.0,738.0,28.0,37.27
359.0,0.0,0.0,200.0,0.0,852.0,613.0,28.0,25.69
446.0,98.0,0.0,192.0,0.0,942.0,770.0,28.0,34.77
446.0,0.0,0.0,192.0,0.0,1025.0,746.0,28.0,50.24
277.9,0.0,0.0,158.2,6.3,932.0,789.0,100.0,19.01
387.0,0.0,0.0,228.0,6.5,932.0,874.0,24.0,53.69
439.4,0.0,0.0,192.0,0.0,932.8,706.8,28.0,21.29
250.0,0.0,0.0,166.0,6.7,1025.3,801.7,3.0,40.93
446.0,0.0,96.2,192.5,10.9,1061.3,794.9,56.0,33.49
250.0,0.0,0.0,228.0,0.0,965.0,761.0,28.0,18.2
331.0,0.0,0.0,185.0,0.0,1047.0,762.1,28.0,11.17
339.0,0.0,0.0,228.0,0.0,1047.9,791.8,100.0,31.45
425.0,0.0,0.0,203.0,0.0,932.0,753.0,7.0,32.04
379.9,192.0,0.0,177.0,11.8,946.4,761.3,3.0,56.14
385.0,190.0,0.0,185.0,0.0,932.0,779.0,270.0,31.42
359.0,0.0,98.5,181.7,9.2,914.2,752.1,28.0,42.8
310.0,0.0,0.0,228.0,0.0,970.0,712.0,28.0,22.53
212.4,0.0,0.0,174.5,9.7,965.0,845.3,28.0,44.7
212.1,0.0,95.9,203.3,7.5,1006.6,756.4,14.0,34.24
446.0,0.0,0.0,157.3,0.0,938.9,745.8,7.0,21.48
349.0,0.0,0.0,203.5,0.0,932.8,889.1,14.0,42.33
434.0,125.2,0.0,185.7,0.0,988.1,852.2,28.0,40.6
339.5,0.0,0.0,154.2,0.0,921.6,792.0,28.0,55.45
425.0,0.0,0.0,192.0,0.0,932.0,801.0,28.0,79.4
166.0,189.0,0.0,185.0,0.0,932.0,789.0,28.0,25.18
380.0,0.0,0.0,185.0,0.0,932.0,816.0,28.0,45.08
275.0,0.0,173.0,192.0,0.0,1007.0,763.0,7.0,67.8
425.0,0.0,0.0,192.0,0.0,852.0,784.0,28.0,13.66
387.0,0.0,0.0,170.0,0.0,928.0,758.0,28.0,14.99
380.0,0.0,0.0,192.0,10.6,1125.0,697.0,28.0,22.44
310.0,0.0,0.0,145.0,0.0,1069.0,613.0,28.0,18.2
387.5,0.0,0.0,192.0,0.0,1046.0,761.3,28.0,44.28
500.0,0.0,0.0,185.0,0.0,932.0,799.0,28.0,17.34
296.0,0.0,0.0,192.0,0.0,942.0,613.0,28.0,38.02
475.0,0.0,94.0,228.0,1.5,971.0,801.0,3.0,11.58
325.0,0.0,0.0,192.0,11.4,932.0,812.0,7.0,71.3
190.0,0.0,0.0,228.0,0.0,1004.0,746.0,28.0,40.57
446.0,0.0,0.0,192.0,0.0,942.0,613.0,360.0,25.42
339.4,106.3,0.0,196.6,5.1,1086.8,685.6,28.0,42.42
425.0,0.0,0.0,228.0,0.0,1028.0,856.0,14.0,61.07
218.0,0.0,0.0,192.0,0.0,932.0,799.0,7.0,58.61
359.0,0.0,0.0,179.0,0.0,925.0,781.0,7.0,43.58
251.3,0.0,0.0,192.0,9.0,1006.2,857.2,28.0,77.3
200.3,183.8,0.0,158.9,11.2,1047.8,758.8,56.0,24.34
446.1,0.0,100.0,195.4,11.9,932.1,780.6,28.0,53.3
424.0,0.0,0.0,187.0,0.0,946.0,880.0,28.0,45.94
339.0,0.0,0.0,228.0,0.0,932.0,742.0,365.0,62.94
393.0,0.0,0.0,228.0,0.0,1028.0,765.6,28.0,46.23
331.0,0.0,124.0,191.0,11.6,944.0,644.0,28.0,31.18
251.5,0.0,0.0,212.0,0.0,1073.0,761.8,28.0,37.34
310.0,0.0,0.0,153.5,10.2,1047.0,806.9,7.0,38.7
397.3,0.0,0.0,187.5,0.0,942.6,689.5,28.0,19.93
525.0,0.0,0.0,192.0,0.0,936.0,870.0,28.0,37.96
387.0,132.6,0.0,203.5,10.5,852.2,887.2,28.0,21.5
212.0,213.0,0.0,203.0,0.0,932.0,744.0,7.0,16.89
446.0,0.0,0.0,179.0,0.0,932.6,717.0,7.0,46.24
200.5,0.0,0.0,185.7,15.7,852.2,750.1,28.0,33.4
380.0,0.0,0.0,228.0,0.0,1076.0,865.0,28.0,43.57
275.3,0.0,124.4,181.6,7.9,1047.9,1125.1,28.0,43.5
250.0,0.0,0.0,192.0,0.0,978.0,759.0,28.0,35.08
210.8,0.0,0.0,196.7,0.0,932.2,761.6,28.0,26.06
304.0,0.0,0.0,201.0,8.0,944.0,787.0,90.0,31.97
331.0,0.0,0.0,203.0,0.0,946.0,863.0,28.0,6.81
250.0,190.3,0.0,186.3,11.6,946.8,756.7,28.0,71.3
238.3,0.0,0.0,178.5,0.0,1007.5,694.8,365.0,60.28
298.0,0.0,0.0,179.0,0.0,877.0,644.0,28.0,33.73
251.0,0.0,0.0,175.0,0.0,944.0,594.0,28.0,55.65
350.0,0.0,0.0,186.0,0.0,932.0,781.0,56.0,66.0
313.2,0.0,0.0,192.0,0.0,975.0,806.5,28.0,44.61
200.4,0.0,0.0,203.7,0.0,973.4,857.6,3.0,60.29
385.0,0.0,0.0,162.0,14.0,835.0,594.0,7.0,41.37
475.0,0.0,126.0,228.0,11.0,942.0,746.0,56.0,44.86
375.0,118.0,0.0,192.0,6.0,932.0,806.0,28.0,9.73
425.0,0.0,100.0,192.0,8.0,1047.0,799.0,3.0,61.86
339.0,0.0,125.0,158.0,8.0,1047.0,699.0,28.0,52.2
307.0,0.0,0.0,192.0,0.0,975.0,801.8,3.0,33.7
277.0,0.0,0.0,192.0,0.0,962.0,806.0,7.0,52.5
332.0,0.0,0.0,193.0,0.0,932.0,752.0,7.0,52.44
277.0,0.0,0.0,192.0,0.0,832.0,816.0,28.0,36.44
251.9,0.0,0.0,200.8,11.9,1079.4,759.6,7.0,48.4
277.4,163.7,118.2,159.3,7.2,932.8,795.8,28.0,33.08
401.0,0.0,0.0,192.0,0.0,1125.0,804.0,28.0,31.35
290.0,0.0,0.0,185.0,9.0,1079.0,746.0,7.0,44.87
305.0,0.0,163.0,157.0,10.0,976.0,498.0,28.0,32.77
331.0,0.0,0.0,174.0,0.0,825.0,784.0,28.0,35.87
310.0,0.0,0.0,192.0,0.0,967.0,694.0,28.0,41.24
228.0,0.0,0.0,228.0,0.0,946.0,755.0,3.0,54.6
153.0,187.0,0.0,192.0,0.0,1013.4,755.7,7.0,74.5
425.0,0.0,0.0,192.0,0.0,932.0,694.0,28.0,43.06
525.0,166.0,0.0,187.0,0.0,1125.0,732.0,56.0,47.22
382.5,0.0,0.0,193.5,7.9,932.8,887.1,28.0,71.3
275.2,0.0,133.1,159.7,9.8,1007.8,880.6,56.0,15.09
277.4,0.0,0.0,203.4,0.0,929.1,768.0,28.0,48.4
310.0,0.0,0.0,192.0,0.0,852.0,860.0,365.0,47.82
339.0,0.0,0.0,179.0,0.0,971.0,817.0,28.0,25.12
295.0,0.0,0.0,178.2,11.6,1022.0,757.9,91.0,38.8
389.0,0.0,0.0,192.0,0.0,971.0,771.0,90.0,18.0
252.0,0.0,78.0,185.0,8.0,946.0,753.0,28.0,25.22
475.0,0.0,0.0,192.0,0.0,1047.0,852.0,28.0,71.3
475.9,0.0,0.0,195.3,0.0,852.4,755.4,28.0,15.87
387.0,0.0,0.0,192.0,0.0,946.0,699.0,90.0,81.75
153.2,0.0,0.0,179.4,0.0,969.0,804.8,28.0,77.3
339.0,0.0,0.0,192.0,0.0,965.0,784.0,28.0,18.13
337.0,0.0,0.0,228.0,0.0,966.0,880.0,28.0,38.07
389.0,0.0,0.0,192.0,0.0,932.0,712.0,28.0,21.78
339.0,0.0,0.0,179.0,0.0,942.0,795.0,28.0,52.42
397.0,0.0,132.0,154.0,6.0,1022.0,785.0,28.0,56.14
446.0,0.0,0.0,228.0,0.0,944.0,746.0,28.0,37.68
387.0,0.0,0.0,201.0,0.0,1058.0,749.0,56.0,33.42
401.0,0.0,0.0,203.0,3.6,852.0,852.0,3.0,22.75
288.0,98.0,0.0,192.0,0.0,932.0,693.0,28.0,36.35
277.0,0.0,0.0,228.0,0.0,931.6,746.2,180.0,13.29
439.7,0.0,0.0,185.0,0.0,1058.0,613.0,28.0,14.99
250.0,189.0,0.0,228.0,0.0,942.0,758.0,28.0,55.9
277.0,0.0,123.0,192.0,8.1,927.0,668.0,7.0,79.3
380.0,0.0,0.0,184.0,0.0,923.0,800.0,90.0,11.98
425.0,0.0,0.0,202.0,7.7,1043.0,801.0,28.0,11.85
331.0,0.0,0.0,228.0,14.0,946.0,749.0,28.0,36.25
250.0,0.0,0.0,185.7,19.9,852.1,613.1,28.0,64.02
500.0,0.0,0.0,192.0,0.0,967.0,757.0,3.0,16.88
172.8,132.7,123.8,203.5,11.9,949.3,752.8,28.0,47.4
155.0,0.0,0.0,180.0,0.0,967.0,763.0,180.0,15.87
374.0,0.0,0.0,192.0,0.0,1029.0,792.0,28.0,71.62
342.0,0.0,0.0,192.0,0.0,945.0,704.0,100.0,26.85
238.0,0.0,0.0,163.9,10.6,1086.8,852.2,28.0,53.3
349.0,0.0,0.0,186.0,10.2,924.0,785.0,3.0,36.8
310.3,0.0,0.0,185.5,0.0,968.5,825.1,3.0,39.7
400.0,125.9,0.0,184.0,0.0,847.1,852.1,28.0,79.3
168.5,0.0,118.1,158.5,11.4,966.0,805.2,91.0,24.9
525.0,0.0,0.0,203.5,7.9,1029.8,722.9,3.0,61.99
310.0,15.0,0.0,186.0,0.0,958.0,781.0,7.0,35.85
388.0,0.0,0.0,228.0,0.0,967.4,757.8,28.0,38.56
318.0,0.0,121.0,176.0,8.1,968.0,594.0,28.0,26.4
480.1,0.0,0.0,160.3,0.0,993.7,806.5,7.0,36.94
305.0,0.0,0.0,186.0,0.0,946.0,857.0,28.0,17.28
439.0,0.0,0.0,195.8,0.0,1047.6,794.4,28.0,26.2
540.0,0.0,0.0,192.0,0.0,1047.0,755.0,28.0,51.06
251.0,0.0,0.0,185.0,0.0,1079.0,822.0,3.0,25.18
349.0,0.0,0.0,175.0,0.0,947.0,813.0,3.0,55.9
251.0,0.0,0.0,160.0,0.0,967.0,755.0,28.0,46.25
165.5,0.0,0.0,164.5,7.9,943.4,594.5,100.0,24.58
447.0,0.0,0.0,158.0,0.0,934.0,805.0,28.0,43.57
525.0,0.0,0.0,192.0,0.0,932.0,670.0,28.0,72.99
439.0,0.0,93.0,185.0,9.0,1056.0,769.0,28.0,13.36
159.6,0.0,0.0,185.3,10.2,1039.6,797.7,28.0,28.6
439.0,0.0,0.0,228.0,1.9,1052.9,769.4,28.0,7.51
446.2,0.0,100.4,158.3,6.3,1055.1,754.5,3.0,15.42
310.0,0.0,0.0,200.3,0.0,938.1,667.3,28.0,17.24
446.0,0.0,0.0,192.0,0.0,988.0,825.0,28.0,23.08
192.0,0.0,0.0,192.0,0.0,966.0,788.0,28.0,16.26
173.4,0.0,0.0,174.4,0.0,943.6,744.2,7.0,39.09
236.0,0.0,0.0,186.0,0.0,944.9,801.0,7.0,33.72
389.0,0.0,0.0,186.0,0.0,932.0,867.0,28.0,23.84
350.0,0.0,0.0,192.0,0.0,1077.0,765.0,28.0,24.07
350.0,0.0,0.0,192.0,0.0,825.3,734.5,28.0,50.46
313.5,0.0,0.0,203.5,0.0,856.7,775.2,28.0,8.37
425.7,0.0,93.5,203.5,11.6,971.2,712.7,28.0,30.22
382.0,0.0,0.0,192.0,0.0,942.0,852.0,28.0,25.75
331.0,0.0,153.8,162.3,12.5,942.4,754.7,28.0,10.09
313.4,0.0,0.0,228.8,0.0,1077.5,806.9,28.0,55.45
491.0,0.0,0.0,228.0,0.0,933.0,712.0,28.0,57.21
331.0,0.0,0.0,167.8,7.5,1008.5,890.4,3.0,32.53
251.0,0.0,0.0,203.5,6.7,870.0,761.1,3.0,40.06
296.0,0.0,0.0,192.0,0.0,870.4,769.4,28.0,38.46
446.0,0.0,0.0,140.9,7.8,968.0,793.0,3.0,30.57
389.0,0.0,0.0,164.0,0.0,1040.0,755.0,3.0,31.42
