timestamp,temperature,humidity,CO2CosIRValue,CO2MG811Value,MOX1,MOX2,MOX3,MOX4,COValue
2020-02-06 02:41:15.293929+01:00,19.2,58.3,74.0,522.0,539.0,735.0,673.0,624.0,109.0
2020-02-12 16:13:17.73720722+01:00,20.88,54.9,44.0,518.0,539.0,716.0,677.0,627.0,107.0
2020-01-26 07:00:00.067992+01:00,19.93,55.64,69.0,508.0,534.0,741.0,689.0,624.0,94.0
2020-01-27 09:04:53.276787+01:00,20.33,54.54,71.0,508.0,545.0,757.0,675.0,654.0,105.0
2020-01-26 17:04:34.887969+01:00,19.92,56.1,74.0,501.0,556.0,712.0,682.0,667.0,163.0
2020-01-31 11:55:19.867644+01:00,20.14,54.96,44.0,521.0,532.0,706.0,690.0,643.0,103.0
2020-02-05 19:35:52.926333+01:00,20.3,57.92,48.0,523.0,538.0,716.0,667.0,642.0,113.0
2020-02-01 20:59:55.9343644+01:00,20.05,56.52,77.0,498.0,533.0,703.0,646.0,647.0,101.0
2020-02-08 22:15:17.468812+01:00,20.35,59.8,72.0,521.0,536.0,741.0,691.0,636.0,107.0
2020-01-26 00:39:17.726017+01:00,20.26,57.55,76.0,518.0,589.0,749.0,704.0,646.0,116.0
2020-02-07 21:09:35.549036+01:00,20.17,58.4,72.0,517.0,547.0,714.0,676.0,633.0,119.0
2020-02-10 06:34:54.245097+01:00,20.2,56.23,68.0,523.0,534.0,743.0,671.0,626.0,121.0
2020-01-31 10:01:38.073581+01:00,20.25,58.12,74.0,503.0,546.0,697.0,651.0,539.0,100.0
2020-01-29 09:15:12.816958+01:00,20.24,57.26,74.0,518.0,528.0,710.0,659.0,624.0,105.0
2020-02-09 17:46:49.086856+01:00,20.04,53.06,56.0,523.0,537.0,717.0,678.0,623.0,101.0
2020-02-05 18:14:34.086089+01:00,20.08,55.06,44.0,519.0,538.0,705.0,691.0,611.0,126.0
2020-02-08 05:17:57.468527+01:00,21.2,57.91,47.0,518.0,534.0,716.0,711.0,643.0,119.0
2020-01-30 00:22:17.858832+01:00,20.02,56.54,55.0,523.0,534.0,712.0,659.0,628.0,106.0
2020-01-25 17:48:36.846262+01:00,20.8,58.33,68.0,498.0,530.0,724.0,695.0,522.0,125.0
2020-01-26 17:28:54.575091+01:00,21.16,57.74,63.0,518.0,538.0,723.0,662.0,644.0,139.0
2020-02-05 20:12:34.922613+01:00,19.78,54.64,73.0,523.0,537.0,721.0,687.0,652.0,110.0
2020-02-08 03:28:34.347611+01:00,19.94,58.77,66.0,499.0,537.0,704.0,651.0,629.0,122.0
2020-01-31 13:40:29.835000+01:00,22.8,56.2,43.0,508.0,532.0,647.0,671.0,579.0,97.0
2020-02-08 06:22:15.297939+01:00,20.26,55.41,66.0,511.0,549.0,719.0,649.0,635.0,111.0
2020-02-02 03:43:17.838750+01:00,21.1,56.94,76.0,501.0,557.0,645.0,681.0,612.0,98.0
2020-02-11 17:38:49.813009+01:00,20.04,57.12,73.0,505.0,537.0,712.0,675.0,592.0,116.0
2020-02-10 16:47:35.081884+01:00,20.3,58.54,70.0,502.0,532.0,689.0,690.0,518.0,112.0
2020-01-31 14:33:36.786663+01:00,20.8,58.9,70.0,502.0,541.0,743.0,690.0,624.0,126.0
2020-01-25 23:55:07.716804+01:00,20.18,57.16,60.0,516.0,558.0,725.0,651.0,634.0,163.0
2020-02-06 14:33:05.566318+01:00,20.52,58.65,69.0,516.0,547.0,725.0,688.0,593.0,118.0
2020-02-11 02:20:39.634278+01:00,20.05,53.36,47.0,521.0,592.0,712.0,678.0,643.0,93.0
2020-01-31 17:47:50.719588+01:00,20.26,55.67,44.0,522.0,538.0,712.0,651.0,657.0,113.0
2020-01-30 20:12:39.926341+01:00,20.08,58.64,72.0,498.0,528.0,723.0,690.0,625.0,124.0
2020-02-12 10:14:35.927348+01:00,20.01,57.91,43.0,524.0,536.0,732.0,678.0,624.0,159.0
2020-02-12 01:52:56.046034+01:00,20.08,53.31,66.0,506.0,539.0,741.0,679.0,645.0,114.0
2020-02-05 11:02:55.746151+01:00,19.82,55.32,48.0,500.0,542.0,717.0,674.0,643.0,139.0
2020-02-01 20:13:35.652679+01:00,20.9,59.43,76.0,523.0,534.0,716.0,683.0,642.0,99.0
2020-02-12 13:46:38.869190+01:00,20.04,57.08,69.0,521.0,536.0,749.0,692.0,588.0,115.0
2020-01-30 10:18:15.922190+01:00,20.38,57.96,51.0,514.0,534.0,746.0,678.0,634.0,99.0
2020-01-29 23:12:39.537869+01:00,19.4,57.62,66.0,523.0,543.0,743.0,663.0,593.0,118.0
2020-01-30 02:45:38.075050+01:00,20.23,58.46,76.0,503.0,549.0,729.0,665.0,654.0,115.0
2020-01-26 11:58:39.186976+01:00,20.0,58.41,55.0,523.0,531.0,706.0,706.0,631.0,94.0
2020-02-12 07:52:35.838798+01:00,19.96,54.43,49.0,518.0,547.0,717.0,670.0,616.0,109.0
2020-01-28 04:29:39.63498+01:00,19.96,57.3,54.0,499.0,586.0,703.0,668.0,622.0,107.0
2020-02-07 09:41:56.351558+01:00,20.2,55.34,71.0,506.0,534.0,714.0,684.0,619.0,108.0
2020-01-28 10:56:45.849393+01:00,20.12,57.34,70.0,506.0,534.0,715.0,665.0,588.0,105.0
2020-02-09 09:39:55.481380+01:00,19.94,58.61,71.0,510.0,556.0,752.0,721.0,617.0,111.0
2020-02-10 13:36:56.858787+01:00,20.16,55.43,74.0,523.0,542.0,728.0,665.0,631.0,118.0
2020-02-10 06:53:55.919155+01:00,20.21,57.14,72.0,518.0,543.0,719.0,693.0,617.0,101.0
2020-01-29 09:18:55.141764+01:00,20.13,55.01,72.0,509.0,542.0,745.0,661.0,613.0,161.0
2020-02-10 05:20:15.651246+01:00,19.84,58.59,71.0,523.0,537.0,714.0,707.0,638.0,109.0
2020-01-28 19:40:49.923878+01:00,22.02,57.57,71.0,503.0,535.0,742.0,669.0,625.0,162.0
2020-02-01:51:35.183924+01:00,19.94,58.97,68.0,518.0,533.0,743.0,669.0,626.0,131.0
2020-02-08 01:48:16.037798+01:00,20.28,58.22,74.0,514.0,558.0,729.0,675.0,583.0,106.0
2020-02-06 08:14:36.856176+01:00,20.8,56.01,46.0,505.0,535.0,745.0,661.0,626.0,109.0
2020-02-01 00:01:35.781613+01:00,20.1,55.1,46.0,523.0,542.0,732.0,687.0,637.0,113.0
2020-02-05 04:16:16.644484+01:00,20.36,58.23,69.0,523.0,539.0,711.0,657.0,618.0,101.0
2020-02-10 20:33:38.818341+01:00,20.08,56.61,43.0,518.0,534.0,706.0,674.0,618.0,174.0
2020-02-08 23:17:35.934750+01:00,20.4,57.67,49.0,523.0,542.0,717.0,637.0,659.0,102.0
2020-02-11 15:30:17.676822+01:00,19.99,58.88,93.0,523.0,592.0,701.0,678.0,626.0,107.0
2020-01-26 08:20:34.739367+01:00,20.08,56.04,75.0,503.0,523.0,749.0,679.0,612.0,106.0
2020-01-29 03:29:35.123824+01:00,20.16,57.4,66.0,523.0,537.0,714.0,688.0,643.0,113.0
2020-01-29 19:34:57.36380+01:00,20.5,58.7,69.0,518.0,541.0,733.0,671.0,603.0,153.0
2020-01-29 23:12:41.569074+01:00,21.82,57.19,69.0,502.0,548.0,713.0,647.0,617.0,140.0
2020-01-28 01:30:17.049505+01:00,20.38,59.62,76.0,514.0,528.0,732.0,706.0,633.0,155.0
2020-01-31 15:20:17.564804+01:00,20.48,54.05,70.0,505.0,539.0,697.0,662.0,583.0,118.0
2020-02-12 17:43:54.895164+01:00,15.66,57.1,112.0,506.0,541.0,753.0,677.0,628.0,107.0
2020-02-07 02:22:56.145896+01:00,20.04,55.02,58.0,507.0,541.0,711.0,676.0,658.0,115.0
2020-02-07 23:28:15.829341+01:00,19.4,56.26,68.0,506.0,564.0,723.0,669.0,652.0,88.0
2020-02-10 03:26:50.233912+01:00,20.14,58.58,63.0,523.0,537.0,746.0,693.0,612.0,117.0
2020-02-07 15:54:00.060735+01:00,21.26,57.9,44.0,502.0,543.0,738.0,674.0,625.0,104.0
2020-02-08 06:52:17.357797+01:00,20.1,58.46,71.0,504.0,541.0,651.0,693.0,582.0,107.0
2020-01-25 15:39:55.711491+01:00,19.82,56.91,56.0,522.0,535.0,705.0,744.0,593.0,94.0
2020-01-27 23:05:34.090500+01:00,20.13,57.28,52.0,519.0,536.0,741.0,640.0,613.0,121.0
2020-01-30 00:39:57.049345+01:00,20.3,56.74,57.0,509.0,537.0,743.0,681.0,624.0,94.0
2020-02-10 05:12:36.274063+01:00,15.3,58.56,66.0,503.0,553.0,715.0,665.0,644.0,114.0
2020-02-11 06:08:40.856239+01:00,19.96,58.44,63.0,516.0,524.0,742.0,665.0,624.0,94.0
2020-02-11 06:41:20.724393+01:00,20.27,55.26,72.0,521.0,542.0,725.0,689.0,622.0,121.0
2020-01-31 13:59:55.845673+01:00,20.02,55.34,52.0,503.0,536.0,735.0,656.0,644.0,171.0
2020-02-05 13:43:49.295026+01:00,20.58,55.91,75.0,509.0,543.0,704.0,693.0,660.0,94.0
2020-02-02 06:25:15.848913+01:00,20.12,55.08,71.0,518.0,533.0,745.0,678.0,633.0,100.0
2020-02-01 18:24:34.048966+01:00,19.36,58.1,66.0,505.0,544.0,726.0,642.0,613.0,111.0
2020-02-10 08:55:34.71905+01:00,20.1,59.67,74.0,502.0,535.0,721.0,678.0,623.0,105.0
2020-02-08 12:41:15.602877+01:00,20.4,56.4,74.0,498.0,534.0,717.0,675.0,643.0,108.0
2020-02-10 06:22:15.652339+01:00,20.4,55.17,47.0,524.0,588.0,729.0,643.0,643.0,114.0
2020-02-11 07:20:49.011543+01:00,20.06,57.1,61.0,496.0,539.0,709.0,654.0,616.0,104.0
2020-02-12 00:34:28.551639+01:00,20.5,53.62,49.0,499.0,534.0,726.0,678.0,634.0,105.0
2020-02-12 08:02:56.415780+01:00,19.96,54.26,73.0,508.0,538.0,689.0,668.0,558.0,106.0
2020-02-07 02:10:16.814393+01:00,19.91,57.3,93.0,518.0,529.0,741.0,667.0,626.0,159.0
2020-02-01 18:45:36.391810+01:00,20.0,58.29,71.0,522.0,532.0,708.0,674.0,639.0,112.0
2020-02-01 01:28:17.914031+01:00,20.0,57.65,71.0,498.0,535.0,711.0,681.0,645.0,94.0
2020-01-30 05:15:55.248053+01:00,20.43,57.61,69.0,505.0,539.0,716.0,697.0,618.0,94.0
2020-02-08 04:55:57.791522+01:00,20.03,55.74,75.0,518.0,538.0,711.0,673.0,589.0,103.0
2020-01-30 02:45:29.8636+01:00,19.98,58.04,72.0,503.0,532.0,749.0,654.0,619.0,164.0
2020-01-31 11:29:15.8118+01:00,20.36,56.58,71.0,518.0,535.0,713.0,677.0,621.0,117.0
2020-02-06 05:05:15.682695+01:00,20.18,57.43,71.0,518.0,542.0,738.0,652.0,616.0,105.0
2020-02-02 03:05:54.791667+01:00,20.4,55.85,68.0,527.0,531.0,741.0,719.0,654.0,170.0
2020-01-25 18:54:55.184518+01:00,20.08,55.41,68.0,506.0,583.0,729.0,690.0,623.0,114.0
2020-01-28 20:11:46.867793+01:00,20.0,58.1,51.0,510.0,544.0,745.0,691.0,655.0,97.0
2020-02-08 08:17:38.854702+01:00,20.22,58.97,72.0,519.0,543.0,706.0,691.0,645.0,114.0
2020-02-06 10:38:36.638548+01:00,19.08,57.34,43.0,514.0,536.0,743.0,659.0,649.0,113.0
2020-02-08 08:30:37.155096+01:00,19.88,58.88,72.0,503.0,532.0,716.0,640.0,624.0,117.0
2020-02-12 03:30:38.291710+01:00,20.12,54.94,49.0,518.0,535.0,734.0,676.0,584.0,93.0
2020-02-07 10:30:17.844169+01:00,20.0,53.99,66.0,515.0,543.0,690.0,679.0,551.0,156.0
2020-02-01:52:36.751056+01:00,20.25,54.01,68.0,506.0,549.0,726.0,681.0,661.0,118.0
2020-02-12 20:21:36.243778+01:00,20.26,56.74,56.0,520.0,533.0,706.0,672.0,619.0,105.0
2020-01-30 19:19:17.635927+01:00,20.12,57.46,91.0,509.0,528.0,754.0,681.0,643.0,107.0
2020-02-01 10:25:36.81706+01:00,20.32,56.58,73.0,518.0,537.0,715.0,675.0,645.0,117.0
2020-02-06 06:10:34.927123+01:00,20.13,58.58,72.0,518.0,535.0,751.0,716.0,627.0,120.0
2020-01-30 15:02:17.629871+01:00,20.32,56.41,61.0,511.0,541.0,714.0,678.0,618.0,101.0
2020-02-05 15:17:56.204823+01:00,20.17,56.06,44.0,523.0,534.0,743.0,708.0,624.0,104.0
2020-02-08 06:14:53.231745+01:00,20.32,58.98,71.0,498.0,558.0,720.0,679.0,636.0,124.0
2020-01-31 11:08:37.837705+01:00,20.33,56.1,61.0,506.0,539.0,714.0,690.0,615.0,100.0
2020-01-29 17:53:15.937992+01:00,20.0,55.41,69.0,503.0,544.0,714.0,685.0,648.0,117.0
2020-02-11 20:57:35.638141+01:00,20.32,57.33,71.0,518.0,542.0,753.0,672.0,644.0,155.0
2020-02-01 22:18:16.253973+01:00,20.04,55.04,74.0,524.0,549.0,723.0,679.0,551.0,173.0
2020-01-29 01:38:55.846993+01:00,20.1,54.06,47.0,520.0,539.0,742.0,663.0,613.0,107.0
2020-01-25 08:08:37.084712+01:00,15.3,58.12,71.0,506.0,541.0,721.0,689.0,528.0,101.0
2020-01-31 15:11:00.288093+01:00,20.26,58.94,69.0,500.0,542.0,742.0,687.0,624.0,128.0
2020-02-07 00:50:34.081180+01:00,20.64,56.2,72.0,510.0,536.0,717.0,661.0,623.0,112.0
2020-01-25 03:15:34.567262+01:00,20.17,57.56,69.0,518.0,529.0,716.0,697.0,648.0,90.0
2020-02-04 17:55:08.734298+01:00,20.32,59.58,72.0,521.0,538.0,719.0,675.0,612.0,133.0
2020-02-09 04:53:37.974128+01:00,20.28,56.64,74.0,506.0,543.0,739.0,678.0,623.0,112.0
2020-02-08 23:08:15.266511+01:00,19.85,57.54,76.0,496.0,539.0,697.0,734.0,594.0,103.0
2020-01-30 23:17:56.469039+01:00,20.15,54.36,86.0,524.0,542.0,719.0,663.0,631.0,109.0
2020-02-06 09:20:17.161311+01:00,20.29,55.86,44.0,504.0,532.0,729.0,696.0,624.0,93.0
2020-01-26 04:52:34.634667+01:00,20.13,55.96,71.0,502.0,536.0,722.0,689.0,586.0,99.0
2020-02-05 00:36:48.829901+01:00,20.42,58.3,74.0,500.0,534.0,716.0,661.0,576.0,173.0
2020-01-27 18:43:17.341592+01:00,20.16,48.92,71.0,518.0,524.0,720.0,668.0,645.0,153.0
2020-01-29 30:00:29.160192+01:00,22.65,57.82,70.0,521.0,541.0,716.0,679.0,622.0,111.0
2020-01-31 16:20:52.739370+01:00,20.4,56.97,47.0,511.0,543.0,748.0,672.0,619.0,98.0
2020-01-26 01:02:57.253886+01:00,20.23,58.4,71.0,504.0,538.0,715.0,685.0,594.0,110.0
2020-01-27 10:56:34.062177+01:00,20.2,54.08,68.0,496.0,585.0,713.0,690.0,621.0,113.0
2020-01-30 03:20:34.047969+01:00,20.32,57.46,70.0,502.0,545.0,716.0,685.0,589.0,159.0
2020-01-26 16:53:15.142567+01:00,20.14,44.54,50.0,503.0,539.0,710.0,676.0,611.0,94.0
2020-02-08 17:08:19.331159+01:00,20.04,58.41,124.0,508.0,537.0,711.0,645.0,626.0,101.0
2020-02-04 08:31:14.667913+01:00,20.43,57.65,77.0,506.0,532.0,703.0,697.0,622.0,108.0
2020-01-29 10:29:28.242521+01:00,20.12,72.29,71.0,500.0,535.0,743.0,696.0,622.0,111.0
2020-02-10 08:10:14.945654+01:00,20.3,57.88,74.0,523.0,533.0,723.0,673.0,609.0,157.0
2020-01-28 01:39:36.010904+01:00,20.5,58.41,73.0,506.0,534.0,709.0,671.0,659.0,170.0
2020-02-11 08:17:35.429945+01:00,20.0,59.41,72.0,506.0,543.0,730.0,667.0,613.0,162.0
2020-01-26 22:37:18.156530+01:00,20.26,58.12,66.0,501.0,547.0,715.0,665.0,614.0,94.0
2020-02-01 11:40:56.049037+01:00,20.41,55.08,71.0,521.0,536.0,703.0,672.0,633.0,113.0
2020-02-09 20:57:56.342681+01:00,19.77,57.61,45.0,518.0,541.0,751.0,686.0,619.0,115.0
2020-02-05 06:15:49.929290+01:00,20.9,58.74,74.0,498.0,537.0,745.0,687.0,642.0,100.0
2020-01-29 22:48:33.547793+01:00,20.1,58.94,47.0,517.0,536.0,701.0,692.0,594.0,123.0
2020-02-09 21:53:34.947837+01:00,21.08,52.23,73.0,498.0,538.0,731.0,661.0,618.0,98.0
2020-02-06 09:08:57.882892+01:00,17.1,59.3,74.0,510.0,536.0,706.0,662.0,588.0,110.0
2020-01-25 03:59:41.837804+01:00,21.64,57.67,49.0,518.0,536.0,709.0,667.0,623.0,118.0
2020-02-11 03:27:58.304916+01:00,20.5,58.56,55.0,521.0,536.0,716.0,693.0,635.0,91.0
2020-02-05 14:08:00.818045+01:00,15.4,57.61,74.0,505.0,534.0,749.0,620.0,653.0,102.0
2020-01-25 09:48:15.906207+01:00,20.5,55.57,116.0,518.0,548.0,714.0,656.0,616.0,112.0
2020-02-05 13:55:35.122096+01:00,20.42,53.54,70.0,497.0,584.0,716.0,743.0,622.0,101.0
2020-02-08 16:01:38.906927+01:00,20.38,55.96,63.0,506.0,532.0,741.0,698.0,624.0,104.0
2020-01-28 09:28:14.111983+01:00,20.3,58.37,66.0,506.0,538.0,747.0,665.0,613.0,103.0
2020-02-11 6:55:15.937665+01:00,20.06,59.54,71.0,505.0,547.0,705.0,704.0,645.0,105.0
2020-01-27 01:23:54.451751+01:00,20.04,58.51,44.0,518.0,551.0,708.0,662.0,599.0,92.0
2020-02-07 07:10:01.307766+01:00,20.15,57.1,48.0,511.0,541.0,715.0,656.0,623.0,114.0
2020-01-26 15:48:15.569685+01:00,20.9,56.57,71.0,522.0,537.0,705.0,691.0,619.0,99.0
2020-02-04 17:56:35.624354+01:00,20.0,54.57,71.0,522.0,562.0,733.0,687.0,614.0,105.0
2020-01-25 00:09:48.308034+01:00,20.0,58.29,74.0,505.0,533.0,707.0,682.0,629.0,105.0
2020-01-27 15:40:18.958814+01:00,20.26,57.52,68.0,518.0,536.0,730.0,673.0,634.0,171.0
2020-01-25 17:17:14.265841+01:00,20.1,56.4,71.0,505.0,538.0,727.0,679.0,613.0,118.0
2020-02-09 10:06:17.240118+01:00,20.34,57.91,60.0,524.0,545.0,719.0,677.0,618.0,126.0
2020-01-28 09:02:48.06796+01:00,20.12,57.94,65.0,506.0,530.0,744.0,701.0,645.0,117.0
2020-02-06 12:26:15.907081+01:00,20.08,56.54,68.0,518.0,535.0,757.0,651.0,626.0,121.0
2020-01-26 15:36:20.938130+01:00,20.1,55.08,66.0,502.0,533.0,717.0,696.0,651.0,130.0
2020-01-29 23:21:58.739796+01:00,20.15,58.88,71.0,518.0,533.0,721.0,684.0,624.0,105.0
2020-02-09 06:52:37.777895+01:00,20.13,55.05,43.0,524.0,534.0,754.0,674.0,649.0,116.0
2020-02-10 18:51:37.547009+01:00,19.84,56.06,44.0,518.0,533.0,745.0,675.0,624.0,95.0
2020-02-12 14:15:17.252695+01:00,19.94,57.5,47.0,500.0,534.0,744.0,662.0,645.0,116.0
2020-02-02 03:45:15.826667+01:00,20.64,55.66,70.0,506.0,537.0,714.0,696.0,655.0,123.0
2020-02-07 16:08:56.384582+01:00,20.16,56.4,47.0,518.0,540.0,702.0,681.0,635.0,161.0
2020-02-08 14:22:22.016494+01:00,20.28,59.54,55.0,516.0,553.0,729.0,662.0,647.0,108.0
2020-01-29 10:08:14.912953+01:00,20.1,57.56,69.0,505.0,536.0,747.0,678.0,647.0,150.0
2020-02-11 12:19:15.121066+01:00,20.16,59.58,72.0,522.0,537.0,733.0,668.0,645.0,107.0
2020-01-28 04:52:17.089846+01:00,20.48,55.64,71.0,507.0,535.0,709.0,679.0,618.0,113.0
2020-02-02 02:28:15.794977+01:00,20.08,56.65,71.0,523.0,531.0,709.0,674.0,639.0,110.0
2020-02-01 16:57:14.914588+01:00,20.24,55.54,77.0,503.0,537.0,716.0,654.0,631.0,165.0
2020-02-09 14:53:17.634804+01:00,20.9,54.57,74.0,511.0,532.0,741.0,689.0,641.0,120.0
2020-02-01 11:15:15.193625+01:00,20.12,58.18,72.0,501.0,532.0,704.0,663.0,636.0,111.0
2020-02-08 11:55:14.657579+01:00,20.22,57.97,57.0,503.0,557.0,717.0,667.0,639.0,107.0
2020-02-01 09:21:56.929240+01:00,17.92,58.28,49.0,523.0,538.0,744.0,689.0,593.0,113.0
2020-02-08 09:20:34.381613+01:00,20.4,59.97,53.0,500.0,533.0,716.0,691.0,624.0,123.0
2020-02-06 18:05:37.797831+01:00,20.12,55.13,71.0,498.0,532.0,719.0,663.0,619.0,104.0
2020-02-05 17:07:55.012327+01:00,20.19,57.67,48.0,503.0,530.0,749.0,693.0,642.0,163.0
2020-02-05 14:46:54.0393754+01:00,19.92,59.82,44.0,519.0,545.0,746.0,691.0,680.0,106.0
2020-02-06 10:17:15.938648+01:00,20.02,54.3,109.0,509.0,533.0,699.0,687.0,592.0,93.0
2020-01-27 12:47:08.385599+01:00,20.14,53.34,65.0,517.0,524.0,699.0,660.0,590.0,113.0
2020-01-28 15:04:36.829333+01:00,20.14,52.32,49.0,522.0,543.0,713.0,699.0,651.0,149.0
2020-02-09 14:07:01,20.38,59.8,58.0,503.0,534.0,729.0,697.0,611.0,110.0
2020-02-13 08:01:56.955177+01:00,20.14,55.02,71.0,502.0,547.0,741.0,674.0,607.0,107.0
2020-02-08 06:06:56.908591+01:00,20.11,54.32,69.0,518.0,535.0,757.0,709.0,624.0,104.0
2020-01-27 08:07:56.856254+01:00,19.86,57.8,72.0,506.0,534.0,743.0,672.0,626.0,115.0
2020-02-01 05:54:36.827155+01:00,20.08,54.67,76.0,505.0,529.0,746.0,676.0,639.0,103.0
2020-01-31 11:07:56.958689+01:00,20.21,55.26,47.0,503.0,524.0,750.0,693.0,641.0,111.0
2020-01-29 10:37:20.739494+01:00,20.02,56.54,45.0,502.0,533.0,706.0,641.0,624.0,93.0
2020-02-07 07:09:36.612840+01:00,19.94,55.8,67.0,50.0,539.0,718.0,643.0,631.0,91.0
2020-02-09 01:50:55.723393+01:00,20.68,55.33,63.0,508.0,533.0,697.0,700.0,597.0,104.0
2020-01-29 19:26:56.643473+01:00,20.34,56.8,69.0,509.0,535.0,717.0,683.0,598.0,100.0
2020-01-31 13:55:36.794899+01:00,20.24,55.65,47.0,502.0,560.0,719.0,649.0,617.0,94.0
2020-01-29 19:30:17.634648+01:00,20.07,57.93,63.0,511.0,535.0,709.0,695.0,646.0,115.0
2020-02-06 16:25:19.0672908+01:00,19.99,56.21,71.0,498.0,536.0,756.0,707.0,709.0,121.0
2020-02-13 08:40:34.623907+01:00,20.12,57.5,47.0,498.0,537.0,733.0,674.0,642.0,101.0
2020-02-06 00:17:56.783525+01:00,20.2,57.08,48.0,518.0,558.0,742.0,685.0,613.0,109.0
2020-02-12 16:08:16.72212+01:00,20.42,55.54,44.0,518.0,534.0,717.0,684.0,654.0,127.0
2020-01-27 12:22:20.246743+01:00,19.79,57.18,60.0,506.0,530.0,748.0,692.0,621.0,111.0
2020-02-05 18:13:55.366956+01:00,20.4,58.32,47.0,502.0,553.0,717.0,707.0,627.0,94.0
2020-02-13 05:05:57.339736+01:00,20.23,56.18,45.0,520.0,533.0,726.0,674.0,623.0,92.0
2020-02-05 07:48:15.539787+01:00,20.26,56.74,74.0,508.0,537.0,749.0,706.0,642.0,100.0
2020-02-08 12:13:15.252579+01:00,20.08,52.1,74.0,518.0,532.0,713.0,691.0,613.0,105.0
2020-01-31 09:39:49.5888+01:00,19.88,57.65,74.0,501.0,539.0,724.0,697.0,639.0,108.0
2020-02-05 14:54:34.078899+01:00,19.98,54.2,67.0,498.0,546.0,709.0,666.0,636.0,99.0
2020-02-09 17:07:33.051801+01:00,15.56,55.04,70.0,513.0,532.0,719.0,691.0,579.0,118.0
2020-02-07 18:13:57.792384+01:00,20.66,57.9,42.0,501.0,546.0,708.0,691.0,641.0,103.0
2020-02-12 07:34:16.296092+01:00,20.05,55.1,69.0,506.0,534.0,708.0,688.0,643.0,121.0
2020-02-05 09:37:54.647586+01:00,20.2,53.54,44.0,523.0,536.0,717.0,663.0,645.0,118.0
2020-02-05 09:07:37.342738+01:00,20.67,56.28,44.0,518.0,534.0,724.0,676.0,628.0,90.0
2020-01-30 09:30:37.572827+01:00,20.4,59.34,47.0,523.0,533.0,709.0,667.0,671.0,93.0
2020-01-28 12:44:53.061534+01:00,20.67,56.9,70.0,501.0,530.0,744.0,662.0,614.0,119.0
2020-01-25 19:54:19.411870+01:00,20.32,58.65,47.0,502.0,551.0,709.0,648.0,618.0,165.0
2020-01-27 01:20:24.597543+01:00,17.1,57.36,44.0,506.0,533.0,727.0,691.0,633.0,159.0
2020-01-25 21:44:57.167888+01:00,20.1,55.01,71.0,502.0,547.0,706.0,675.0,636.0,100.0
2020-02-01 23:37:36.186774+01:00,19.84,55.08,55.0,523.0,527.0,729.0,667.0,627.0,126.0
2020-01-30 03:20:56.957317+01:00,21.14,57.97,70.0,519.0,593.0,713.0,671.0,631.0,171.0
2020-01-29 17:10:55.418865+01:00,20.5,56.53,73.0,520.0,532.0,742.0,667.0,589.0,154.0
2020-02-09 14:11:57.288891+01:00,19.88,57.56,76.0,506.0,536.0,757.0,676.0,612.0,126.0
2020-02-05 13:27:37.934578+01:00,20.43,52.12,54.0,522.0,541.0,716.0,671.0,617.0,106.0
2020-02-06 00:22:34.686418+01:00,20.06,55.08,118.0,50.0,555.0,746.0,661.0,618.0,96.0
2020-02-07 06:30:18.0420+01:00,20.12,56.43,52.0,524.0,536.0,745.0,692.0,642.0,174.0
2020-02-02 09:20:34.746648+01:00,20.13,58.17,56.0,518.0,597.0,717.0,688.0,611.0,105.0
2020-02-11 15:09:56.711657+01:00,22.64,49.8,73.0,520.0,547.0,753.0,695.0,617.0,169.0
2020-01-26 05:43:16.002420+01:00,19.96,57.88,71.0,498.0,548.0,749.0,692.0,611.0,107.0
2020-01-29 04:11:20.857341+01:00,20.23,55.54,47.0,511.0,563.0,714.0,671.0,623.0,92.0
2020-02-05 14:21:55.281137+01:00,19.67,56.88,72.0,505.0,538.0,733.0,677.0,626.0,127.0
2020-02-09 05:36:15.764961+01:00,20.2,56.0,73.0,511.0,535.0,713.0,656.0,630.0,103.0
2020-02-09 05:30:34.4690+01:00,20.21,58.64,63.0,498.0,527.0,739.0,674.0,613.0,112.0
2020-02-07 05:12:13.529811+01:00,21.19,57.13,55.0,508.0,533.0,728.0,668.0,659.0,135.0
2020-01-25 00:19:55.93889+01:00,21.36,57.62,69.0,501.0,592.0,719.0,687.0,631.0,111.0
2020-02-11 12:14:16.756796+01:00,20.14,59.56,49.0,523.0,536.0,720.0,743.0,658.0,92.0
2020-02-10 12:15:35.293040+01:00,20.12,57.2,74.0,511.0,592.0,715.0,681.0,645.0,105.0
2020-02-09 15:34:54.295027+01:00,20.22,60.88,69.0,502.0,538.0,747.0,677.0,628.0,114.0
2020-02-10 20:27:14.086897+01:00,20.44,57.12,72.0,502.0,476.0,714.0,686.0,561.0,112.0
2020-02-02 00:15:09.356491+01:00,19.89,58.64,110.0,522.0,534.0,711.0,671.0,650.0,105.0
2020-02 12:14:35.131356+01:00,20.13,57.44,69.0,497.0,521.0,712.0,706.0,639.0,113.0
2020-02-02 10:45:35.686821+01:00,20.1,55.54,47.0,518.0,541.0,725.0,690.0,626.0,100.0
2020-02-09 03:41:55.895014+01:00,20.34,56.3,72.0,511.0,536.0,712.0,687.0,651.0,103.0
2020-01-29 20:46:08.011944+01:00,20.88,56.04,75.0,520.0,534.0,747.0,673.0,626.0,112.0
2020-02-01 12:06:16.859130+01:00,19.94,58.37,72.0,506.0,542.0,719.0,665.0,626.0,97.0
2020-01-28 01:06:47.306941+01:00,21.23,57.61,69.0,505.0,535.0,711.0,690.0,594.0,107.0
2020-02-01 02:57:49.132854+01:00,20.4,57.34,74.0,524.0,537.0,713.0,687.0,649.0,107.0
2020-02-01 10:19:15.582571+01:00,20.14,55.31,44.0,503.0,548.0,691.0,663.0,657.0,156.0
2020-02-12 15:36:17.063696+01:00,20.7,57.8,44.0,505.0,590.0,744.0,664.0,586.0,93.0
2020-02-08 08:42:04.722787+01:00,20.64,56.41,69.0,498.0,541.0,720.0,684.0,652.0,100.0
2020-02-01 11:45:14.873284+01:00,20.12,56.29,73.0,506.0,533.0,707.0,676.0,589.0,94.0
2020-01-31 14:36:37.652429+01:00,20.22,56.0,71.0,523.0,533.0,706.0,741.0,650.0,103.0
2020-01-27 02:09:15.856157+01:00,20.8,55.34,74.0,518.0,534.0,714.0,693.0,638.0,121.0
2020-02-08 01:19:57.714429+01:00,20.28,57.33,55.0,521.0,551.0,716.0,641.0,644.0,101.0
2020-02-12 06:19:55.418814+01:00,20.58,57.32,72.0,518.0,552.0,732.0,678.0,645.0,159.0
2020-02-09 15:09:55.908614+01:00,20.8,58.06,71.0,511.0,536.0,707.0,671.0,644.0,119.0
2020-01-29 16:34:34.945393+01:00,20.13,59.56,44.0,523.0,534.0,715.0,666.0,623.0,108.0
2020-02-09 19:04:35.818796+01:00,20.12,59.41,55.0,500.0,533.0,733.0,687.0,644.0,115.0
2020-02-13 28:39:56.451628+01:00,20.2,58.3,71.0,521.0,535.0,740.0,677.0,651.0,116.0
2020-01-30 23:15:49.656794+01:00,20.11,57.1,75.0,509.0,520.0,739.0,681.0,658.0,100.0
2020-01-26 11:20:49.547230+01:00,20.13,59.08,57.0,521.0,537.0,723.0,677.0,631.0,126.0
2020-02-01 02:13:50.573973+01:00,21.42,57.58,44.0,521.0,545.0,741.0,661.0,647.0,168.0
2020-02-12 11:54:59.048964+01:00,20.31,58.01,47.0,521.0,531.0,735.0,696.0,646.0,111.0
2020-01-27 00:10:35.749393+01:00,20.17,55.65,69.0,523.0,554.0,708.0,667.0,643.0,123.0
2020-01-26 09:53:57.334539+01:00,20.33,55.56,55.0,509.0,532.0,708.0,662.0,654.0,159.0
2020-01-30 03:42:59.939816+01:00,19.75,55.56,43.0,511.0,538.0,748.0,686.0,615.0,111.0
2020-02-11 13:07:56.194616+01:00,21.99,58.88,72.0,519.0,536.0,731.0,672.0,627.0,163.0
2020-01-25 12:28:36.756480+01:00,19.01,56.64,70.0,501.0,532.0,723.0,643.0,643.0,118.0
2020-02-10 14:22:16.744667+01:00,19.98,57.62,86.0,509.0,536.0,699.0,689.0,624.0,101.0
2020-01-31 00:38:16.067381+01:00,18.5,55.59,74.0,506.0,536.0,726.0,673.0,657.0,113.0
2020-02-09 00:08:19.835850+01:00,20.07,57.88,51.0,502.0,533.0,729.0,705.0,659.0,159.0
2020-01-25 03:30:55.927017+01:00,19.6,57.2,47.0,502.0,544.0,720.0,685.0,659.0,108.0
2020-02-11 00:17:48.103212+01:00,20.16,65.56,76.0,505.0,539.0,715.0,691.0,619.0,107.0
2020-02-07 02:48:57.051240+01:00,20.01,57.76,66.0,525.0,531.0,717.0,671.0,614.0,131.0
2020-01-31 21:11:29.641114+01:00,19.93,57.16,66.0,498.0,534.0,753.0,705.0,631.0,113.0
2020-02-12 18:15:17.811880+01:00,16.2,58.8,74.0,502.0,559.0,741.0,690.0,657.0,153.0
2020-02-11 10:41:00.048968+01:00,20.4,57.61,76.0,506.0,554.0,707.0,664.0,591.0,132.0
2020-01-31 14:55:35.811721+01:00,20.46,55.07,68.0,498.0,537.0,730.0,683.0,591.0,104.0
2020-01-28 04:46:17.773561+01:00,19.6,43.62,77.0,508.0,537.0,753.0,688.0,657.0,105.0
2020-02-02 01:02:36.698525+01:00,20.23,58.9,62.0,519.0,534.0,751.0,643.0,652.0,93.0
2020-02-05 20:15:54.912393+01:00,21.04,54.91,56.0,523.0,592.0,743.0,713.0,626.0,95.0
2020-02-08 02:43:15.686598+01:00,19.5,56.06,69.0,507.0,551.0,712.0,690.0,645.0,83.0
2020-01-25 02:42:29.856186+01:00,20.48,57.62,56.0,520.0,588.0,715.0,656.0,628.0,155.0
2020-02-06 07:45:56.795831+01:00,21.93,57.57,118.0,503.0,515.0,746.0,676.0,621.0,111.0
2020-01-29 21:44:16.934261+01:00,20.24,55.34,69.0,521.0,544.0,707.0,665.0,631.0,114.0
2020-01-25 23:09:48.095843+01:00,20.06,58.4,50.0,505.0,543.0,749.0,676.0,638.0,103.0
2020-02-07 22:09:20.629060+01:00,20.04,55.41,69.0,503.0,534.0,693.0,643.0,587.0,107.0
2020-02-11 01:41:17.083976+01:00,20.16,56.57,74.0,504.0,459.0,749.0,705.0,661.0,118.0
2020-02-11 11:54:57.263893+01:00,20.06,57.62,43.0,508.0,532.0,738.0,677.0,644.0,126.0
2020-02-09 08:34:15.634981+01:00,20.1,59.43,68.0,511.0,539.0,757.0,686.0,656.0,113.0
2020-02-07 09:38:55.726785+01:00,20.4,56.62,45.0,505.0,542.0,734.0,665.0,643.0,100.0
2020-02-06 19:22:59.947817+01:00,20.08,59.44,70.0,506.0,535.0,748.0,684.0,611.0,155.0
2020-02-10 44.64,20.22,58.65,116.0,511.0,558.0,715.0,674.0,639.0,113.0
2020-02-08 08:04:54.287974+01:00,20.14,55.28,74.0,506.0,552.0,753.0,660.0,639.0,92.0
2020-01-29 18:34:55.261032+01:00,20.11,57.52,43.0,511.0,539.0,737.0,696.0,615.0,123.0
2020-01-29 18:11:38.83450312+01:00,20.48,54.92,74.0,500.0,534.0,743.0,667.0,626.0,101.0
2020-01-29 06:22:06.094463+01:00,16.78,56.38,118.0,503.0,535.0,712.0,665.0,640.0,102.0
2020-02-09 08:46:16.922261+01:00,20.19,57.7,47.0,524.0,537.0,697.0,675.0,592.0,103.0
2020-01-27 01:40:36.914451+01:00,20.3,59.5,72.0,521.0,534.0,743.0,683.0,641.0,114.0
2020-01-25 05:15:40.93486+01:00,21.34,58.06,76.0,500.0,552.0,716.0,658.0,614.0,108.0
2020-01-27 13:14:34.059311+01:00,20.11,56.8,70.0,500.0,536.0,703.0,682.0,643.0,163.0
2020-01-30 05:26:49.451545+01:00,20.0,57.92,61.0,506.0,581.0,696.0,697.0,555.0,88.0
2020-02-11 02:40:39.094095+01:00,20.22,56.58,49.0,511.0,532.0,743.0,667.0,616.0,92.0
2020-02-06 20:24:10.943183+01:00,19.97,57.56,44.0,497.0,543.0,715.0,679.0,618.0,109.0
2020-01-26 11:38:14.362687+01:00,21.08,57.26,69.0,501.0,539.0,697.0,677.0,594.0,124.0
2020-02-09 09:42:33.878342+01:00,20.38,57.4,70.0,520.0,527.0,701.0,665.0,523.0,84.0
2020-02-08 02:17:15.798894+01:00,20.41,55.02,75.0,523.0,504.0,697.0,682.0,594.0,115.0
2020-01-29 05:07:57.256916+01:00,20.2,53.2,74.0,518.0,527.0,710.0,675.0,614.0,155.0
2020-01-27 01:16:58.566714+01:00,20.08,55.56,72.0,512.0,537.0,717.0,719.0,643.0,106.0
2020-02-01 21:14:17.464880+01:00,20.08,59.31,55.0,521.0,538.0,697.0,668.0,646.0,116.0
2020-02-09 11:04:19.854157+01:00,20.21,56.48,74.0,501.0,534.0,719.0,662.0,616.0,92.0
2020-02-11 02:19:08.245743+01:00,19.96,56.8,73.0,509.0,537.0,706.0,690.0,659.0,167.0
2020-02-07 09:45:38.784497+01:00,20.08,58.44,42.0,519.0,523.0,712.0,696.0,645.0,109.0
2020-02-11 14:05:36.667907+01:00,20.8,55.8,63.0,504.0,547.0,717.0,669.0,629.0,112.0
2020-02-09 04:15:16.146445+01:00,20.26,53.1,71.0,498.0,537.0,753.0,689.0,624.0,113.0
2020-01-25 11:36:35.232877+01:00,20.5,56.04,69.0,524.0,528.0,716.0,690.0,639.0,173.0
2020-01-25 14:08:15.9392307+01:00,20.14,52.37,74.0,503.0,532.0,756.0,652.0,617.0,151.0
2020-02-04 21:28:13.727796+01:00,19.96,56.42,49.0,519.0,538.0,703.0,668.0,627.0,106.0
2020-02-10 11:02:55.499914+01:00,20.05,58.96,49.0,524.0,551.0,714.0,662.0,619.0,162.0
2020-02-08 02:56:28.945250+01:00,20.29,56.96,71.0,509.0,519.0,750.0,683.0,647.0,107.0
2020-02-08 09:20:36.657765+01:00,19.98,57.5,44.0,508.0,537.0,728.0,699.0,646.0,109.0
2020-02-05 15:08:36.936350+01:00,19.97,57.29,69.0,520.0,534.0,712.0,691.0,641.0,117.0
2020-02-08 02:37:49.853303+01:00,20.21,56.45,52.0,522.0,527.0,743.0,647.0,649.0,117.0
2020-02-09 01:48:53.651983+01:00,19.06,56.72,50.0,517.0,536.0,711.0,678.0,615.0,94.0
2020-01-31 00:26:14.016592+01:00,20.02,58.98,47.0,505.0,536.0,721.0,658.0,513.0,117.0
2020-01-29 15:48:15.122945+01:00,20.45,54.5,72.0,498.0,542.0,703.0,695.0,617.0,110.0
2020-02-11 06:20:20.756445+01:00,20.22,57.52,52.0,522.0,534.0,742.0,663.0,633.0,85.0
2020-02-09 00:17:16.958856+01:00,20.34,57.96,49.0,522.0,535.0,725.0,690.0,617.0,174.0
2020-01-28 20:16:35.660544+01:00,19.92,55.14,121.0,502.0,547.0,703.0,645.0,628.0,116.0
2020-02-05 5:19:57.048533+01:00,19.99,52.64,61.0,524.0,531.0,704.0,675.0,657.0,97.0
2020-02-01 02:07:49.309532+01:00,20.18,58.43,72.0,502.0,534.0,716.0,659.0,589.0,165.0
2020-02-05 08:10:54.088093+01:00,20.3,57.42,68.0,506.0,532.0,711.0,669.0,677.0,115.0
2020-02-11 09:39:15.845444+01:00,20.42,56.72,52.0,519.0,456.0,743.0,651.0,617.0,94.0
2020-01-27 02:41:56.291244+01:00,20.0,56.08,47.0,523.0,541.0,709.0,641.0,624.0,121.0
2020-02-12 21:05:33.685002+01:00,20.02,59.67,44.0,521.0,535.0,726.0,676.0,632.0,173.0
2020-01-27 16:30:20.039224+01:00,19.87,55.61,68.0,521.0,539.0,715.0,691.0,602.0,100.0
2020-02-08 02:44:37.062411+01:00,19.5,58.2,75.0,523.0,537.0,711.0,695.0,617.0,105.0
2020-01-27 19:57:55.285531+01:00,20.17,56.61,62.0,501.0,544.0,745.0,657.0,624.0,107.0
2020-01-27 19:22:36.915575+01:00,20.2,57.34,120.0,518.0,536.0,748.0,678.0,626.0,108.0
2020-02-09 22:01:34.974154+01:00,20.02,57.33,52.0,505.0,536.0,741.0,724.0,641.0,118.0
2020-01-31 03:15:37.923223+01:00,20.14,56.6,68.0,499.0,533.0,717.0,678.0,643.0,120.0
2020-01-28 21:40:55.818563+01:00,20.17,55.61,71.0,505.0,541.0,728.0,690.0,628.0,119.0
2020-02-09 10:17:54.183888+01:00,20.3,58.4,52.0,523.0,538.0,746.0,717.0,654.0,101.0
2020-01-27 01:30:55.054799+01:00,20.3,58.12,73.0,518.0,536.0,731.0,662.0,629.0,110.0
2020-02-08 06:55:37.927586+01:00,20.22,57.16,71.0,497.0,541.0,712.0,688.0,632.0,121.0
2020-01-25 15:02:06.153921+01:00,21.14,56.3,69.0,521.0,537.0,700.0,651.0,646.0,103.0
2020-02-08 18:08:57.539831+01:00,20.6,58.1,64.0,522.0,597.0,729.0,661.0,588.0,113.0
2020-01-29 17:40:56.772788+01:00,20.5,56.3,71.0,499.0,529.0,740.0,678.0,617.0,110.0
2020-01-31 00:09:55.291525+01:00,20.2,48.09,90.0,502.0,543.0,748.0,665.0,617.0,156.0
2020-02-04 02:17:31.792916+01:00,20.41,55.26,46.0,519.0,538.0,715.0,640.0,640.0,110.0
2020-01-26 20:09:51.977648+01:00,20.14,54.08,43.0,518.0,528.0,732.0,675.0,633.0,93.0
2020-01-25 10:15:49.539796+01:00,20.48,58.54,68.0,501.0,535.0,720.0,665.0,647.0,112.0
2020-02-08 12:04:35.0333+01:00,20.64,58.26,72.0,510.0,543.0,710.0,665.0,622.0,106.0
2020-02-04 20:07:21.73896+01:00,20.03,59.57,72.0,509.0,534.0,705.0,665.0,621.0,103.0
2020-01-28 15:04:39.569375+01:00,20.04,59.08,74.0,506.0,547.0,714.0,690.0,622.0,107.0
2020-02-07 13:09:49.304588+01:00,20.64,57.2,77.0,521.0,533.0,706.0,668.0,626.0,103.0
2020-02-08 16:14:17.847177+01:00,20.17,55.62,45.0,507.0,531.0,712.0,699.0,652.0,123.0
2020-01-31 03:53:18.823503+01:00,20.32,58.42,71.0,524.0,528.0,721.0,657.0,594.0,88.0
2020-02-08 13:41:10.677701+01:00,20.5,53.4,72.0,508.0,555.0,716.0,687.0,607.0,111.0
2020-02-06 19:04:17.038665+01:00,20.7,59.2,70.0,498.0,538.0,749.0,684.0,645.0,113.0
2020-02-08 16:55:49.857013+01:00,19.59,55.17,46.0,499.0,557.0,757.0,697.0,657.0,112.0
2020-01-31 18:46:55.362912+01:00,20.0,54.84,73.0,506.0,539.0,726.0,692.0,617.0,161.0
2020-02-02 10:19:54.639757+01:00,20.33,54.0,47.0,523.0,536.0,728.0,669.0,626.0,115.0
2020-02-02 05:14:21.811820+01:00,20.2,56.12,69.0,518.0,532.0,743.0,673.0,590.0,121.0
2020-02-06 11:40:56.039898+01:00,20.1,55.65,67.0,524.0,531.0,717.0,696.0,642.0,92.0
2020-02-09 12:47:15.743281+01:00,20.1,56.61,45.0,511.0,541.0,719.0,675.0,642.0,113.0
2020-02-10 18:09:34.846154+01:00,20.18,56.88,73.0,522.0,537.0,707.0,645.0,624.0,163.0
2020-02-05 12:45:15.554545+01:00,20.0,57.4,72.0,508.0,537.0,712.0,668.0,636.0,117.0
2020-01-29 21:39:54.586973+01:00,21.11,58.46,75.0,521.0,537.0,704.0,671.0,664.0,104.0
2020-02-08 06:47:14.772914+01:00,21.1,57.18,69.0,524.0,509.0,723.0,690.0,637.0,92.0
2020-01-25 11:59:14.52796+01:00,20.58,56.2,72.0,504.0,542.0,716.0,697.0,624.0,157.0
2020-01-31 02:01:20.849662+01:00,20.67,59.08,75.0,503.0,546.0,691.0,666.0,595.0,110.0
2020-02-10 22:17:34.816903+01:00,19.46,58.57,76.0,504.0,534.0,741.0,659.0,616.0,116.0
2020-02-11 15:36:39.897410+01:00,20.4,59.91,70.0,512.0,526.0,691.0,671.0,624.0,84.0
2020-01-30 01:14:15.65164096,20.12,60.08,52.0,506.0,515.0,707.0,693.0,629.0,113.0
2020-02-11 14:49:48.811871+01:00,21.2,54.36,49.0,506.0,536.0,743.0,666.0,641.0,157.0
2020-02-13 01:55:57.011145+01:00,20.26,53.1,76.0,504.0,539.0,749.0,721.0,632.0,173.0
2020-02-11 03:34:17.823452+01:00,20.26,58.34,76.0,523.0,534.0,743.0,687.0,656.0,109.0
2020-02-08 22:33:15.286679+01:00,20.52,57.64,51.0,501.0,542.0,742.0,703.0,672.0,95.0
2020-02-08 13:58:34.856245+01:00,20.12,57.91,73.0,509.0,557.0,712.0,639.0,628.0,110.0
2020-02-08 18:56:36.291438+01:00,19.91,53.48,50.0,521.0,532.0,719.0,676.0,633.0,114.0
2020-02-01 04:43:37.642902+01:00,21.16,57.62,47.0,518.0,538.0,694.0,684.0,576.0,99.0
2020-02-07 09:54:14.826393+01:00,20.25,57.29,71.0,502.0,526.0,743.0,671.0,634.0,95.0
2020-01-25 00:35:35.716494+01:00,20.4,56.0,69.0,506.0,533.0,734.0,693.0,634.0,103.0
2020-02-07 21:33:34.939865+01:00,20.19,59.34,61.0,523.0,534.0,712.0,665.0,611.0,113.0
2020-02-07 21:58:39.614415+01:00,20.8,54.8,43.0,515.0,545.0,709.0,665.0,628.0,90.0
2020-02-12 06:43:16.251611+01:00,20.1,59.4,72.0,521.0,528.0,721.0,683.0,612.0,98.0
2020-01-27 14:13:49.881839+01:00,21.04,58.46,50.0,513.0,535.0,743.0,649.0,658.0,102.0
2020-02-11 17:57:36.947630+01:00,20.22,55.41,48.0,517.0,582.0,709.0,707.0,616.0,106.0
2020-01-25 04:34:35.752611+01:00,20.03,58.8,71.0,519.0,542.0,718.0,691.0,626.0,104.0
2020-01-27 02:47:58.815475+01:00,20.16,54.67,44.0,519.0,544.0,706.0,647.0,613.0,114.0
2020-02-12 16:24:41.048916+01:00,20.48,55.29,69.0,518.0,544.0,719.0,667.0,652.0,115.0
2020-02-06 07:36:57.087581+01:00,19.97,58.64,47.0,511.0,543.0,752.0,709.0,621.0,95.0
2020-02-02 23:44:34.878987+01:00,21.4,57.32,48.0,498.0,523.0,744.0,690.0,613.0,100.0
2020-01-27 04:12:24.723341+01:00,20.05,59.96,65.0,523.0,526.0,717.0,649.0,619.0,94.0
2020-02-09 16:13:14.570532+01:00,20.34,57.54,47.0,516.0,593.0,716.0,689.0,613.0,98.0
2020-02-01 17:02:15.2213991+01:00,20.13,59.93,72.0,497.0,541.0,724.0,690.0,618.0,100.0
2020-01-29 10:00:56.543252+01:00,20.26,58.65,44.0,501.0,532.0,745.0,659.0,617.0,106.0
2020-02-07 13:37:17.455041+01:00,20.31,58.88,55.0,521.0,524.0,707.0,690.0,643.0,99.0
2020-02-07 21:52:16.567341+01:00,17.3,57.2,74.0,518.0,541.0,735.0,657.0,622.0,99.0
2020-01-26 02:13:17.071251+01:00,20.42,56.56,74.0,502.0,518.0,716.0,691.0,652.0,112.0
2020-02-09 06:36:16.995057+01:00,20.2,57.96,55.0,509.0,547.0,720.0,672.0,617.0,101.0
2020-02-01 01:06:08.738796+01:00,20.22,58.34,63.0,503.0,537.0,697.0,659.0,592.0,157.0
2020-02-09 04:30:15.936796+01:00,20.88,56.19,60.0,505.0,542.0,697.0,696.0,577.0,119.0
2020-02-11 12:21:21.381640+01:00,20.1,57.65,45.0,521.0,537.0,708.0,675.0,617.0,104.0
2020-01-28 14:50:35.597596+01:00,19.94,54.32,66.0,500.0,536.0,663.0,668.0,591.0,112.0
2020-01-27 01:35:15.236977+01:00,19.88,53.25,66.0,505.0,552.0,721.0,689.0,658.0,161.0
2020-02-08 07:22:36.272555+01:00,20.06,58.9,74.0,505.0,536.0,709.0,693.0,611.0,117.0
2020-02-06 10:11:17.908417+01:00,17.96,57.46,71.0,501.0,531.0,715.0,678.0,636.0,92.0
2020-01-27 17:20:17.1632+01:00,20.4,57.54,44.0,504.0,542.0,707.0,657.0,642.0,91.0
2020-02-08 16:12:57.145532+01:00,20.8,58.41,93.0,505.0,541.0,688.0,693.0,599.0,103.0
2020-02-02 04:49:49.772071+01:00,15.23,55.41,74.0,508.0,544.0,729.0,667.0,619.0,92.0
2020-02-08 01:01:58.791617+01:00,20.22,57.64,73.0,505.0,535.0,695.0,685.0,593.0,118.0
2020-01-25 20:20:08.773601+01:00,20.5,57.5,72.0,523.0,537.0,730.0,649.0,624.0,161.0
2020-02-13 17:27:16.244575+01:00,20.46,55.43,70.0,523.0,532.0,716.0,648.0,621.0,95.0
2020-01-31 06:05:38.811503+01:00,20.18,55.26,43.0,509.0,536.0,757.0,706.0,660.0,100.0
2020-02-11 04:15:02.649547+01:00,19.91,52.28,47.0,519.0,582.0,716.0,656.0,646.0,107.0
2020-01-27 07:12:35.964689+01:00,20.37,55.29,73.0,509.0,535.0,744.0,671.0,611.0,104.0
2020-01-29 13:55:56.711013+01:00,20.67,58.36,55.0,501.0,539.0,716.0,696.0,534.0,101.0
2020-02-11 13:45:15.586958+01:00,21.99,57.26,66.0,522.0,542.0,712.0,679.0,621.0,90.0
2020-02-06 11:27:01.397764+01:00,17.96,57.43,71.0,521.0,539.0,732.0,690.0,648.0,112.0
2020-02-07 01:02:15.573364+01:00,20.32,48.16,47.0,521.0,547.0,743.0,658.0,622.0,112.0
2020-02-02 02:30:55.743007+01:00,20.02,56.4,52.0,511.0,551.0,711.0,689.0,654.0,114.0
2020-01-30 13:45:56.277745+01:00,20.01,58.96,47.0,520.0,529.0,664.0,662.0,521.0,112.0
2020-02-01 07:54:15.716494+01:00,20.42,57.88,70.0,518.0,536.0,746.0,687.0,639.0,101.0
2020-02-07 14:05:00.529437+01:00,20.1,55.54,69.0,504.0,533.0,697.0,665.0,596.0,107.0
2020-02-12 07:38:57.419064+01:00,20.13,55.06,68.0,501.0,536.0,697.0,704.0,646.0,103.0
2020-02-10 08:33:35.539588+01:00,20.33,58.06,71.0,524.0,543.0,721.0,678.0,632.0,99.0
2020-02-12 01:00:08.926007+01:00,20.04,57.13,72.0,509.0,537.0,707.0,683.0,628.0,101.0
2020-02-12 05:37:36.072977+01:00,20.18,58.1,47.0,519.0,592.0,706.0,694.0,587.0,113.0
2020-01-26 22:16:39.638470+01:00,20.07,59.41,73.0,524.0,553.0,743.0,669.0,624.0,106.0
2020-01-29 18:54:55.367004+01:00,20.1,59.32,71.0,498.0,533.0,709.0,675.0,632.0,138.0
2020-02-11 10:28:20.939290+01:00,19.13,55.1,69.0,500.0,534.0,704.0,671.0,612.0,98.0
2020-02-12 05:14:59.812320+01:00,20.3,56.76,71.0,506.0,526.0,697.0,639.0,592.0,99.0
2020-02-08 02:14:09.369716+01:00,20.64,58.97,47.0,519.0,541.0,719.0,639.0,613.0,114.0
2020-02-01 02:18:57.847381+01:00,22.12,56.97,44.0,521.0,532.0,726.0,679.0,652.0,91.0
2020-02-04 09:28:56.452640+01:00,20.21,56.4,43.0,518.0,542.0,719.0,671.0,644.0,107.0
2020-01-26 15:04:15.120134+01:00,19.93,59.9,52.0,516.0,535.0,715.0,690.0,653.0,91.0
2020-02-09 10:29:11.539096+01:00,19.12,58.0,69.0,505.0,535.0,725.0,674.0,645.0,115.0
2020-02-09 17:17:14.646877+01:00,20.48,59.97,48.0,519.0,533.0,751.0,683.0,629.0,103.0
2020-01-27 15:28:55.291582+01:00,20.4,57.01,71.0,510.0,535.0,721.0,742.0,632.0,108.0
2020-01-26 20:41:01.357722+01:00,19.86,56.92,71.0,501.0,542.0,699.0,662.0,593.0,108.0
2020-01-26 01:13:33.073720+01:00,19.8,57.1,72.0,515.0,536.0,706.0,687.0,621.0,112.0
2020-01-26 12:34:34.569804+01:00,20.65,54.61,56.0,501.0,528.0,728.0,649.0,639.0,106.0
2020-02-08 08:34:08.141904+01:00,20.28,59.8,68.0,521.0,534.0,749.0,645.0,645.0,90.0
2020-01-27 15:47:56.661098+01:00,20.22,58.8,71.0,497.0,532.0,748.0,665.0,636.0,114.0
2020-02-10 10:33:57.287873+01:00,20.31,58.2,71.0,519.0,533.0,714.0,654.0,589.0,115.0
2020-01-29 15:36:35.271134+01:00,19.99,58.08,71.0,513.0,534.0,699.0,679.0,584.0,128.0
2020-02-01 11:34:40.090801,20.37,54.18,63.0,504.0,537.0,743.0,691.0,612.0,108.0
2020-01-27 13:18:26.836953+01:00,20.18,57.52,72.0,499.0,547.0,711.0,674.0,614.0,106.0
2020-02-11 01:23:33.711387+01:00,20.08,53.88,47.0,518.0,527.0,711.0,690.0,624.0,103.0
2020-02-09 16:19:20.160839+01:00,20.12,53.54,50.0,519.0,559.0,741.0,681.0,622.0,112.0
2020-02-10 08:18:13.011853+01:00,20.14,56.7,71.0,509.0,533.0,671.0,675.0,597.0,96.0
2020-02-12 16:14:35.918503+01:00,20.32,53.64,45.0,497.0,534.0,742.0,696.0,613.0,106.0
2020-02-01 13:59:18.652088+01:00,20.04,56.17,70.0,507.0,537.0,714.0,693.0,634.0,124.0
2020-02-05 11:09:29.281229+01:00,20.17,57.34,69.0,500.0,551.0,715.0,673.0,644.0,92.0
2020-01-30 22:14:15.293499+01:00,21.04,57.59,63.0,500.0,521.0,699.0,682.0,590.0,100.0
2020-01-27 01:59:35.361412+01:00,15.36,57.46,43.0,506.0,542.0,713.0,717.0,645.0,103.0
2020-01-30 02:37:17.081291+01:00,20.2,58.62,69.0,523.0,532.0,719.0,687.0,619.0,125.0
2020-01-28 16:53:35.997873+01:00,20.24,58.43,94.0,524.0,539.0,717.0,701.0,619.0,101.0
2020-02-08 01:21:21.581720+01:00,20.46,55.64,70.0,522.0,534.0,746.0,652.0,623.0,113.0
2020-02-06 02:30:49.649318+01:00,19.96,54.7,71.0,507.0,543.0,716.0,685.0,644.0,152.0
2020-02-01 10:30:16.734381+01:00,20.05,57.89,50.0,519.0,535.0,743.0,690.0,631.0,105.0
2020-02-08 02:43:37.769787+01:00,20.1,55.5,74.0,518.0,582.0,744.0,684.0,613.0,96.0
2020-01-26 11:41:56.451607+01:00,20.03,58.62,107.0,502.0,539.0,718.0,699.0,621.0,116.0
2020-02-09 21:54:16.587433+01:00,20.64,55.29,44.0,506.0,553.0,745.0,665.0,621.0,96.0
2020-02-01 15:57:25.04976+01:00,20.8,58.96,73.0,524.0,532.0,715.0,670.0,638.0,112.0
2020-02-01 08:48:16.293897+01:00,20.2,53.61,69.0,500.0,533.0,703.0,672.0,642.0,115.0
2020-02-07 23:05:17.187569+01:00,20.17,55.08,44.0,500.0,551.0,730.0,677.0,571.0,100.0
2020-02-08 02:46:06.980464+01:00,20.34,56.66,66.0,506.0,543.0,719.0,663.0,643.0,116.0
2020-01-25 18:55:14.258976+01:00,20.23,57.37,72.0,508.0,528.0,721.0,700.0,628.0,84.0
2020-02-08 06:30:48.743204+01:00,20.48,57.08,73.0,518.0,544.0,731.0,682.0,611.0,105.0
2020-02-01 17:39:14.288965+01:00,20.03,57.42,71.0,503.0,533.0,715.0,671.0,622.0,120.0
2020-01-28 20:16:34.642865+01:00,20.08,55.67,69.0,506.0,543.0,716.0,668.0,643.0,115.0
2020-02-09 12:57:08.123532+01:00,20.26,58.83,47.0,509.0,534.0,717.0,661.0,611.0,93.0
2020-01-27 07:52:27.272764+01:00,20.22,57.03,72.0,501.0,523.0,726.0,699.0,617.0,112.0
2020-02-09 07:28:21.131245+01:00,19.99,48.06,50.0,499.0,543.0,715.0,699.0,584.0,113.0
2020-02-12 09:21:54.0585433+01:00,20.3,56.96,46.0,519.0,536.0,699.0,692.0,589.0,123.0
2020-02-12 09:15:34.991821+01:00,20.06,58.43,69.0,514.0,543.0,719.0,686.0,615.0,107.0
2020-02-06 17:45:08.737177+01:00,20.26,58.08,55.0,509.0,537.0,727.0,695.0,658.0,94.0
2020-02-06 11:11:15.916907+01:00,20.16,55.56,69.0,505.0,536.0,726.0,646.0,648.0,96.0
2020-01-30 21:50:14.504431+01:00,20.5,57.3,44.0,515.0,537.0,728.0,642.0,619.0,94.0
2020-01-25 02:34:56.551323+01:00,19.94,56.43,71.0,522.0,541.0,688.0,675.0,550.0,164.0
2020-01-31 01:10:49.811850+01:00,20.11,55.08,121.0,517.0,543.0,743.0,696.0,637.0,171.0
2020-02-05 16:10:16.89512+01:00,20.2,56.08,74.0,497.0,527.0,723.0,666.0,643.0,227.0
2020-02-07 17:01:20.283576+01:00,20.08,58.26,71.0,508.0,533.0,721.0,689.0,637.0,117.0
2020-01-25 11:48:14.540544+01:00,20.27,57.61,76.0,511.0,542.0,711.0,673.0,631.0,115.0
2020-01-31 12:05:34.896979+01:00,20.12,57.61,70.0,503.0,542.0,706.0,666.0,619.0,121.0
2020-01-26 19:53:36.711503+01:00,20.1,55.62,47.0,509.0,547.0,701.0,687.0,631.0,122.0
2020-02-11 23:57:56.646489+01:00,19.58,57.86,71.0,518.0,542.0,714.0,649.0,604.0,106.0
2020-01-28 14:53:37.734298+01:00,21.2,55.01,72.0,511.0,552.0,719.0,696.0,618.0,109.0
2020-02-06 15:02:14.968852+01:00,20.09,59.88,68.0,501.0,532.0,749.0,690.0,639.0,99.0
2020-02-11 16:21:40.939796+01:00,20.09,57.28,68.0,503.0,545.0,745.0,693.0,524.0,121.0
2020-01-28 02:13:36.683745+01:00,19.94,59.33,71.0,500.0,532.0,754.0,656.0,639.0,112.0
2020-01-31 08:37:56.944953+01:00,19.74,58.62,75.0,500.0,553.0,708.0,699.0,613.0,171.0
2020-02-12 15:28:42.263873+01:00,20.1,56.9,71.0,506.0,535.0,742.0,694.0,617.0,108.0
2020-01-28 16:08:16.857842+01:00,20.13,54.02,69.0,505.0,552.0,741.0,709.0,659.0,119.0
2020-02-07 19:39:59.849290+01:00,20.17,58.46,67.0,500.0,536.0,719.0,679.0,637.0,109.0
2020-02-06 01:29:36.074284+01:00,20.13,55.5,72.0,503.0,534.0,717.0,699.0,621.0,105.0
2020-01-29 17:13:51.238532+01:00,16.64,58.32,47.0,518.0,538.0,711.0,676.0,623.0,103.0
2020-02-07 21:02:14.938662+01:00,21.42,58.65,46.0,524.0,536.0,741.0,695.0,619.0,163.0
2020-02-08 16:07:58.744891+01:00,20.02,58.74,74.0,522.0,538.0,721.0,637.0,625.0,114.0
2020-02-05 13:29:15.844443+01:00,20.24,57.43,43.0,507.0,534.0,707.0,672.0,619.0,96.0
2020-01-25 13:11:36.979316+01:00,20.04,56.96,74.0,496.0,532.0,743.0,673.0,613.0,107.0
2020-01-30 11:14:15.047946+01:00,20.02,57.97,44.0,501.0,536.0,738.0,665.0,621.0,110.0
2020-02-02 14:13:57.734256+01:00,20.48,58.33,74.0,505.0,536.0,719.0,665.0,617.0,118.0
2020-02-09 13:49:55.272371+01:00,20.12,56.42,70.0,511.0,542.0,744.0,699.0,638.0,122.0
2020-01-31 16:40:16.056589+01:00,15.28,57.94,71.0,499.0,527.0,696.0,681.0,643.0,88.0
2020-02-12 17:14:15.051245+01:00,20.54,56.1,66.0,503.0,531.0,747.0,674.0,633.0,112.0
2020-02-05 01:49:17.229029+01:00,20.25,59.18,58.0,498.0,528.0,715.0,744.0,656.0,169.0
2020-02-09 15:13:57.9079+01:00,20.12,53.42,73.0,518.0,534.0,731.0,674.0,624.0,105.0
2020-02-11 06:50:15.958353+01:00,20.08,58.26,69.0,523.0,536.0,710.0,689.0,656.0,105.0
2020-01-31 12:08:56.958821+01:00,20.24,53.94,70.0,521.0,534.0,704.0,643.0,631.0,125.0
2020-02-12 02:37:20.858832+01:00,20.2,58.07,43.0,521.0,522.0,711.0,694.0,619.0,84.0
2020-02-07 02:33:56.572765+01:00,20.18,54.8,46.0,509.0,534.0,707.0,688.0,623.0,99.0
2020-01-29 13:09:17.011358+01:00,21.9,57.04,63.0,505.0,540.0,712.0,669.0,605.0,112.0
2020-02-05 00:28:38.011909+01:00,20.2,52.9,72.0,505.0,543.0,717.0,649.0,623.0,157.0
2020-02-01 09:20:34.261211+01:00,20.88,54.9,50.0,503.0,538.0,707.0,687.0,627.0,105.0
2020-02-07 19:18:14.439844+01:00,20.64,56.1,71.0,510.0,539.0,745.0,687.0,648.0,117.0
2020-01-26 00:57:16.811841+01:00,20.11,55.29,63.0,518.0,534.0,708.0,706.0,649.0,111.0
2020-02-10 09:55:14.357784+01:00,20.11,56.54,85.0,502.0,547.0,712.0,684.0,586.0,156.0
2020-01-27 00:14:15.649711+01:00,20.44,56.02,72.0,499.0,536.0,747.0,665.0,627.0,159.0
2020-02-09 21:35:35.06512+01:00,19.67,57.08,74.0,534.0,533.0,716.0,679.0,658.0,92.0
2020-02-09 06:42:32.689067+01:00,20.2,57.5,74.0,505.0,541.0,735.0,643.0,591.0,131.0
2020-01-25 23:28:20.071542+01:00,17.72,58.64,72.0,518.0,535.0,751.0,667.0,623.0,103.0
2020-02-07 02:13:16.039849+01:00,20.7,58.53,71.0,500.0,538.0,730.0,693.0,646.0,108.0
2020-01-25 16:40:56.192698+01:00,20.0,57.91,44.0,524.0,534.0,743.0,694.0,626.0,103.0
2020-01-27 18:06:15.827886+01:00,20.2,59.36,71.0,508.0,551.0,715.0,657.0,626.0,103.0
2020-02-09 20:39:18.074245+01:00,20.13,58.58,69.0,509.0,539.0,746.0,678.0,652.0,106.0
2020-02-05 00:34:16.934796+01:00,15.02,56.96,71.0,522.0,545.0,726.0,690.0,644.0,98.0
2020-02-09 09:08:36.979063+01:00,20.11,54.42,75.0,498.0,537.0,733.0,661.0,635.0,99.0
2020-02-02 15:29:40.835953+01:00,20.06,57.64,74.0,500.0,542.0,743.0,672.0,597.0,102.0
2020-02-07 19:22:19.939190+01:00,20.09,57.34,58.0,501.0,533.0,711.0,676.0,634.0,99.0
2020-01-30 12:09:39.068971+01:00,20.42,55.88,71.0,518.0,536.0,744.0,694.0,629.0,108.0
2020-01-26 09:20:15.996495+01:00,20.15,57.67,54.0,522.0,521.0,746.0,705.0,613.0,135.0
2020-01-29 00:39:15.936177+01:00,20.29,54.82,73.0,497.0,524.0,715.0,707.0,621.0,111.0
2020-02-08 04:23:37.242713+01:00,19.72,55.14,67.0,522.0,541.0,710.0,647.0,633.0,159.0
2020-01-25 11:04:36.858871+01:00,20.42,52.41,72.0,523.0,536.0,731.0,709.0,618.0,111.0
2020-02-12 16:33:56.191453+01:00,19.97,57.28,46.0,523.0,532.0,744.0,706.0,617.0,100.0
2020-02-04 20:10:15.141613+01:00,20.3,57.16,43.0,503.0,533.0,717.0,673.0,641.0,108.0
2020-02-12 01:29:15.659022+01:00,20.1,59.57,71.0,518.0,536.0,711.0,688.0,628.0,114.0
2020-01-31 13:19:57.991613+01:00,20.7,59.32,44.0,518.0,536.0,716.0,687.0,615.0,94.0
2020-02-06 16:28:57.534894+01:00,19.96,54.18,71.0,518.0,544.0,739.0,685.0,613.0,155.0
2020-01-28 12:13:38.744393+01:00,20.32,59.9,71.0,522.0,538.0,745.0,699.0,634.0,107.0
2020-02-03 07:41:15.073800+01:00,20.54,57.58,69.0,504.0,532.0,723.0,685.0,618.0,104.0
2020-02-09 17:25:09.818987+01:00,19.99,55.61,71.0,521.0,532.0,727.0,666.0,622.0,97.0
2020-01-30 19:54:35.849654+01:00,20.88,55.41,72.0,502.0,538.0,721.0,678.0,603.0,110.0
2020-01-27 12:54:55.965671+01:00,19.91,55.61,41.0,523.0,547.0,707.0,692.0,617.0,93.0
2020-02-11 17:22:58.623916+01:00,20.43,57.33,47.0,502.0,529.0,743.0,675.0,641.0,105.0
2020-02-09 11:06:36.715420+01:00,20.19,58.58,55.0,498.0,547.0,710.0,691.0,645.0,106.0
2020-01-25 18:45:17.771034+01:00,20.64,55.91,58.0,509.0,543.0,715.0,690.0,633.0,171.0
2020-02-11 03:09:34.907427+01:00,19.96,56.43,48.0,511.0,535.0,745.0,682.0,639.0,129.0
2020-01-28 06:13:17.794551+01:00,20.5,57.61,71.0,509.0,545.0,716.0,681.0,627.0,124.0
2020-02-12 19:17:00.715360+01:00,20.1,57.23,74.0,509.0,537.0,719.0,689.0,624.0,113.0
2020-01-28 02:26:36.061656+01:00,20.54,56.54,44.0,503.0,534.0,712.0,671.0,628.0,106.0
2020-01-31 12:50:39.856603+01:00,20.1,56.33,53.0,503.0,537.0,705.0,648.0,619.0,114.0
2020-02-02 07:42:14.944905+01:00,20.13,57.41,73.0,523.0,553.0,748.0,662.0,644.0,98.0
2020-02-08 06:29:34.186499+01:00,20.12,55.58,68.0,505.0,533.0,699.0,645.0,589.0,103.0
2020-02 10:34:15.656789+01:00,20.27,55.64,71.0,519.0,536.0,691.0,649.0,638.0,118.0
2020-02-05 22:15:17.858985+01:00,19.99,57.12,74.0,508.0,534.0,746.0,689.0,633.0,117.0
2020-02-01 23:28:35.079081+01:00,20.25,58.97,66.0,498.0,538.0,723.0,663.0,631.0,118.0
2020-01-26 04:36:48.161983+01:00,20.01,57.58,71.0,526.0,532.0,709.0,688.0,616.0,120.0
2020-02-05 17:10:09.812261+01:00,20.2,58.67,86.0,504.0,538.0,709.0,665.0,618.0,103.0
2020-01-30 13:18:19.892899+01:00,20.18,55.43,74.0,523.0,501.0,714.0,683.0,628.0,107.0
2020-02-06 12:29:57.838783+01:00,20.66,55.02,56.0,498.0,532.0,751.0,689.0,582.0,91.0
2020-01-25 09:46:40.083885+01:00,20.38,57.82,69.0,522.0,537.0,703.0,683.0,643.0,115.0
2020-01-25 15:02:49.584096+01:00,20.08,57.65,45.0,504.0,542.0,713.0,681.0,648.0,120.0
2020-01-26 16:01:55.07823+01:00,20.44,58.58,74.0,514.0,534.0,728.0,669.0,621.0,110.0
2020-01-28 21:48:17.151651+01:00,20.5,58.94,69.0,509.0,536.0,682.0,686.0,594.0,105.0
2020-02-13 02:10:54.682899+01:00,20.2,63.88,63.0,497.0,539.0,713.0,681.0,597.0,104.0
2020-02-09 19:19:54.629975+01:00,19.98,56.32,68.0,513.0,534.0,716.0,681.0,648.0,113.0
2020-02-08 01:25:15.172989+01:00,19.86,58.12,69.0,500.0,539.0,721.0,681.0,617.0,111.0
2020-02-09 16:20:38.914793+01:00,20.07,57.48,77.0,519.0,536.0,743.0,688.0,644.0,173.0
2020-02-11 16:12:36.906918+01:00,19.4,56.42,75.0,514.0,545.0,732.0,690.0,653.0,93.0
2020-02-11 20:45,20.54,55.61,44.0,510.0,539.0,749.0,689.0,605.0,101.0
2020-02-07 23:01:56.552716+01:00,20.11,56.3,58.0,500.0,534.0,728.0,674.0,659.0,174.0
2020-02-02 22:41:19.981340+01:00,20.24,55.44,74.0,508.0,541.0,711.0,691.0,619.0,122.0
2020-02-02 10:03:36.145044+01:00,20.0,58.26,72.0,518.0,541.0,714.0,695.0,624.0,105.0
2020-01-28 01:40:41.666936+01:00,20.43,55.84,49.0,523.0,545.0,707.0,690.0,623.0,109.0
2020-02-12 06:21:56.847897+01:00,19.94,57.1,71.0,506.0,534.0,721.0,692.0,643.0,116.0
2020-01-27 17:34:36.764341+01:00,20.28,55.52,70.0,521.0,534.0,743.0,690.0,612.0,99.0
2020-02-09 20:01:56.054118+01:00,19.88,58.84,72.0,506.0,531.0,697.0,685.0,544.0,93.0
2020-01-30 07:57:14.724773+01:00,20.45,57.02,49.0,521.0,539.0,708.0,671.0,602.0,100.0
2020-02-11 18:13:57.014823+01:00,20.44,55.61,69.0,502.0,536.0,719.0,690.0,646.0,115.0
2020-02-01 05:44:17.8828+01:00,20.88,55.67,69.0,496.0,537.0,747.0,677.0,622.0,121.0
2020-02-09 14:45:09.711007+01:00,16.43,56.36,72.0,513.0,527.0,705.0,672.0,554.0,163.0
2020-01-26 04:08:35.744804+01:00,20.25,55.44,42.0,524.0,542.0,705.0,723.0,623.0,92.0
2020-01-31 12:38:46.287872+01:00,20.03,53.65,72.0,523.0,537.0,743.0,668.0,623.0,115.0
2020-02-11 01:33:14.849288+01:00,20.2,55.36,74.0,506.0,539.0,702.0,669.0,599.0,115.0
2020-01-29 07:30:34.8353758+01:00,20.3,56.64,57.0,502.0,543.0,706.0,671.0,609.0,99.0
2020-01-30 13:08:38.551707+01:00,20.12,55.07,47.0,509.0,534.0,711.0,692.0,637.0,127.0
2020-01-28 17:54:56.504485+01:00,20.02,56.76,118.0,528.0,544.0,716.0,664.0,648.0,120.0
2020-01-25 21:18:57.3428+01:00,20.02,58.12,44.0,521.0,536.0,719.0,690.0,615.0,116.0
2020-02-08 17:13:16.687973+01:00,19.96,57.9,44.0,523.0,544.0,757.0,650.0,653.0,101.0
2020-01-31 22:19:59.734953+01:00,20.34,54.23,71.0,518.0,533.0,707.0,654.0,623.0,110.0
2020-02-07 11:21:49.847794+01:00,20.34,58.7,45.0,511.0,543.0,743.0,683.0,627.0,105.0
2020-01-29 05:15:56.646087+01:00,20.16,57.32,71.0,514.0,549.0,713.0,712.0,634.0,163.0
2020-01-28 20:09:56.131188+01:00,19.98,56.54,72.0,506.0,543.0,745.0,674.0,588.0,113.0
2020-02-05 06:06:35.773592+01:00,20.3,58.65,69.0,503.0,530.0,716.0,681.0,622.0,95.0
2020-01-31 09:45:38.270112+01:00,20.28,55.44,74.0,523.0,533.0,726.0,669.0,624.0,119.0
2020-02-06 10:41:33.724583+01:00,19.8,58.2,69.0,503.0,533.0,710.0,682.0,621.0,98.0
2020-01-27 02:54:36.958342+01:00,19.89,57.87,71.0,524.0,538.0,718.0,692.0,618.0,105.0
2020-02-09 01:45:36.858700+01:00,21.54,57.61,103.0,501.0,536.0,721.0,683.0,659.0,163.0
2020-01-26 01:57:16.717381+01:00,20.01,47.82,69.0,502.0,536.0,717.0,693.0,645.0,105.0
2020-02-12 23:10:56.077560+01:00,20.32,53.84,72.0,505.0,537.0,726.0,671.0,604.0,112.0
2020-02-02 12:01:34.87906+01:00,19.11,57.5,72.0,523.0,534.0,757.0,665.0,645.0,100.0
2020-02-08 10:04:16.253322+01:00,20.21,58.97,73.0,509.0,545.0,707.0,696.0,596.0,153.0
2020-01-27 19:08:17.819841+01:00,20.41,56.2,69.0,505.0,541.0,703.0,674.0,619.0,131.0
2020-02-11 02:14:54.181313+01:00,20.31,56.61,73.0,509.0,536.0,723.0,683.0,623.0,115.0
2020-01-25 07:02:56.130130+01:00,15.04,54.56,70.0,502.0,537.0,736.0,675.0,623.0,107.0
2020-02-10 13:48:33.769077+01:00,20.42,57.88,44.0,519.0,582.0,719.0,659.0,643.0,100.0
2020-02-10 01:17:56.292229+01:00,20.21,57.9,70.0,524.0,533.0,743.0,647.0,618.0,105.0
2020-01-29 05:05:38.688811+01:00,19.62,57.5,47.0,519.0,539.0,716.0,687.0,615.0,109.0
2020-02-05 17:41:17.859094+01:00,20.04,58.52,42.0,511.0,538.0,744.0,686.0,644.0,119.0
2020-02-08 04:39:34.390164+01:00,21.66,57.23,72.0,521.0,532.0,751.0,681.0,643.0,122.0
2020-02-02 12:20:56.363376+01:00,20.12,56.48,70.0,524.0,538.0,713.0,660.0,635.0,131.0
2020-02-08 04:17:55.82789+01:00,20.5,55.3,71.0,519.0,539.0,717.0,699.0,619.0,92.0
2020-02-12 23:41:09.552437+01:00,20.05,55.68,74.0,523.0,536.0,730.0,673.0,624.0,131.0
2020-02-04 01:14:49.951641+01:00,20.0,58.67,77.0,518.0,532.0,743.0,673.0,629.0,127.0
2020-02-08 20:45:49.767589+01:00,20.34,57.46,47.0,524.0,556.0,678.0,649.0,593.0,93.0
2020-01-28 05:38:56.071699+01:00,15.3,56.56,71.0,513.0,554.0,743.0,678.0,616.0,174.0
2020-02-10 19:07:36.715565+01:00,21.96,58.53,55.0,503.0,547.0,699.0,675.0,592.0,127.0
2020-01-25 10:19:57.551135+01:00,20.12,54.88,49.0,502.0,528.0,710.0,671.0,644.0,110.0
2020-02-06 18:23:54.938797+01:00,20.24,57.16,72.0,523.0,543.0,731.0,690.0,591.0,105.0
2020-02-08 08:20:15.352865+01:00,20.24,54.41,72.0,520.0,537.0,710.0,649.0,649.0,96.0
2020-01-26 23:38:14.711385+01:00,19.95,57.58,72.0,499.0,536.0,727.0,641.0,624.0,112.0
2020-01-25 01:10:18.683392+01:00,20.25,56.88,63.0,505.0,529.0,742.0,677.0,622.0,99.0
2020-01-31 07:14:49.271799+01:00,20.21,58.65,49.0,498.0,548.0,705.0,665.0,638.0,138.0
2020-01-28 11:28:35.189588+01:00,20.4,55.32,68.0,502.0,532.0,717.0,664.0,644.0,93.0
2020-02-01 02:07:53.624894+01:00,18.91,52.54,71.0,521.0,534.0,746.0,678.0,611.0,91.0
2020-02-05 10:45:32.814415+01:00,20.19,55.67,68.0,502.0,543.0,744.0,692.0,633.0,139.0
2020-01-28 13:30:15.143546+01:00,20.08,55.42,56.0,523.0,562.0,715.0,669.0,643.0,159.0
2020-02-05 23:14:17.081699+01:00,20.36,54.61,75.0,503.0,521.0,713.0,678.0,650.0,116.0
2020-01-29 18:19:36.908750+01:00,20.0,57.52,48.0,519.0,549.0,712.0,677.0,573.0,85.0
2020-01-28 10:53:34.481612+01:00,19.87,56.43,69.0,522.0,533.0,715.0,689.0,641.0,94.0
2020-02-11 10:43:34.847750+01:00,20.06,59.91,70.0,517.0,532.0,713.0,690.0,624.0,100.0
2020-02-07 21:36:15.898981+01:00,15.08,53.94,69.0,501.0,531.0,705.0,685.0,624.0,120.0
2020-02-12 05:28:35.568536+01:00,20.62,54.33,67.0,508.0,532.0,741.0,671.0,644.0,113.0
2020-02-06 08:09:16.835009+01:00,21.92,55.76,63.0,498.0,545.0,741.0,685.0,556.0,118.0
2020-01-28 04:39:56.203373+01:00,20.01,57.06,71.0,524.0,538.0,739.0,665.0,663.0,93.0
2020-01-30 00:34:16.715413+01:00,19.52,60.2,66.0,518.0,539.0,719.0,708.0,619.0,108.0
2020-02-11 12:08:27.466880+01:00,20.4,55.07,77.0,506.0,536.0,719.0,716.0,642.0,126.0
2020-01-30 05:30:37.846339+01:00,19.88,56.67,68.0,506.0,537.0,691.0,681.0,628.0,107.0
2020-02-10 11:40:15.882939+01:00,20.04,55.01,47.0,524.0,536.0,719.0,662.0,614.0,174.0
2020-02-05 16:28:01.723342+01:00,20.4,58.76,52.0,506.0,537.0,711.0,664.0,623.0,99.0
2020-01-29 14:07:57.847353+01:00,19.5,57.7,93.0,518.0,531.0,698.0,681.0,583.0,167.0
2020-01-28 21:08:55.906318+01:00,17.86,55.59,47.0,524.0,532.0,716.0,677.0,613.0,106.0
2020-02-12 20:10:56.256039+01:00,20.06,55.06,46.0,523.0,541.0,687.0,691.0,593.0,92.0
2020-02-07 02:26:36.127835+01:00,20.31,54.96,77.0,524.0,557.0,714.0,664.0,644.0,105.0
2020-02-08 06:53:34.944118+01:00,19.67,57.53,55.0,524.0,537.0,750.0,706.0,619.0,113.0
2020-02-04 20:55:36.163873+01:00,20.18,55.29,57.0,501.0,544.0,724.0,712.0,623.0,100.0
2020-02-08 08:54:36.068333+01:00,20.21,57.74,71.0,523.0,534.0,712.0,681.0,648.0,104.0
2020-01-25 04:27:15.936796+01:00,19.87,57.54,73.0,506.0,534.0,707.0,668.0,643.0,138.0
2020-02-09 10:21:00.624569+01:00,18.05,54.4,63.0,524.0,545.0,730.0,673.0,621.0,107.0
2020-02-10 09:53:34.812849+01:00,20.1,58.48,73.0,518.0,535.0,744.0,690.0,623.0,112.0
2020-02-11 17:58:16.039393+01:00,20.14,55.82,61.0,509.0,539.0,703.0,692.0,586.0,107.0
2020-02-07 04:26:16.946151+01:00,20.18,57.18,74.0,501.0,536.0,723.0,684.0,644.0,155.0
2020-02-11 15:18:46.161643+01:00,19.64,54.37,68.0,503.0,532.0,710.0,674.0,647.0,117.0
2020-02-08 03:51:39.618749+01:00,19.96,57.58,55.0,499.0,538.0,708.0,687.0,644.0,106.0
2020-01-25 01:24:17.183591+01:00,19.95,55.62,68.0,503.0,533.0,742.0,689.0,644.0,107.0
2020-01-31 12:36:56.908364+01:00,20.06,58.32,73.0,503.0,532.0,733.0,690.0,622.0,128.0
2020-02-09 18:55:20.048945+01:00,20.3,58.36,69.0,500.0,536.0,713.0,657.0,676.0,137.0
2020-02-02 08:28:01.141815+01:00,20.14,55.94,77.0,506.0,543.0,709.0,678.0,646.0,116.0
2020-02-10 03:55:15.001427+01:00,19.3,57.18,94.0,506.0,555.0,738.0,665.0,641.0,140.0
2020-02-08 01:34:16.044941+01:00,20.06,54.58,46.0,522.0,534.0,744.0,691.0,641.0,97.0
2020-01-30 13:45:17.583456+01:00,20.08,59.48,68.0,503.0,531.0,745.0,631.0,644.0,101.0
2020-02-07 05:15:09.755589+01:00,19.67,56.62,71.0,521.0,626.0,705.0,670.0,624.0,102.0
2020-01-27 01:21:16.28585507+01:00,20.19,58.58,72.0,518.0,538.0,706.0,693.0,642.0,110.0
2020-02-08 05:45:35.97908+01:00,21.0,56.1,77.0,521.0,541.0,744.0,684.0,621.0,160.0
2020-01-31 13:56:31.387445+01:00,20.62,54.44,73.0,504.0,536.0,745.0,691.0,626.0,103.0
2020-01-27 02:18:18.656590+01:00,19.99,59.08,48.0,513.0,556.0,741.0,663.0,626.0,101.0
2020-01-29 08:53:17.649770+01:00,20.1,54.43,74.0,503.0,594.0,727.0,679.0,658.0,120.0
2020-01-29 17:12:58.923588+01:00,20.05,58.4,71.0,509.0,534.0,715.0,672.0,679.0,114.0
2020-02-10 06:23:36.738491+01:00,19.91,54.88,62.0,507.0,539.0,690.0,656.0,583.0,103.0
2020-01-25 16:55:17.849792+01:00,20.43,58.51,75.0,506.0,534.0,713.0,679.0,593.0,105.0
2020-02-08 19:28:13.742157+01:00,20.36,57.52,71.0,506.0,530.0,753.0,691.0,660.0,91.0
2020-01-28 02:48:36.061093+01:00,19.26,58.26,47.0,510.0,541.0,715.0,678.0,644.0,117.0
2020-02-05 16:38:36.829797+01:00,20.07,55.42,60.0,523.0,537.0,699.0,662.0,593.0,112.0
2020-02-11 10:30:17.281176+01:00,20.29,55.52,54.0,523.0,541.0,714.0,693.0,611.0,107.0
2020-02-08 11:43:55.292423+01:00,20.2,53.82,49.0,511.0,536.0,731.0,683.0,613.0,96.0
2020-02-10 17:57:15.061299+01:00,20.26,55.89,72.0,507.0,537.0,743.0,667.0,616.0,100.0
2020-01-29 10:02:14.451832+01:00,19.98,56.43,69.0,521.0,535.0,727.0,662.0,597.0,92.0
2020-02-01 05:14:57.834262+01:00,20.29,54.88,70.0,499.0,540.0,711.0,675.0,613.0,94.0
2020-02-08 19:11:48.995965+01:00,20.17,58.01,63.0,502.0,544.0,712.0,689.0,611.0,102.0
2020-02-09 14:00:54.839081+01:00,20.16,55.62,53.0,505.0,534.0,749.0,664.0,630.0,116.0
2020-02-08 15:54:57.232796+01:00,17.16,55.2,73.0,499.0,545.0,724.0,692.0,636.0,110.0
2020-01-30 16:04:21.082743+01:00,20.18,57.67,72.0,519.0,533.0,716.0,696.0,618.0,104.0
2020-01-29 16:50:17.523944+01:00,20.22,59.64,72.0,522.0,532.0,696.0,589.0,523.0,118.0
2020-01-28 21:09:54.129539+01:00,19.85,56.4,52.0,518.0,541.0,742.0,683.0,624.0,100.0
2020-02-06 19:19:17.895290+01:00,20.4,54.1,60.0,497.0,538.0,716.0,668.0,623.0,101.0
2020-02-08 00:44:17.096287+01:00,20.29,55.23,76.0,509.0,542.0,743.0,688.0,632.0,121.0
2020-02-12 15:16:19.696797+01:00,20.19,57.32,71.0,502.0,542.0,695.0,678.0,618.0,114.0
2020-01-25 20:20:40.4180+01:00,20.01,57.85,47.0,505.0,536.0,744.0,651.0,584.0,91.0
2020-01-29 04:34:17.148935+01:00,20.44,55.61,68.0,506.0,528.0,746.0,667.0,650.0,100.0
2020-02-12 06:28:17.103543+01:00,15.06,58.99,74.0,502.0,532.0,717.0,669.0,639.0,101.0
2020-02-09 20:50:21.979077+01:00,20.13,56.64,48.0,496.0,533.0,735.0,654.0,628.0,98.0
2020-02-06 06:44:16.811843+01:00,20.88,59.95,70.0,516.0,552.0,741.0,682.0,615.0,110.0
2020-02-08 09:55:19.029928+01:00,19.95,56.22,69.0,518.0,531.0,716.0,688.0,617.0,120.0
2020-02-01 13:33:50.425614+01:00,19.2,54.58,47.0,501.0,537.0,743.0,697.0,617.0,128.0
2020-01-31 20:22:54.038646+01:00,20.4,55.0,47.0,506.0,537.0,717.0,645.0,657.0,93.0
2020-02-08 15:36:15.597931+01:00,21.38,59.88,75.0,521.0,533.0,749.0,721.0,642.0,105.0
2020-02-05 15:46:17.781397+01:00,20.08,57.8,71.0,514.0,542.0,715.0,665.0,642.0,115.0
2020-02-01 08:13:55.091599+01:00,20.23,55.43,74.0,518.0,554.0,719.0,699.0,623.0,115.0
2020-02-11 08:36:08.874277+01:00,20.32,59.77,73.0,503.0,531.0,743.0,694.0,622.0,102.0
2020-02-05 06:19:35.938122+01:00,19.88,59.33,63.0,506.0,533.0,715.0,673.0,632.0,156.0
2020-02-08 16:30:55.069458+01:00,20.02,47.84,72.0,511.0,546.0,717.0,665.0,642.0,115.0
2020-02-12 10:11:19.457957+01:00,20.12,57.34,71.0,517.0,542.0,721.0,663.0,618.0,184.0
2020-02-09 11:29:16.912813+01:00,22.54,56.29,92.0,499.0,539.0,751.0,677.0,659.0,116.0
2020-02-01 08:26:37.063894+01:00,19.96,58.17,47.0,519.0,551.0,745.0,675.0,631.0,106.0
2020-01-27 10:44:15.038570+01:00,20.25,57.88,62.0,522.0,532.0,708.0,719.0,613.0,110.0
2020-02-01 15:57:34.773387+01:00,19.92,54.61,47.0,524.0,559.0,742.0,690.0,619.0,149.0
2020-01-29 11:25:55.846287+01:00,20.12,59.88,52.0,508.0,535.0,709.0,674.0,611.0,100.0
2020-01-28 06:16:55.070104+01:00,20.13,55.04,44.0,523.0,542.0,711.0,699.0,626.0,121.0
2020-01-26 12:39:37.844317+01:00,21.12,59.97,69.0,511.0,536.0,700.0,690.0,627.0,92.0
2020-01-25 10:54:35.423318+01:00,20.11,55.57,48.0,519.0,551.0,719.0,700.0,632.0,125.0
2020-02-05 20:26:19.352639+01:00,21.05,57.43,69.0,524.0,524.0,699.0,691.0,589.0,106.0
2020-02-02 08:01:14.073417+01:00,20.1,54.1,71.0,518.0,518.0,690.0,663.0,586.0,119.0
2020-01-25 23:43:34.881865+01:00,20.2,55.32,71.0,523.0,537.0,749.0,673.0,619.0,106.0
2020-02-09 17:12:14.682496+01:00,20.06,55.56,66.0,524.0,531.0,713.0,682.0,626.0,107.0
2020-02-01 06:28:15.043488+01:00,20.14,54.67,43.0,511.0,547.0,714.0,649.0,645.0,105.0
2020-02-10 08:40:35.238080+01:00,19.58,56.46,69.0,522.0,544.0,725.0,684.0,623.0,114.0
2020-02-10 08:21:55.756874+01:00,20.21,55.1,66.0,518.0,551.0,691.0,688.0,593.0,121.0
2020-01-29 08:36:16.856262+01:00,20.02,56.1,71.0,521.0,537.0,716.0,663.0,644.0,119.0
2020-02-08 08:18:15.047831+01:00,20.12,56.3,70.0,507.0,533.0,705.0,693.0,594.0,103.0
2020-01-28 01:35:56.769578+01:00,20.34,56.28,71.0,503.0,534.0,704.0,671.0,623.0,107.0
2020-02-02 02:18:16.2514+01:00,20.7,58.26,72.0,511.0,521.0,707.0,681.0,544.0,106.0
2020-02-09 15:07:54.744190+01:00,20.17,55.97,69.0,509.0,533.0,706.0,679.0,629.0,106.0
2020-01-29 13:13:56.898177+01:00,20.08,57.14,75.0,523.0,543.0,743.0,683.0,621.0,92.0
2020-02-04 10:34:15.654039+01:00,20.64,58.74,47.0,501.0,534.0,697.0,674.0,593.0,89.0
2020-01-27 20:50:30.938787+01:00,20.26,55.33,69.0,506.0,536.0,710.0,693.0,644.0,92.0
2020-02-08 04:41:54.256031+01:00,20.3,55.3,69.0,499.0,542.0,719.0,683.0,629.0,121.0
2020-01-25 00:40:00.257716+01:00,19.06,55.43,74.0,521.0,528.0,713.0,680.0,641.0,122.0
2020-02-01 11:20:55.634893+01:00,20.13,55.62,43.0,521.0,537.0,721.0,686.0,617.0,115.0
2020-02-05 02:30:38.065642+01:00,15.66,55.0,68.0,498.0,542.0,712.0,676.0,648.0,125.0
2020-02-05 23:12:09.081414+01:00,20.3,57.12,72.0,506.0,535.0,743.0,692.0,624.0,95.0
2020-01-25 03:04:25.126723+01:00,20.44,55.66,67.0,498.0,538.0,694.0,669.0,593.0,99.0
2020-01-28 10:55:55.912157+01:00,20.1,57.34,61.0,517.0,536.0,741.0,688.0,626.0,97.0
2020-01-29 00:26:36.739375+01:00,20.4,58.56,72.0,505.0,556.0,741.0,687.0,588.0,105.0
2020-01-29 21:50:35.027745+01:00,20.1,58.12,66.0,506.0,537.0,714.0,690.0,618.0,122.0
2020-01-25 03:41:15.908992+01:00,20.7,55.4,54.0,503.0,533.0,707.0,685.0,618.0,113.0
2020-02-10 06:15:16.857128+01:00,21.62,56.16,53.0,500.0,559.0,730.0,689.0,617.0,111.0
2020-01-25 02:27:35.651539+01:00,20.8,58.54,46.0,501.0,537.0,743.0,663.0,637.0,119.0
2020-01-30 04:17:38.147942+01:00,20.04,55.28,48.0,523.0,539.0,706.0,642.0,638.0,103.0
2020-02-08 00:20:59.936793+01:00,20.2,58.24,57.0,497.0,536.0,753.0,687.0,609.0,116.0
2020-01-27 04:21:15.091854+01:00,20.0,54.98,71.0,521.0,534.0,743.0,676.0,652.0,118.0
2020-01-29 19:54:29.645094+01:00,19.82,58.3,49.0,518.0,541.0,739.0,685.0,629.0,103.0
2020-01-27 20:11:15.828783+01:00,20.16,52.18,65.0,523.0,539.0,741.0,661.0,657.0,94.0
2020-02-01 02:52:27.854154+01:00,20.32,52.08,49.0,523.0,532.0,688.0,675.0,643.0,90.0
2020-01-27 07:28:17.569796+01:00,20.01,55.38,49.0,508.0,532.0,739.0,662.0,623.0,83.0
2020-02-05 05:14:18.184491+01:00,20.48,59.9,49.0,518.0,535.0,743.0,691.0,644.0,122.0
2020-01-30 22:08:30.986981+01:00,19.94,55.26,72.0,518.0,547.0,712.0,688.0,641.0,116.0
2020-02-12 01:55:46.868595+01:00,21.12,56.52,63.0,505.0,536.0,744.0,669.0,617.0,99.0
2020-01-30 18:52:27.181899+01:00,20.22,56.65,70.0,516.0,534.0,709.0,670.0,581.0,93.0
2020-02-01 15:17:30.291736+01:00,20.4,55.34,72.0,523.0,529.0,713.0,659.0,623.0,85.0
2020-02-07 23:13:34.848953+01:00,20.26,56.32,74.0,498.0,536.0,715.0,665.0,632.0,159.0
2020-01-31 20:15:56.048964+01:00,20.0,55.29,77.0,508.0,556.0,705.0,687.0,617.0,107.0
2020-01-28 22:02:09.818053+01:00,19.18,56.12,61.0,521.0,538.0,743.0,690.0,622.0,94.0
2020-01-27 14:43:09.258639+01:00,20.01,54.92,43.0,504.0,556.0,717.0,682.0,624.0,97.0
2020-02-11 17:52:08.091851+01:00,20.32,52.94,69.0,505.0,500.0,707.0,662.0,622.0,92.0
2020-02-11 11:12:57.08811+01:00,20.18,59.92,70.0,522.0,532.0,717.0,691.0,628.0,115.0
2020-02-11 06:28:15.464944+01:00,20.1,55.18,76.0,521.0,539.0,706.0,688.0,620.0,165.0
2020-01-29 08:36:54.163898+01:00,20.23,57.94,65.0,501.0,541.0,727.0,691.0,644.0,122.0
2020-01-29 16:54:16.893697+01:00,21.14,55.57,68.0,518.0,536.0,715.0,673.0,651.0,115.0
2020-02-12 17:02:37.166593+01:00,20.02,48.06,68.0,523.0,538.0,713.0,691.0,657.0,107.0
2020-02-05 23:19:16.428864+01:00,20.02,56.1,43.0,509.0,534.0,671.0,659.0,584.0,122.0
2020-01-30 06:20:49.857982+01:00,20.14,56.4,77.0,501.0,541.0,746.0,683.0,619.0,109.0
2020-01-29 02:33:37.734987+01:00,19.85,55.16,70.0,515.0,538.0,707.0,687.0,619.0,106.0
2020-02-07 23:29:56.429972+01:00,20.1,57.9,54.0,517.0,548.0,743.0,659.0,631.0,93.0
2020-02-10 04:07:55.261532+01:00,20.2,58.4,70.0,521.0,535.0,752.0,670.0,603.0,112.0
2020-01-30 20:07:38.121654+01:00,20.46,57.1,69.0,506.0,538.0,714.0,659.0,592.0,115.0
2020-01-26 18:34:49.711644+01:00,20.32,56.57,42.0,523.0,537.0,719.0,671.0,645.0,95.0
2020-02-01 11:01:19.182707+01:00,20.3,57.44,69.0,519.0,544.0,731.0,677.0,626.0,113.0
2020-02-01 19:46:17.364076+01:00,20.12,59.88,74.0,499.0,534.0,715.0,663.0,609.0,109.0
2020-02-01 19:56:15.185632+01:00,20.08,54.82,72.0,500.0,547.0,743.0,699.0,645.0,114.0
2020-02-05 15:46:34.791317+01:00,20.62,58.5,94.0,502.0,543.0,706.0,714.0,614.0,116.0
2020-02-04 09:56:55.237788+01:00,20.35,58.64,73.0,518.0,533.0,705.0,667.0,637.0,98.0
2020-02-10 12:38:15.847851+01:00,19.92,55.3,71.0,505.0,534.0,680.0,699.0,596.0,110.0
2020-02-10 14:12:40.904133+01:00,20.7,57.22,72.0,507.0,537.0,743.0,675.0,644.0,115.0
2020-01-25 20:36:17.369600+01:00,19.84,55.24,44.0,518.0,536.0,730.0,682.0,648.0,108.0
2020-01-30 06:09:37.958300+01:00,16.04,57.18,71.0,506.0,539.0,713.0,683.0,617.0,99.0
2020-02-06 01:26:16.834685+01:00,19.99,56.56,69.0,519.0,542.0,706.0,688.0,608.0,114.0
2020-01-31 07:28:14.868290+01:00,20.4,55.62,72.0,518.0,539.0,723.0,691.0,627.0,128.0
2020-02-08 22:10:35.658036+01:00,19.96,57.24,73.0,505.0,535.0,722.0,691.0,621.0,118.0
2020-01-30 23:16:38.413744+01:00,20.3,55.31,68.0,498.0,532.0,713.0,662.0,632.0,163.0
2020-02-01 04:49:16.914445+01:00,20.0,57.58,44.0,509.0,586.0,705.0,688.0,651.0,94.0
2020-02-10 15:33:35.669944+01:00,21.98,57.77,73.0,511.0,532.0,757.0,669.0,642.0,109.0
2020-01-28 01:01:38.163889+01:00,20.25,55.53,71.0,518.0,535.0,707.0,692.0,621.0,113.0
2020-02-10 06:27:37.38792908+01:00,20.0,58.54,45.0,523.0,528.0,716.0,681.0,613.0,93.0
2020-01-30 02:50:01.349712+01:00,20.1,59.97,70.0,502.0,538.0,729.0,668.0,638.0,85.0
2020-02-08 14:29:14.527081+01:00,20.2,57.97,72.0,503.0,587.0,713.0,679.0,619.0,114.0
2020-01-29 06:48:15.637690+01:00,20.22,57.4,63.0,521.0,559.0,747.0,677.0,645.0,105.0
2020-01-29 01:22:15.184469+01:00,20.05,57.62,48.0,524.0,538.0,740.0,678.0,628.0,93.0
2020-02-11 09:46:17.187527+01:00,20.35,59.58,44.0,524.0,524.0,714.0,677.0,621.0,155.0
2020-01-31 10:39:56.82786+01:00,20.16,56.26,73.0,497.0,537.0,714.0,690.0,629.0,167.0
2020-01-29 08:25:37.261497+01:00,20.32,53.54,50.0,519.0,541.0,713.0,663.0,643.0,116.0
2020-02-11 06:15:16.292669+01:00,23.23,58.64,71.0,502.0,534.0,721.0,669.0,616.0,95.0
2020-01-29 02:04:35.929578+01:00,20.08,55.05,42.0,521.0,559.0,726.0,715.0,636.0,116.0
2020-02-07 18:28:16.084278+01:00,20.32,54.52,70.0,521.0,536.0,723.0,681.0,624.0,94.0
2020-02-05 06:35:20.127771+01:00,20.92,51.61,44.0,523.0,538.0,714.0,671.0,651.0,99.0
2020-02-09 06:53:16.148067+01:00,20.2,57.94,50.0,524.0,534.0,707.0,665.0,636.0,95.0
2020-01-26 07:20:55.167741+01:00,19.96,54.42,74.0,509.0,584.0,749.0,691.0,699.0,113.0
2020-02-09 07:41:14.908773+01:00,20.08,58.99,46.0,502.0,539.0,725.0,659.0,622.0,114.0
2020-02-04 18:01:34.848380+01:00,19.65,55.52,68.0,518.0,537.0,742.0,678.0,629.0,118.0
2020-02-09 12:50:15.302922+01:00,20.22,57.91,55.0,518.0,535.0,751.0,665.0,632.0,102.0
2020-01-30 02:20:39.411888+01:00,20.08,57.6,45.0,523.0,541.0,716.0,689.0,624.0,102.0
2020-02-09 11:48:08.151538+01:00,19.96,55.54,69.0,500.0,554.0,747.0,659.0,659.0,92.0
2020-02-08 08:46:15.012825+01:00,19.78,53.66,69.0,498.0,541.0,716.0,677.0,649.0,109.0
2020-02-01 14:50:34.73496+01:00,22.1,59.74,73.0,520.0,532.0,717.0,671.0,644.0,112.0
2020-01-26 15:10:16.684744+01:00,20.44,57.4,70.0,500.0,539.0,714.0,663.0,653.0,103.0
2020-01-25 17:26:39.423613+01:00,20.4,58.43,61.0,498.0,536.0,746.0,692.0,639.0,123.0
2020-02-01 02:41:57.166791+01:00,20.2,59.98,42.0,524.0,537.0,707.0,659.0,626.0,86.0
2020-02-08 04:02:17.76497+01:00,20.12,57.0,71.0,519.0,542.0,743.0,665.0,619.0,104.0
2020-01-31 20:54:56.639804+01:00,20.1,56.23,72.0,524.0,523.0,706.0,693.0,604.0,110.0
2020-02-09 17:23:30.957339+01:00,20.1,57.64,71.0,519.0,538.0,716.0,691.0,626.0,103.0
2020-02-08 17:43:08.448091+01:00,20.3,58.0,69.0,502.0,543.0,746.0,694.0,621.0,113.0
2020-02-11 20:01:36.911835+01:00,20.54,58.04,71.0,503.0,538.0,741.0,707.0,655.0,100.0
2020-01-30 02:37:39.11761+01:00,20.13,57.9,72.0,507.0,533.0,713.0,665.0,664.0,155.0
2020-01-27 21:13:35.242735+01:00,19.4,56.61,69.0,502.0,521.0,747.0,671.0,623.0,125.0
2020-01-25 20:07:55.057748+01:00,20.54,59.67,68.0,501.0,584.0,757.0,709.0,641.0,93.0
2020-02-10 23:57:55.351433+01:00,20.24,58.46,43.0,503.0,555.0,727.0,657.0,631.0,112.0
2020-01-27 01:14:49.71580+01:00,20.7,54.1,77.0,519.0,532.0,713.0,672.0,653.0,107.0
2020-01-31 14:15:36.958665+01:00,19.56,55.64,67.0,506.0,535.0,713.0,692.0,641.0,92.0
2020-02-12 23:09:37.914464+01:00,19.77,55.9,71.0,518.0,534.0,711.0,689.0,659.0,127.0
2020-01-26 09:13:34.687842+01:00,20.23,55.74,73.0,497.0,536.0,716.0,688.0,644.0,112.0
2020-01-25 04:29:16.181608+01:00,20.12,55.31,73.0,502.0,532.0,744.0,691.0,660.0,89.0
2020-02-05 12:14:17.669045+01:00,21.99,55.12,52.0,503.0,535.0,727.0,697.0,585.0,116.0
2020-01-26 18:27:55.778038+01:00,20.32,56.54,118.0,503.0,546.0,717.0,689.0,654.0,107.0
2020-02-08 07:34:38.844007+01:00,20.3,59.61,43.0,506.0,528.0,728.0,669.0,629.0,128.0
2020-02-11 21:26:14.734785+01:00,20.21,55.4,42.0,504.0,537.0,756.0,645.0,646.0,155.0
2020-02-08 05:05:42.011731+01:00,20.2,55.7,48.0,523.0,537.0,742.0,677.0,701.0,92.0
2020-01-27 02:12:17.247836+01:00,20.8,55.56,69.0,505.0,545.0,723.0,692.0,620.0,120.0
2020-01-25 15:08:17.661661+01:00,20.34,58.36,112.0,499.0,528.0,710.0,671.0,634.0,156.0
2020-02-02 12:56:17.9088+01:00,20.42,54.97,47.0,506.0,537.0,705.0,665.0,615.0,101.0
2020-02-01 01:30:39.881497+01:00,20.1,58.01,68.0,498.0,532.0,716.0,690.0,632.0,121.0
2020-02-09 21:30:56.849673+01:00,20.0,54.91,47.0,521.0,537.0,707.0,668.0,618.0,169.0
2020-02-08 01:34:14.958262+01:00,19.89,58.4,69.0,514.0,538.0,743.0,699.0,643.0,155.0
2020-02-07 05:30:35.860154+01:00,20.4,57.48,70.0,519.0,544.0,698.0,678.0,622.0,99.0
2020-01-27 21:05:35.898177+01:00,20.25,55.66,50.0,501.0,538.0,712.0,708.0,646.0,131.0
2020-02-05 23:49:07.64141141+01:00,20.18,56.9,72.0,503.0,546.0,714.0,714.0,617.0,104.0
2020-02-07 03:47:26.838345+01:00,20.32,56.67,71.0,506.0,534.0,709.0,689.0,624.0,103.0
2020-02-02 01:54:35.965980+01:00,20.32,57.08,49.0,523.0,533.0,743.0,661.0,634.0,93.0
2020-02-09 21:28:36.811869+01:00,19.43,57.1,63.0,497.0,536.0,707.0,585.0,642.0,116.0
2020-02-06 20:03:56.739073+01:00,19.66,57.5,66.0,510.0,537.0,711.0,690.0,645.0,103.0
2020-02-10 01:01:15.459517+01:00,20.3,58.32,73.0,522.0,537.0,719.0,662.0,651.0,113.0
2020-02-09 08:08:15.908470+01:00,20.8,56.67,58.0,508.0,521.0,755.0,661.0,651.0,94.0
2020-01-29 17:25:55.996976+01:00,19.98,55.1,70.0,502.0,525.0,706.0,657.0,639.0,111.0
2020-02-09 17:26:09.668079+01:00,20.02,54.58,74.0,511.0,536.0,751.0,661.0,633.0,116.0
2020-02-05 07:57:59.878662+01:00,21.1,56.56,75.0,498.0,524.0,743.0,692.0,688.0,110.0
2020-01-29 03:25:49.452978+01:00,20.19,58.16,72.0,506.0,534.0,717.0,694.0,634.0,104.0
2020-02-07 01:05:58.242592+01:00,21.02,57.9,72.0,509.0,541.0,745.0,672.0,591.0,111.0
2020-02-07 15:46:14.834176+01:00,21.4,57.93,42.0,523.0,551.0,745.0,716.0,651.0,96.0
2020-01-28 06:56:55.8118+01:00,20.09,57.48,67.0,506.0,529.0,724.0,659.0,612.0,128.0
2020-02-09 03:27:21.777927+01:00,20.8,56.04,69.0,501.0,547.0,749.0,660.0,609.0,111.0
2020-01-29 21:17:55.272877+01:00,20.37,54.82,71.0,509.0,533.0,713.0,654.0,617.0,112.0
2020-01-29 20:38:16.762700+01:00,19.86,56.9,69.0,522.0,534.0,743.0,699.0,644.0,115.0
2020-01-27 09:16:49.646790+01:00,20.45,56.64,72.0,506.0,535.0,714.0,691.0,624.0,124.0
2020-01-28 04:39:58.182915+01:00,20.18,54.08,74.0,520.0,541.0,750.0,712.0,625.0,94.0
2020-01-25 12:02:08.289501+01:00,19.99,55.2,66.0,518.0,532.0,724.0,662.0,615.0,114.0
2020-02-06 09:45:28.236982+01:00,20.18,54.88,72.0,506.0,593.0,716.0,691.0,649.0,163.0
2020-02-09 23:55:39.656088+01:00,17.18,55.56,42.0,511.0,533.0,717.0,639.0,618.0,94.0
2020-01-29 18:26:57.845151+01:00,20.4,55.1,71.0,517.0,537.0,745.0,678.0,618.0,117.0
2020-02-13 19:44:10.2878+01:00,23.99,54.56,69.0,501.0,532.0,713.0,718.0,624.0,101.0
2020-02-13 07:43:58.071832+01:00,20.15,55.18,121.0,524.0,538.0,719.0,644.0,628.0,116.0
2020-02-08 20:01:40.838787+01:00,20.34,58.54,52.0,511.0,591.0,710.0,653.0,636.0,111.0
2020-01-26 02:05:17.205718+01:00,20.1,55.64,71.0,498.0,534.0,753.0,661.0,648.0,110.0
2020-01-27 01:39:19.808066+01:00,20.67,59.58,120.0,518.0,533.0,713.0,691.0,616.0,84.0
2020-01-29 01:55:16.96496+01:00,20.11,54.32,71.0,523.0,534.0,744.0,684.0,605.0,113.0
2020-02-08 20:13:42.016450+01:00,20.43,57.38,44.0,524.0,539.0,713.0,688.0,637.0,103.0
2020-02-08 06:49:15.564832+01:00,20.16,59.72,74.0,506.0,522.0,721.0,690.0,641.0,100.0
2020-01-27 12:09:15.587831+01:00,20.18,58.48,47.0,523.0,535.0,719.0,658.0,619.0,95.0
2020-02-12 21:10:39.637879+01:00,20.88,60.54,49.0,509.0,534.0,717.0,678.0,644.0,101.0
2020-01-28 11:26:56.184582+01:00,20.17,57.52,69.0,522.0,539.0,714.0,671.0,617.0,116.0
2020-02-09 21:43:14.923953+01:00,19.92,57.64,75.0,518.0,534.0,719.0,691.0,589.0,99.0
2020-01-27 15:27:17.887944+01:00,20.08,57.5,72.0,505.0,541.0,712.0,687.0,611.0,94.0
2020-01-30 18:30:34.256488+01:00,20.29,54.42,47.0,523.0,536.0,745.0,685.0,599.0,95.0
2020-02-07 04:28:17.752318+01:00,20.0,55.84,72.0,501.0,554.0,716.0,671.0,629.0,173.0
2020-01-25 06:34:00.191368+01:00,20.46,57.13,63.0,505.0,534.0,743.0,676.0,624.0,95.0
2020-02-01 03:37:22.241552+01:00,20.25,55.26,61.0,503.0,519.0,721.0,693.0,639.0,102.0
2020-02-01 02:04:56.274067+01:00,20.14,59.18,77.0,511.0,536.0,743.0,675.0,625.0,113.0
2020-01-25 21:50:37.923563+01:00,20.5,55.62,52.0,519.0,527.0,751.0,661.0,619.0,122.0
2020-02-06 17:42:14.903305+01:00,20.06,56.74,75.0,501.0,534.0,721.0,690.0,612.0,105.0
2020-01-26 23:08:41.265541+01:00,20.01,58.94,41.0,523.0,526.0,714.0,691.0,644.0,95.0
2020-02-12 08:14:58.328318+01:00,20.0,55.25,63.0,523.0,538.0,727.0,677.0,638.0,84.0
2020-02-12 06:19:55.652711+01:00,20.16,55.23,52.0,523.0,534.0,751.0,669.0,621.0,121.0
2020-01-26 09:54:49.070107+01:00,21.22,58.57,77.0,523.0,534.0,731.0,715.0,624.0,94.0
2020-02-01 19:28:35.083,15.0,52.38,43.0,513.0,524.0,702.0,691.0,624.0,173.0
2020-02-10 09:15:34.183578+01:00,21.18,56.2,72.0,499.0,527.0,707.0,689.0,624.0,92.0
2020-02-11 14:53:29.711503+01:00,20.16,57.12,67.0,502.0,512.0,717.0,706.0,621.0,117.0
2020-01-30 01:27:15.079770+01:00,19.74,55.4,68.0,506.0,539.0,743.0,685.0,626.0,101.0
2020-02-06 02:48:35.127612+01:00,20.22,53.57,69.0,509.0,537.0,749.0,672.0,646.0,104.0
2020-02-11 06:43:15.737380+01:00,20.64,57.23,74.0,517.0,538.0,743.0,681.0,584.0,115.0
2020-02-01 09:29:14.845671+01:00,20.18,56.32,71.0,506.0,541.0,726.0,674.0,618.0,106.0
2020-02-01 11:28:15.715360+01:00,20.1,57.42,72.0,497.0,534.0,744.0,683.0,643.0,99.0
2020-01-31 08:36:58.306424+01:00,20.44,59.85,69.0,501.0,537.0,743.0,727.0,644.0,116.0
2020-02-08 15:02:56.092941+01:00,21.1,55.57,69.0,523.0,539.0,742.0,731.0,607.0,173.0
2020-02-01 09:10:56.838796+01:00,19.88,57.86,72.0,506.0,533.0,716.0,716.0,613.0,92.0
2020-01-27 05:27:14.947796+01:00,20.06,55.96,76.0,522.0,534.0,731.0,686.0,646.0,95.0
2020-01-26 21:21:18.879381+01:00,20.1,56.4,74.0,498.0,541.0,699.0,681.0,619.0,109.0
2020-01-28 05:27:31.281038+01:00,19.98,56.54,66.0,497.0,535.0,712.0,659.0,642.0,113.0
2020-01-31 15:52:56.187583+01:00,19.99,58.36,69.0,498.0,529.0,725.0,677.0,624.0,119.0
2020-02-08 05:46:56.202680+01:00,20.01,59.43,74.0,507.0,537.0,742.0,679.0,644.0,105.0
2020-02-09 12:29:56.276599+01:00,20.2,55.54,55.0,521.0,533.0,709.0,691.0,654.0,97.0
2020-01-25 07:41:35.273493+01:00,20.06,58.91,71.0,506.0,528.0,743.0,678.0,637.0,130.0
2020-02-08 04:37:52.882893+01:00,20.5,55.44,68.0,508.0,543.0,720.0,668.0,631.0,95.0
2020-01-27 12:14:56.843240+01:00,20.01,57.57,72.0,519.0,535.0,738.0,689.0,632.0,118.0
2020-01-29 01:15:30.922193+01:00,20.22,57.65,72.0,497.0,542.0,710.0,696.0,632.0,118.0
2020-02-07 02:22:16.162787+01:00,20.13,57.18,57.0,499.0,541.0,705.0,699.0,628.0,91.0
2020-02-05 02:05:56.023899+01:00,20.52,55.74,66.0,505.0,536.0,746.0,689.0,621.0,114.0
2020-02-08 01:38:50.048960+01:00,20.28,56.63,49.0,522.0,539.0,751.0,691.0,626.0,99.0
2020-02-07 14:57:16.948792+01:00,20.04,57.54,72.0,507.0,542.0,746.0,716.0,621.0,97.0
2020-02-06 12:40:12.255728+01:00,20.2,57.96,93.0,522.0,532.0,709.0,671.0,627.0,149.0
2020-02-01 07:43:01.106783+01:00,20.18,56.62,72.0,523.0,528.0,715.0,681.0,628.0,117.0
2020-02-01 12:12:37.857452+01:00,19.8,57.45,44.0,524.0,592.0,744.0,691.0,614.0,93.0
2020-01-26 05:24:56.049353+01:00,20.06,58.62,68.0,518.0,533.0,749.0,690.0,618.0,99.0
2020-01-26 23:54:35.810721+01:00,20.62,57.02,61.0,523.0,533.0,706.0,697.0,619.0,113.0
2020-02-06 02:15:20.365064+01:00,20.3,59.96,72.0,523.0,535.0,706.0,687.0,615.0,105.0
2020-01-29 23:57:20.131066+01:00,20.29,54.54,76.0,511.0,537.0,731.0,678.0,613.0,122.0
2020-01-31 03:45:54.079583+01:00,20.2,55.61,69.0,518.0,538.0,724.0,669.0,623.0,98.0
2020-02-06 00:48:20.744793+01:00,20.07,56.26,93.0,518.0,543.0,757.0,689.0,626.0,103.0
2020-02-07 08:08:17.849256+01:00,19.86,57.61,67.0,511.0,538.0,719.0,690.0,624.0,167.0
2020-01-31 12:33:38.052245+01:00,20.44,55.61,116.0,517.0,536.0,717.0,675.0,646.0,99.0
2020-02-05 10:02:14.641615+01:00,20.08,56.01,71.0,511.0,537.0,713.0,681.0,634.0,128.0
2020-02-11 14:58:15.74498+01:00,20.1,57.32,66.0,508.0,537.0,751.0,679.0,645.0,100.0
2020-02-12 10:55:37.816031+01:00,16.2,59.4,62.0,501.0,539.0,707.0,690.0,632.0,115.0
2020-01-29 17:02:09.274541+01:00,20.31,56.16,71.0,503.0,542.0,745.0,693.0,624.0,112.0
2020-02-06 09:22:55.816705+01:00,20.31,55.57,83.0,518.0,536.0,723.0,675.0,614.0,120.0
2020-01-25 10:38:16.932509+01:00,20.2,56.79,70.0,511.0,583.0,724.0,691.0,665.0,106.0
2020-01-30 17:55:14.04906+01:00,19.92,57.08,52.0,518.0,541.0,751.0,671.0,639.0,115.0
2020-01-29 18:26:15.884593+01:00,20.11,57.52,74.0,505.0,533.0,665.0,672.0,553.0,97.0
2020-01-26 20:41:38.947662+01:00,20.12,57.02,47.0,505.0,542.0,722.0,675.0,657.0,93.0
2020-02-07 09:12:19.981439+01:00,20.4,54.5,67.0,521.0,520.0,713.0,672.0,641.0,115.0
2020-02-09 15:51:36.813985+01:00,20.22,54.92,68.0,507.0,536.0,712.0,699.0,643.0,101.0
2020-02-08 01:53:59.9155+01:00,20.17,58.09,74.0,518.0,532.0,717.0,671.0,649.0,111.0
2020-01-27 17:36:58.906316+01:00,20.26,56.5,69.0,518.0,530.0,707.0,657.0,637.0,96.0
2020-02-02 09:34:37.08470+01:00,20.25,57.23,73.0,502.0,533.0,720.0,645.0,624.0,119.0
2020-02-01 13:04:14.638796+01:00,20.44,56.12,69.0,521.0,534.0,715.0,678.0,622.0,111.0
2020-02-08 11:46:10.125315+01:00,20.2,55.3,49.0,518.0,538.0,663.0,643.0,593.0,106.0
2020-02-02 01:20:49.629943+01:00,20.2,58.26,68.0,560.0,534.0,750.0,679.0,655.0,113.0
2020-02-08 02:26:16.935804+01:00,21.64,58.96,70.0,506.0,541.0,707.0,661.0,643.0,112.0
2020-02-02 13:21:56.715953+01:00,20.2,55.62,73.0,522.0,536.0,720.0,685.0,590.0,106.0
2020-02-07 17:15:14.185829+01:00,20.11,55.3,74.0,506.0,535.0,706.0,694.0,647.0,102.0
2020-02-09 11:14:56.652321+01:00,20.02,57.82,48.0,523.0,594.0,715.0,672.0,626.0,106.0
2020-01-28 01:51:57.147921+01:00,20.18,58.06,44.0,498.0,539.0,709.0,669.0,636.0,116.0
2020-02-01 20:17:56.829923+01:00,19.88,56.65,71.0,502.0,528.0,717.0,690.0,625.0,112.0
2020-01-25 19:17:35.756416+01:00,20.17,58.46,47.0,522.0,535.0,744.0,707.0,638.0,92.0
2020-02-08 11:30:15.203945+01:00,20.2,55.18,60.0,521.0,535.0,703.0,676.0,628.0,102.0
2020-02-11 20:46:02.86898+01:00,20.4,55.54,72.0,506.0,534.0,721.0,687.0,645.0,117.0
2020-02-01 12:58:34.676839+01:00,15.0,58.48,56.0,503.0,582.0,725.0,729.0,616.0,112.0
2020-01-29 00:39:54.813443+01:00,20.38,55.66,71.0,500.0,543.0,726.0,671.0,618.0,94.0
2020-01-26 06:39:14.88881788+01:00,19.84,59.96,72.0,501.0,539.0,719.0,679.0,615.0,114.0
2020-01-27 16:09:34.928989+01:00,20.1,57.29,73.0,509.0,534.0,706.0,688.0,617.0,127.0
2020-02-09 16:12:15.094840+01:00,20.54,59.54,69.0,501.0,536.0,721.0,665.0,589.0,110.0
2020-02-05 06:15:01.165068+01:00,20.2,56.43,74.0,509.0,537.0,713.0,675.0,631.0,160.0
2020-02-01 13:53:55.857224+01:00,20.18,54.34,70.0,502.0,479.0,720.0,659.0,644.0,112.0
2020-02-05 11:01:55.063316+01:00,20.52,54.54,50.0,519.0,536.0,719.0,690.0,656.0,103.0
2020-02-13 01:29:34.182793+01:00,20.21,58.94,73.0,503.0,532.0,736.0,679.0,621.0,100.0
2020-02-12 02:12:14.814832+01:00,20.23,58.7,69.0,518.0,518.0,720.0,686.0,613.0,112.0
2020-01-27 06:52:15.711745+01:00,20.32,55.3,52.0,521.0,535.0,733.0,673.0,634.0,98.0
2020-01-27 05:21:15.729414+01:00,20.08,55.52,67.0,506.0,538.0,744.0,691.0,619.0,114.0
2020-01-25 23:38:55.153920+01:00,20.1,59.54,70.0,501.0,535.0,734.0,694.0,654.0,102.0
2020-02-06 21:30:59.746164+01:00,20.46,58.54,43.0,523.0,546.0,727.0,726.0,624.0,103.0
2020-01-29 19:38:56.751888+01:00,20.58,55.01,73.0,504.0,582.0,710.0,663.0,616.0,116.0
2020-02-01 05:33:35.639796+01:00,21.64,53.74,66.0,506.0,532.0,715.0,687.0,619.0,130.0
2020-02-12 05:41:36.232880+01:00,20.23,58.4,49.0,518.0,536.0,693.0,655.0,629.0,122.0
2020-02-08 20:07:56.154476+01:00,20.4,58.4,54.0,506.0,532.0,712.0,645.0,591.0,123.0
2020-02-08 09:50:57.571553+01:00,20.08,57.32,74.0,512.0,532.0,723.0,694.0,624.0,104.0
2020-02-07 20:41:36.411850+01:00,20.41,56.26,74.0,511.0,532.0,689.0,691.0,643.0,156.0
2020-02-09 18:59:33.671741+01:00,20.11,58.12,44.0,511.0,533.0,714.0,667.0,612.0,100.0
2020-01-27 13:20:56.367597+01:00,22.1,56.6,70.0,502.0,539.0,715.0,687.0,628.0,154.0
2020-01-27 04:52:35.988750+01:00,20.04,57.96,52.0,506.0,533.0,744.0,746.0,651.0,85.0
2020-01-29 21:52:37.906641+01:00,20.1,58.64,63.0,507.0,532.0,697.0,663.0,519.0,124.0
2020-01-29 00:55:17.864088+01:00,20.11,54.97,74.0,507.0,542.0,742.0,663.0,643.0,117.0
2020-01-26 00:06:54.451322+01:00,19.9,58.72,71.0,498.0,539.0,696.0,693.0,598.0,92.0
2020-01-30 23:59:36.2926+01:00,19.2,57.1,71.0,521.0,539.0,704.0,672.0,613.0,110.0
2020-02-07 17:16:32.923953+01:00,20.43,57.4,69.0,519.0,534.0,750.0,685.0,631.0,128.0
2020-02-12 10:49:15.455065+01:00,20.2,58.64,68.0,501.0,552.0,715.0,688.0,634.0,125.0
2020-01-28 03:20:17.073284+01:00,19.32,54.82,74.0,523.0,537.0,751.0,672.0,618.0,109.0
2020-02-05 13:22:00.711458+01:00,20.16,58.8,72.0,523.0,534.0,716.0,674.0,643.0,156.0
2020-02-10 16:39:34.718690+01:00,20.04,59.34,72.0,518.0,542.0,715.0,679.0,621.0,118.0
2020-01-29 03:52:50.362389+01:00,20.18,58.61,45.0,501.0,535.0,723.0,658.0,634.0,160.0
2020-02-12 03:38:00.964372+01:00,18.96,58.67,69.0,518.0,535.0,747.0,666.0,613.0,92.0
2020-01-31 20:39:58.186051+01:00,20.18,58.12,71.0,513.0,547.0,746.0,672.0,643.0,119.0
2020-01-31 14:36:38.755083+01:00,19.98,55.61,74.0,503.0,547.0,706.0,693.0,632.0,99.0
2020-02-12 07:47:15.965796+01:00,20.06,57.91,68.0,506.0,533.0,713.0,679.0,624.0,121.0
2020-02-12 15:39:54.934650+01:00,19.84,58.18,72.0,518.0,537.0,732.0,681.0,616.0,129.0
2020-02-12 09:33:22.038517+01:00,20.01,47.62,68.0,503.0,553.0,744.0,679.0,644.0,121.0
2020-02-06 01:07:16.287771+01:00,20.16,59.58,69.0,516.0,551.0,752.0,687.0,599.0,94.0
2020-01-26 12:15:39.890491+01:00,20.2,57.2,65.0,500.0,543.0,720.0,645.0,629.0,100.0
2020-01-29 13:42:16.556841+01:00,20.25,58.84,72.0,499.0,539.0,740.0,677.0,639.0,107.0
2020-02-06 10:07:58.352065+01:00,22.18,56.41,74.0,511.0,532.0,716.0,674.0,649.0,108.0
2020-01-28 02:11:55.048938+01:00,19.97,57.65,68.0,521.0,535.0,708.0,712.0,627.0,106.0
2020-01-31 18:53:10.749288+01:00,21.88,55.56,69.0,504.0,588.0,719.0,691.0,624.0,113.0
2020-01-29 02:24:17.711773+01:00,21.09,57.46,73.0,502.0,536.0,717.0,676.0,651.0,105.0
2020-02-12 01:34:37.122614+01:00,20.02,56.8,72.0,506.0,538.0,716.0,678.0,651.0,101.0
2020-01-29 12:25:46.0790629+01:00,20.04,57.54,69.0,523.0,533.0,697.0,649.0,644.0,119.0
2020-01-31 12:30:16.591464+01:00,18.1,54.5,70.0,505.0,538.0,729.0,578.0,633.0,101.0
