Cement,Blast Furnace Slag,Fly Ash,Water,Superplasticizer,Coarse Aggregate,Fine Aggregate,Age,Concrete compressive strength 
380.0,0.0,0.0,228.0,0.0,968.0,801.0,28.0,33.48883
173.08,0.0,118.34,159.59,8.33,1057.8,856.91,28.0,36.56291
427.0,0.0,0.0,187.0,0.0,932.0,794.0,28.0,10.53519
236.0,0.0,97.5,196.0,12.8,932.0,875.0,100.0,52.90832
213.0,0.0,0.0,200.0,7.0,966.0,801.0,7.0,43.73346
500.0,0.0,0.0,174.0,0.0,932.0,784.0,28.0,61.23236
331.0,200.0,0.0,192.0,0.0,1061.0,752.0,28.0,34.68064
333.0,0.0,97.0,185.0,3.52,901.0,889.0,90.0,46.38795
362.0,0.0,0.0,192.0,0.0,966.0,863.0,28.0,32.66048
255.0,24.0,0.0,187.0,5.0,942.1,803.1,3.0,61.88737
173.0,0.0,0.0,158.0,4.0,1088.0,794.0,28.0,26.92266
382.3,0.0,0.0,185.0,0.0,972.3,756.9,28.0,62.501
350.0,0.0,0.0,168.0,0.0,958.0,785.0,7.0,49.24927
250.0,0.0,0.0,192.0,0.0,1055.7,803.3,28.0,13.71368
246.0,0.0,0.0,162.0,0.0,944.0,613.0,28.0,6.26734
425.0,0.0,0.0,185.0,0.0,874.0,613.0,28.0,59.76378
350.4,0.0,111.0,162.8,3.91,959.0,852.8,7.0,40.71356
218.46,141.6,124.31,159.63,8.72,1079.7,783.69,28.0,9.7354
178.0,0.0,0.0,167.0,11.0,952.0,757.0,28.0,52.5167
236.0,187.0,0.0,185.0,0.0,967.0,852.0,7.0,25.37272
305.0,0.0,0.0,190.0,0.0,1130.0,852.0,28.0,21.75297
469.0,0.0,0.0,201.0,0.0,1047.0,775.0,7.0,64.90038
229.0,181.0,0.0,195.0,9.75,844.0,752.0,180.0,44.27815
200.0,0.0,100.0,192.0,0.0,1028.0,852.0,3.0,10.73031
203.08,0.0,0.0,0.0,0.0,941.74,800.0,7.0,32.10269
475.0,0.0,118.6,162.8,1.59,945.8,825.8,56.0,48.284
349.0,0.0,0.0,185.0,0.0,968.0,801.0,28.0,33.39822
380.0,0.0,0.0,162.5,0.0,1088.6,613.8,28.0,51.25565
190.04,125.0,0.0,158.35,11.27,978.09,869.19,28.0,56.74387
500.0,0.0,0.0,192.0,0.0,967.1,852.6,28.0,9.30793
425.0,0.0,0.0,170.0,9.0,942.0,755.0,7.0,25.89396
312.0,0.0,0.0,201.0,0.0,957.0,744.0,28.0,29.06831
475.0,154.1,0.0,192.0,0.0,968.4,822.4,7.0,38.56239
212.0,0.0,125.8,158.0,8.0,1090.0,806.9,28.0,59.09499
252.5,141.5,0.0,170.5,8.9,1006.0,744.3,3.0,30.27558
295.0,0.0,0.0,165.0,0.0,1065.0,693.0,3.0,44.2092
141.18,0.0,98.84,164.11,11.74,1006.1,804.37,14.0,41.83671
275.0,189.0,0.0,200.0,11.5,945.7,804.7,28.0,35.31427
213.0,181.0,0.0,170.0,6.0,887.0,896.0,3.0,35.22533
213.0,0.0,0.0,192.0,9.85,940.0,780.0,28.0,41.6802
362.8,0.0,0.0,159.9,0.0,1022.9,852.7,28.0,15.06998
255.0,0.0,0.0,185.0,10.0,1006.0,774.0,28.0,24.29093
427.0,0.0,0.0,228.0,0.0,948.0,754.0,28.0,71.29871
173.0,0.0,125.0,182.0,12.0,1069.0,709.0,28.0,17.54027
349.0,0.0,0.0,228.0,0.0,959.0,845.0,28.0,24.09719
425.0,0.0,0.0,165.0,12.61,998.0,784.0,3.0,60.32226
427.0,0.0,0.0,188.0,0.0,794.0,781.0,7.0,15.34084
389.0,0.0,0.0,193.0,0.0,942.0,755.0,3.0,21.85915
310.0,0.0,0.0,185.0,0.0,976.0,880.0,56.0,73.29819
342.0,0.0,136.0,187.0,0.0,932.0,805.0,28.0,24.42813
218.0,0.0,0.0,155.0,0.0,852.0,801.0,56.0,55.50971
238.0,0.0,0.0,154.0,0.0,932.0,594.0,28.0,17.22311
387.2,0.0,0.0,172.0,0.0,966.0,749.0,90.0,37.91704
164.62,0.0,79.66,185.9,11.81,1056.0,769.6,14.0,33.6878
218.0,185.0,0.0,203.0,0.0,852.0,759.0,3.0,17.16588
251.0,0.0,0.0,178.0,0.0,932.0,755.0,28.0,12.17615
218.0,0.0,142.0,154.0,10.0,938.0,880.0,90.0,7.31534
380.0,0.0,0.0,228.0,0.0,852.0,613.0,28.0,13.66404
375.0,0.0,0.0,192.0,4.68,1069.0,613.0,28.0,39.09329
310.6,0.0,0.0,228.3,0.0,852.3,845.1,28.0,42.79578
304.0,0.0,0.0,198.0,0.0,1026.0,812.0,90.0,41.63746
200.0,0.0,0.0,192.0,0.0,801.0,852.0,28.0,29.97842
525.0,0.0,0.0,203.5,4.9,1065.4,845.4,28.0,37.91429
540.0,0.0,100.0,159.0,9.0,1085.0,763.0,28.0,8.5364
214.0,0.0,0.0,153.0,0.0,852.0,806.0,3.0,29.97842
250.9,0.0,0.0,159.59,0.0,932.9,755.52,14.0,41.36856
251.0,0.0,0.0,192.0,0.0,967.0,899.0,3.0,56.06129
446.0,0.0,0.0,187.0,0.0,942.0,806.0,28.0,72.09851
385.0,0.0,0.0,192.0,0.0,936.0,785.0,28.0,17.57612
251.0,0.0,0.0,192.0,8.0,856.0,852.0,28.0,33.39822
446.0,0.0,0.0,192.0,0.0,978.0,789.0,28.0,6.46728
133.5,0.0,0.0,203.3,6.3,852.5,779.1,28.0,36.43881
380.0,0.0,0.0,203.7,0.0,974.0,715.9,28.0,63.39732
136.0,0.0,94.0,159.0,7.0,947.0,755.0,28.0,11.16951
349.0,0.0,0.0,157.0,0.0,869.0,765.0,7.0,51.25565
157.0,0.0,0.0,192.0,0.0,968.0,852.0,3.0,39.00464
212.6,0.0,0.0,159.2,0.0,870.6,775.4,14.0,26.14493
540.6,0.0,0.0,192.0,8.47,852.0,748.6,28.0,59.76378
298.9,0.0,95.7,161.7,14.6,819.6,613.8,28.0,48.284
569.8,0.0,100.0,170.0,3.91,947.9,712.9,3.0,30.95747
380.4,0.0,0.0,174.0,0.0,860.2,756.4,365.0,52.42638
141.0,0.0,0.0,167.0,0.0,938.0,755.0,28.0,38.46104
0.0,0.0,0.0,153.0,0.0,822.0,830.0,28.0,55.06431
382.0,0.0,0.0,192.0,0.0,895.0,678.0,28.0,23.34566
153.0,187.0,0.0,193.0,0.0,1026.0,765.0,28.0,38.11423
290.0,0.0,0.0,181.0,0.0,967.0,756.0,3.0,17.83674
339.0,0.0,0.0,228.0,0.0,852.0,692.0,100.0,21.91155
376.0,0.0,0.0,186.0,0.0,932.0,694.0,28.0,25.55956
252.0,0.0,0.0,162.0,0.0,861.0,885.0,180.0,22.43555
375.0,0.0,0.0,228.0,11.1,944.4,853.4,28.0,18.12632
228.4,0.0,0.0,154.9,0.0,1043.8,746.8,28.0,18.91233
305.0,0.0,0.0,192.0,0.0,801.0,779.0,28.0,12.73462
387.0,203.0,0.0,185.0,0.0,968.0,809.0,28.0,20.87044
425.0,0.0,0.0,192.0,0.0,816.8,852.7,28.0,40.56877
375.0,0.0,0.0,228.0,0.0,1028.0,755.0,3.0,32.95695
153.8,0.0,0.0,173.9,0.0,932.3,895.1,28.0,4.78221
380.6,0.0,0.0,174.9,0.0,944.3,699.7,28.0,30.88163
359.0,0.0,95.0,173.31,16.6,931.0,1.61,28.0,52.82696
251.0,0.0,0.0,175.0,8.0,959.2,794.9,56.0,47.22221
212.04,0.0,98.01,166.38,5.64,1056.4,790.3,14.0,12.45194
310.4,0.0,0.0,174.6,0.0,978.0,789.2,28.0,56.09577
251.0,0.0,0.0,228.0,0.0,853.0,782.0,7.0,12.45952
349.0,0.0,0.0,180.6,0.0,942.7,781.7,28.0,71.62277
387.0,0.0,0.0,145.0,0.0,933.0,852.0,28.0,35.31427
214.0,0.0,0.0,192.0,0.0,938.0,813.0,365.0,41.0514
342.4,0.0,0.0,178.7,9.2,967.4,967.1,28.0,55.45455
213.0,0.0,0.0,192.0,0.0,912.0,789.0,56.0,25.46097
313.7,0.0,0.0,155.9,3.9,968.7,825.4,3.0,56.39914
238.0,28.0,86.0,203.0,10.0,965.0,781.0,28.0,17.99532
376.0,0.0,0.0,184.0,6.0,1085.0,753.0,28.0,33.79811
318.0,0.0,0.0,200.0,0.0,967.0,845.0,100.0,29.8681
350.0,0.0,0.0,162.0,0.0,882.0,823.0,28.0,46.38795
252.0,0.0,0.0,192.0,0.0,1028.0,763.0,7.0,8.53571
213.0,0.0,0.0,170.0,6.0,967.0,613.0,28.0,12.47262
391.0,0.0,0.0,203.0,0.0,1005.0,801.0,7.0,33.72917
295.0,0.0,0.0,228.0,0.0,852.0,792.0,28.0,55.15808
376.0,0.0,0.0,174.0,0.0,880.0,794.0,28.0,65.19685
446.0,102.0,0.0,183.0,6.0,938.0,805.0,28.0,71.29871
313.7,0.0,118.9,175.9,0.0,1023.8,750.0,28.0,66.94812
322.0,189.0,0.0,159.0,10.6,867.0,750.3,28.0,31.35047
153.3,0.0,0.0,162.3,0.0,1006.1,776.4,28.0,36.9697
349.0,0.0,117.7,161.5,0.0,852.7,785.4,3.0,22.13907
251.0,142.0,0.0,155.0,0.0,967.0,763.0,28.0,41.36856
238.0,185.0,0.0,170.0,0.0,932.0,745.0,28.0,61.23581
153.4,163.8,0.0,228.0,8.9,936.4,756.9,56.0,23.6966
446.0,0.0,0.0,200.0,0.0,845.0,825.0,100.0,52.00717
238.0,0.0,0.0,192.0,0.0,987.0,759.0,28.0,17.95396
252.9,189.0,0.0,173.7,0.0,922.1,755.9,28.0,24.40469
213.539,0.0,0.0,228.0,8.86,968.0,844.0,28.0,77.29715
446.0,0.0,0.0,192.0,0.0,1047.0,613.0,7.0,60.94968
475.0,0.0,0.0,174.0,1.6,885.0,756.0,28.0,9.69472
190.0,0.0,0.0,155.0,5.0,946.0,774.0,7.0,17.54027
228.0,250.0,0.0,203.0,0.0,1040.0,779.0,3.0,38.40795
375.0,0.0,0.0,186.0,0.0,852.0,810.0,28.0,57.91598
491.0,0.0,0.0,192.0,0.0,937.0,869.0,7.0,6.28044
218.0,0.0,0.0,192.0,7.0,858.0,795.0,28.0,58.79851
212.7,213.4,0.0,192.0,0.0,1012.9,712.7,28.0,38.99676
381.3,0.0,0.0,192.0,0.0,942.7,812.2,28.0,35.34254
387.0,0.0,0.0,185.0,0.0,931.0,780.0,7.0,15.04437
255.0,0.0,0.0,192.0,0.0,932.0,853.0,28.0,32.03995
212.0,0.0,0.0,185.6,11.0,1061.7,817.0,28.0,45.83636
190.5,141.7,0.0,191.1,7.9,932.6,888.3,7.0,43.377
153.4,0.0,0.0,186.0,0.0,932.1,670.8,28.0,52.12439
323.0,0.0,117.0,164.0,11.0,944.0,880.0,3.0,17.54027
339.0,0.0,0.0,192.0,0.0,932.0,852.0,3.0,39.58282
332.0,0.0,0.0,189.0,0.0,932.0,746.0,14.0,31.53663
237.0,0.0,0.0,192.0,0.0,932.0,613.0,28.0,23.52423
310.6,0.0,124.5,175.3,9.3,903.3,794.5,14.0,17.54027
380.0,0.0,0.0,192.0,0.0,1040.0,613.0,28.0,25.68988
376.0,0.0,0.0,192.0,0.0,958.0,785.0,28.0,9.56165
277.0,0.0,0.0,188.0,0.0,880.0,807.0,90.0,67.69965
349.0,0.0,0.0,201.0,0.0,854.0,803.0,3.0,20.08444
387.0,0.0,0.0,187.0,0.0,942.4,755.0,365.0,33.71538
203.7,0.0,121.8,185.0,0.0,801.6,903.8,28.0,23.63918
375.0,0.0,0.0,192.0,0.0,875.0,825.0,3.0,25.11663
296.0,0.0,112.0,158.0,6.0,932.0,744.0,3.0,33.39822
141.5,0.0,0.0,203.6,0.0,942.6,781.4,28.0,38.20387
213.0,0.0,0.0,185.3,18.7,952.7,761.7,14.0,42.22903
183.7,183.0,0.0,157.8,0.0,936.8,762.8,28.0,64.90038
385.0,189.0,0.0,185.0,0.0,856.0,760.0,28.0,21.29102
349.0,0.0,0.0,185.0,8.0,936.0,889.0,28.0,19.93275
362.0,0.0,100.0,166.0,0.0,1026.0,774.0,7.0,25.46097
339.0,0.0,0.0,192.0,10.9,852.4,753.4,28.0,27.87483
425.0,0.0,0.0,170.6,16.1,1002.7,829.1,28.0,27.92378
166.0,0.0,0.0,185.0,0.0,977.0,699.0,14.0,44.5236
218.0,0.0,0.0,200.0,0.0,968.0,717.0,56.0,43.57833
252.0,0.0,0.0,192.0,0.0,1088.8,699.8,28.0,24.00066
164.5,173.61,0.0,193.35,11.69,938.4,793.05,100.0,54.89608
251.68,0.0,118.68,154.77,7.37,1069.0,683.61,100.0,24.53845
266.5,0.0,0.0,153.0,11.8,947.4,755.6,28.0,15.06998
331.0,0.0,0.0,192.0,0.0,1070.0,759.0,3.0,21.17932
313.0,0.0,0.0,203.0,0.0,895.0,712.0,28.0,48.153
190.0,0.0,0.0,228.0,4.0,938.0,821.0,28.0,32.62669
394.7,236.46,0.0,197.37,11.74,1079.4,801.7,28.0,42.34762
313.0,0.0,0.0,228.0,0.0,801.0,670.0,28.0,15.36153
192.0,0.0,0.0,185.0,0.0,944.0,879.0,28.0,21.53923
153.3,0.0,117.8,192.0,0.0,1084.4,789.0,3.0,30.44726
304.0,0.0,0.0,203.0,0.0,872.0,847.0,28.0,65.19685
213.0,0.0,0.0,228.0,0.0,1059.0,614.0,90.0,21.91155
166.0,181.0,0.0,192.0,11.77,936.0,746.0,3.0,41.94083
250.0,0.0,0.0,185.0,0.0,968.0,781.0,28.0,11.46599
133.8,97.1,0.0,189.0,0.0,1022.1,763.8,28.0,6.80858
376.0,0.0,0.0,192.0,7.0,935.0,754.0,28.0,52.82696
313.0,0.0,0.0,193.0,0.0,845.0,842.0,28.0,37.91429
362.7,0.0,94.9,203.7,9.9,1047.7,829.6,28.0,55.89582
167.0,0.0,0.0,185.0,8.0,887.8,757.8,3.0,17.54027
540.0,0.0,0.0,192.0,0.0,968.0,746.8,56.0,19.69143
313.1,0.0,118.4,173.8,9.8,961.9,852.4,28.0,34.77027
475.0,0.0,121.0,185.0,0.0,932.0,712.0,56.0,77.29715
255.0,128.0,0.0,210.0,0.0,852.0,749.0,28.0,74.69783
425.0,0.0,0.0,193.0,0.0,1014.0,789.0,7.0,15.5201
277.4,189.0,0.0,161.9,11.6,934.1,846.2,56.0,59.79825
382.7,0.0,100.6,179.4,6.9,926.7,812.7,56.0,33.08795
362.0,0.0,0.0,192.0,0.0,1056.0,801.0,90.0,37.26618
427.6,0.0,0.0,228.6,8.7,978.1,887.3,28.0,4.82771
424.0,0.0,0.0,203.0,11.0,867.0,709.0,3.0,37.79707
236.0,0.0,0.0,186.0,0.0,944.9,844.0,28.0,68.49944
238.0,0.0,0.0,192.0,6.0,982.0,825.0,28.0,15.5201
350.0,0.0,0.0,185.0,7.5,1005.3,784.0,78.0,9.84966
389.3,173.0,0.0,190.0,0.0,936.8,694.3,3.0,38.21076
144.0,0.0,125.0,203.0,7.0,1085.0,867.0,180.0,31.17879
166.5,0.0,118.1,203.9,11.1,869.4,622.2,28.0,80.19985
380.0,0.0,0.0,192.0,6.0,957.0,890.0,270.0,67.11359
475.0,0.0,0.0,168.0,0.0,944.0,775.0,28.0,56.8473
333.9,0.0,0.0,228.9,0.0,887.1,613.9,7.0,33.6878
475.0,0.0,98.0,187.0,11.0,845.0,757.0,7.0,37.25928
349.0,0.0,0.0,203.0,0.0,968.1,755.0,28.0,53.90323
525.0,0.0,0.0,200.0,0.0,1069.8,887.01,3.0,17.34032
362.7,0.0,0.0,155.8,0.0,967.1,891.9,7.0,33.79811
250.0,0.0,0.0,192.0,0.0,941.0,732.0,28.0,30.38521
158.2,0.0,0.0,159.8,0.0,939.7,787.1,28.0,39.32151
500.0,0.0,0.0,200.0,0.0,1003.0,775.0,91.0,52.5036
251.0,0.0,0.0,166.0,0.0,982.0,805.0,7.0,42.21662
362.8,106.3,0.0,144.6,10.2,942.1,594.6,3.0,30.27558
310.0,228.0,0.0,157.9,0.0,1058.4,825.9,28.0,36.93523
375.0,0.0,0.0,185.0,0.0,1088.8,699.6,3.0,38.32797
200.0,0.0,143.0,162.0,0.0,889.0,852.0,28.0,19.51907
446.0,0.0,121.0,182.0,10.0,936.0,887.0,90.0,40.86869
382.0,0.0,100.0,160.0,20.0,998.0,755.0,7.0,38.20387
313.0,0.0,0.0,192.0,6.0,852.4,746.3,3.0,17.54027
569.0,0.0,0.0,228.8,8.0,942.4,788.8,28.0,60.19815
380.0,0.0,0.0,228.0,0.0,936.0,868.0,28.0,65.90908
310.0,0.0,0.0,185.0,0.0,852.0,636.0,7.0,58.78472
236.0,0.0,0.0,192.0,0.0,939.0,809.0,3.0,36.4457
424.0,118.0,0.0,203.0,0.0,976.0,712.0,28.0,37.34202
516.2,0.0,100.0,170.1,7.8,944.0,617.9,28.0,74.69783
339.0,212.0,0.0,192.0,12.0,965.0,847.0,7.0,34.48759
313.0,0.0,0.0,185.0,0.0,832.0,810.0,28.0,29.75089
326.0,185.0,0.0,175.0,5.0,942.62,762.5,28.0,41.40993
500.0,0.0,0.0,203.0,11.2,964.0,858.0,28.0,41.94083
290.0,0.0,0.0,154.37,0.0,1028.3,802.81,28.0,55.64071
374.0,0.0,0.0,181.0,0.0,958.0,853.0,3.0,32.10988
212.0,0.0,0.0,181.0,11.0,922.0,765.0,28.0,39.30013
425.0,0.0,0.0,188.0,0.0,926.0,754.0,7.0,45.89842
389.0,0.0,0.0,191.0,0.0,932.0,821.0,28.0,21.96671
290.0,0.0,0.0,192.0,0.0,967.0,829.0,7.0,11.46599
277.0,0.0,0.0,192.0,0.0,936.0,732.0,28.0,25.02108
318.0,185.0,0.0,159.0,0.0,827.0,775.0,28.0,33.72917
334.0,0.0,0.0,192.0,0.0,987.8,732.8,3.0,12.47262
200.0,0.0,121.0,192.0,0.0,1053.0,778.0,7.0,13.19657
318.0,0.0,0.0,186.0,0.0,816.0,816.0,56.0,36.56291
212.4,0.0,163.9,185.9,9.0,1047.3,946.6,28.0,33.39822
295.0,0.0,0.0,192.0,6.0,944.6,611.8,28.0,29.72607
380.0,125.0,0.0,160.0,0.0,1069.0,746.0,7.0,50.65511
475.0,0.0,0.0,228.0,0.0,846.0,800.0,28.0,12.54157
380.0,0.0,0.0,228.0,0.0,924.0,613.0,28.0,41.20309
313.5,0.0,141.6,186.8,0.0,967.7,783.3,3.0,15.06998
387.0,0.0,0.0,203.5,0.0,852.4,887.4,28.0,12.05204
318.5,0.0,0.0,180.8,0.0,1003.6,752.5,28.0,63.14221
500.0,0.0,0.0,178.8,0.0,941.0,809.0,270.0,15.61594
304.0,0.0,0.0,228.0,0.0,1047.0,793.0,28.0,13.62405
472.0,0.0,0.0,188.0,0.0,932.0,611.0,28.0,48.69562
310.5,0.0,0.0,185.01,11.93,845.8,941.01,90.0,46.23419
214.0,0.0,0.0,159.0,0.0,931.0,693.0,28.0,24.49708
190.0,0.0,0.0,192.0,0.0,945.0,890.0,91.0,25.60911
425.0,200.0,0.0,185.0,0.0,932.0,801.0,28.0,18.19872
200.2,209.2,0.0,192.0,0.0,947.8,801.0,28.0,53.46197
251.0,0.0,124.0,228.0,11.5,1025.0,756.0,28.0,71.29871
255.0,0.0,0.0,189.7,11.8,944.5,670.3,28.0,74.49788
331.5,93.5,0.0,228.5,8.0,965.1,888.1,28.0,55.55108
425.0,0.0,0.0,192.0,0.0,938.0,613.0,28.0,32.90179
289.0,0.0,0.0,184.0,9.0,967.0,819.0,7.0,42.03046
190.6,0.0,143.9,165.8,11.8,932.0,646.5,14.0,45.30478
313.0,189.0,0.0,186.0,12.5,959.0,852.0,28.0,32.24541
151.2,0.0,0.0,185.2,0.0,968.1,809.6,28.0,21.96671
298.0,0.0,0.0,164.0,0.0,971.0,712.0,3.0,54.59891
151.0,0.0,0.0,203.0,0.0,890.0,799.0,28.0,30.84716
236.0,0.0,0.0,192.0,0.0,1076.4,809.8,28.0,45.70536
295.0,0.0,0.0,185.0,0.0,934.0,891.0,90.0,19.53906
297.0,0.0,0.0,163.0,0.0,852.0,724.5,7.0,55.25461
194.0,0.0,112.0,192.0,9.0,1078.0,785.0,3.0,29.72331
425.0,0.0,0.0,179.0,0.0,1058.0,813.0,28.0,14.49968
331.0,0.0,0.0,195.0,0.0,1021.0,816.0,90.0,37.95565
362.0,0.0,0.0,200.0,0.0,1046.7,774.6,365.0,30.12321
190.0,0.0,0.0,192.0,0.0,967.0,755.0,28.0,21.06349
331.0,0.0,0.0,185.0,0.0,968.0,612.0,28.0,62.501
425.0,0.0,0.0,173.0,0.0,932.0,611.0,28.0,33.3996
298.0,0.0,0.0,228.0,6.0,847.0,861.0,7.0,31.35047
339.0,0.0,0.0,200.0,12.0,1059.2,758.5,28.0,13.39553
425.0,0.0,0.0,203.0,0.0,968.0,775.0,7.0,6.90234
155.0,0.0,125.0,186.0,11.0,955.0,789.0,3.0,33.21206
229.0,0.0,0.0,154.0,8.0,967.0,806.0,28.0,52.82076
251.0,0.0,121.61,164.37,4.9,865.9,879.14,28.0,53.77223
446.0,0.0,0.0,192.0,0.0,932.0,799.0,28.0,42.91988
425.0,0.0,113.9,192.0,0.0,967.1,857.7,28.0,41.20309
425.0,0.0,0.0,228.0,9.0,938.0,942.0,28.0,55.55108
203.7,0.0,94.68,186.52,5.13,932.8,825.4,28.0,53.10413
374.0,0.0,0.0,192.0,0.0,870.0,709.0,90.0,26.85992
295.8,15.6,98.8,174.2,15.4,944.1,801.5,56.0,13.18278
250.0,0.0,0.0,181.5,0.0,967.1,744.1,3.0,25.57335
288.0,0.0,0.0,228.0,0.0,852.0,725.0,56.0,41.68434
212.3,0.0,24.2,158.2,7.2,1084.7,974.0,3.0,4.56502
480.0,0.0,0.0,228.0,0.0,1057.3,787.0,28.0,40.85835
167.0,0.0,108.4,203.0,4.0,932.4,754.0,3.0,19.69143
212.0,0.0,125.0,200.0,0.0,968.0,845.0,3.0,32.76804
380.0,0.0,0.0,186.0,0.0,936.0,892.0,28.0,16.87837
288.0,237.0,0.0,162.0,0.0,944.0,889.0,7.0,33.76226
385.0,116.0,0.0,180.0,0.0,946.0,594.0,90.0,44.32641
350.0,0.0,123.6,159.6,0.0,1006.5,799.4,28.0,29.65436
331.0,189.0,0.0,189.0,8.0,801.0,725.0,28.0,22.5045
190.0,0.0,0.0,185.0,0.0,948.0,699.0,90.0,32.96385
387.7,0.0,0.0,203.6,8.19,957.4,887.9,28.0,64.90038
251.37,0.0,0.0,153.32,10.6,965.0,852.0,28.0,42.29246
212.0,116.0,0.0,162.0,12.0,932.0,801.0,28.0,25.46097
540.0,0.0,0.0,203.0,0.0,967.0,856.0,90.0,34.77027
305.5,0.0,0.0,185.2,0.0,966.2,594.8,56.0,60.29468
425.0,0.0,0.0,228.0,0.0,1085.6,813.3,3.0,15.74832
425.0,0.0,0.0,203.4,0.0,967.2,809.2,28.0,16.49916
362.0,0.0,0.0,192.0,0.0,971.0,752.0,28.0,12.54846
236.76,183.01,0.0,174.31,7.54,942.88,755.18,28.0,47.13258
339.0,0.0,0.0,228.0,0.0,1047.0,769.0,56.0,43.01296
331.0,0.0,0.0,192.0,0.0,822.0,755.0,56.0,36.9697
290.69,0.0,126.91,159.35,11.71,1079.6,887.04,28.0,19.00885
277.0,0.0,0.0,192.0,0.0,852.0,789.0,28.0,10.08979
228.0,0.0,0.0,168.0,0.0,967.0,889.0,28.0,26.92266
305.0,0.0,0.0,186.0,0.0,1047.0,887.0,28.0,32.32953
167.0,0.0,0.0,192.0,0.0,974.0,754.0,14.0,45.69847
349.0,0.0,0.0,228.0,0.0,954.0,780.0,3.0,10.35455
500.0,0.0,0.0,192.0,0.0,942.0,670.0,3.0,30.43968
349.0,0.0,0.0,164.0,0.0,852.0,774.0,28.0,59.30183
275.0,0.0,0.0,228.0,0.0,952.1,749.1,3.0,14.39626
288.0,0.0,0.0,185.0,11.75,936.0,889.0,28.0,50.07664
145.8,0.0,174.31,164.46,8.71,1047.2,889.61,3.0,53.46197
304.0,213.0,192.0,146.0,4.0,971.0,797.0,14.0,25.55956
313.0,0.0,0.0,202.0,0.0,932.0,812.0,90.0,52.42638
382.0,0.0,0.0,154.0,0.0,1028.0,613.0,28.0,48.284
397.0,0.0,0.0,192.0,0.0,900.0,775.0,3.0,42.34762
500.0,0.0,0.0,186.0,0.0,971.0,881.0,180.0,55.55108
475.0,0.0,0.0,192.0,8.0,1028.0,778.5,28.0,36.9697
203.75,0.0,141.35,174.62,8.81,931.6,755.8,28.0,42.29246
288.0,0.0,100.0,192.0,9.0,932.0,746.0,28.0,36.93523
331.0,0.0,0.0,203.0,4.61,967.0,765.0,28.0,47.73932
389.0,0.0,0.0,185.0,0.0,1125.0,755.0,28.0,66.42412
251.8,0.0,0.0,192.0,12.5,964.3,794.1,28.0,66.10006
540.0,0.0,0.0,191.0,0.0,832.0,867.0,28.0,43.38872
228.0,0.0,0.0,203.0,0.0,852.0,793.0,14.0,38.63065
322.0,0.0,0.0,164.0,0.0,936.0,855.0,3.0,39.64487
277.7,0.0,0.0,158.9,9.6,975.4,758.4,28.0,45.69847
250.0,0.0,95.14,228.0,0.0,945.6,594.7,28.0,79.29663
212.0,0.0,0.0,200.0,0.0,967.0,712.0,28.0,48.98727
313.0,0.0,0.0,160.0,0.0,856.0,613.0,28.0,38.46104
313.3,0.0,0.0,178.7,9.6,1047.4,801.0,3.0,22.43555
190.0,0.0,0.0,192.0,0.0,946.7,785.7,28.0,42.14008
382.0,118.0,0.0,192.0,0.0,1005.0,750.0,28.0,43.57833
288.0,0.0,125.9,200.0,9.0,1025.0,757.0,100.0,32.85353
310.0,0.0,0.0,192.0,0.0,890.0,749.0,28.0,32.66048
540.0,0.0,0.0,192.0,0.0,942.0,613.0,56.0,44.8642
425.0,0.0,0.0,181.0,11.0,878.0,646.0,3.0,12.54157
313.0,0.0,0.0,186.0,0.0,1052.0,912.0,3.0,40.93419
746.0,132.0,0.0,181.0,0.0,952.0,800.0,28.0,20.72565
475.0,0.0,0.0,228.0,0.0,852.0,946.0,28.0,47.7145
190.0,0.0,0.0,192.0,0.0,968.0,846.0,28.0,39.30013
425.0,0.0,0.0,192.0,0.0,944.5,755.0,28.0,24.28197
380.0,0.0,0.0,192.0,11.0,932.0,755.0,7.0,51.02122
213.8,0.0,0.0,192.3,0.0,852.2,887.7,28.0,40.05856
339.0,0.0,0.0,193.0,0.0,1023.4,746.0,28.0,67.30665
212.0,0.0,0.0,228.0,0.0,932.0,846.0,28.0,61.09447
190.0,0.0,0.0,192.0,0.0,968.0,613.0,28.0,41.36856
173.5,0.0,95.2,178.9,4.7,890.2,806.0,28.0,43.01296
194.5,0.0,123.5,210.5,11.4,1069.6,794.4,7.0,38.60376
238.1,189.9,121.4,164.5,0.0,853.4,755.8,28.0,59.09499
200.0,0.0,0.0,192.0,5.72,943.7,756.6,28.0,26.74477
212.0,0.0,0.0,192.0,0.0,975.0,801.0,28.0,33.79811
166.0,0.0,0.0,0.0,0.0,932.0,845.0,7.0,22.13907
475.0,237.0,0.0,197.9,0.0,1056.0,778.0,28.0,17.83674
500.0,0.0,0.0,200.0,0.0,943.0,715.0,28.0,56.09577
387.0,0.0,0.0,192.0,0.0,968.0,745.0,28.0,37.42752
295.0,0.0,0.0,192.0,0.0,1055.0,699.0,28.0,25.72642
173.5,203.5,0.0,175.5,7.56,852.6,803.3,56.0,36.56291
313.4,153.5,0.0,158.6,6.5,932.2,852.2,4.0,14.98921
255.0,0.0,0.0,192.0,0.0,932.0,762.0,90.0,56.83351
213.8,0.0,0.0,192.0,0.0,1058.2,594.6,28.0,29.89223
251.0,0.0,0.0,180.0,7.0,944.0,801.0,28.0,41.05278
133.0,0.0,100.0,193.0,7.0,968.0,855.0,28.0,42.14008
331.5,0.0,0.0,228.6,0.0,1029.7,806.4,28.0,36.34986
190.0,190.0,0.0,192.0,0.0,970.0,754.0,28.0,14.63826
475.0,0.0,0.0,159.0,0.0,852.0,852.0,3.0,19.98791
213.0,0.0,0.0,178.0,0.0,938.0,755.0,28.0,33.39822
213.1,0.0,0.0,192.1,10.5,942.6,784.8,28.0,46.80163
212.8,0.0,124.5,175.05,8.93,968.6,594.7,28.0,30.12321
362.0,0.0,124.1,154.8,10.0,852.4,809.0,28.0,53.57918
298.0,189.0,0.0,192.0,0.0,1047.4,794.4,28.0,34.39796
266.0,0.0,0.0,228.0,0.0,1155.0,775.0,28.0,22.83545
540.0,0.0,0.0,192.0,0.0,1006.0,631.0,3.0,37.79707
594.0,0.0,143.0,178.0,0.0,822.0,804.0,7.0,26.96541
387.0,0.0,0.0,203.0,0.0,822.0,860.0,14.0,27.22051
153.0,183.0,0.0,186.0,11.0,942.0,752.0,3.0,42.29246
251.0,0.0,0.0,185.0,10.0,944.0,845.0,7.0,26.96541
139.0,0.0,0.0,189.0,0.0,822.0,735.0,28.0,46.64305
297.3,0.0,0.0,165.4,7.65,968.0,817.4,28.0,39.60488
194.0,0.0,142.8,192.0,3.5,936.1,756.1,7.0,43.6983
296.0,0.0,0.0,192.0,11.0,1113.0,716.0,28.0,10.78754
794.0,0.0,0.0,228.0,0.0,928.0,746.0,3.0,12.05204
237.0,0.0,0.0,210.0,0.0,932.0,783.27,14.0,16.27853
297.0,102.0,0.0,173.0,0.0,932.0,801.0,56.0,47.96685
212.0,0.0,0.0,162.0,0.0,948.0,670.0,28.0,36.43881
380.0,0.0,0.0,228.0,0.0,974.0,775.0,7.0,39.66211
250.0,0.0,0.0,167.8,5.85,1055.3,794.63,28.0,68.09954
382.0,0.0,118.0,228.0,6.0,1125.0,992.0,28.0,45.70536
397.0,0.0,0.0,195.0,6.0,1038.0,806.0,28.0,19.69143
139.1,0.0,0.0,166.2,0.0,971.1,863.2,7.0,39.66211
237.0,0.0,0.0,186.0,9.0,1075.0,903.0,28.0,33.72917
427.0,0.0,0.0,192.0,0.0,967.0,802.0,56.0,43.377
497.0,0.0,0.0,228.0,0.0,898.0,613.0,7.0,17.27551
307.0,183.5,0.0,186.5,9.8,1006.3,594.6,28.0,21.26344
393.0,0.0,0.0,228.0,0.0,932.0,594.0,28.0,14.20321
350.3,181.8,0.0,170.6,0.0,852.3,757.0,28.0,44.27815
475.0,0.0,0.0,170.0,0.0,931.0,862.0,28.0,12.45194
251.0,0.0,0.0,170.0,0.0,942.8,775.0,28.0,71.62277
252.0,0.0,0.0,185.0,0.0,967.0,852.0,100.0,38.07424
349.76,0.0,0.0,198.37,3.63,1003.8,760.6,7.0,13.52062
190.0,0.0,0.0,228.0,0.0,880.4,865.3,28.0,24.39366
446.8,0.0,0.0,185.5,0.0,965.4,722.1,28.0,39.26566
425.0,0.0,0.0,228.0,6.0,822.0,880.0,28.0,39.05606
339.0,0.0,0.0,175.0,0.0,1047.0,801.0,28.0,42.64409
212.0,97.0,95.0,203.0,3.9,967.0,789.0,7.0,21.17932
313.7,0.0,118.9,164.7,6.7,931.7,822.3,14.0,47.27737
302.0,0.0,0.0,200.0,0.0,968.0,850.0,28.0,27.33772
212.6,0.0,94.5,158.5,0.0,944.5,849.0,28.0,47.78207
190.0,0.0,0.0,167.3,0.0,947.3,755.6,28.0,31.84
304.6,0.0,0.0,192.05,9.81,933.0,670.0,28.0,25.96567
475.3,0.0,0.0,185.5,0.0,1040.6,755.9,270.0,35.31427
162.7,117.6,0.0,203.3,0.0,944.8,785.4,28.0,47.71174
251.0,0.0,0.0,186.0,0.0,1055.0,881.8,28.0,65.90908
153.0,0.0,0.0,186.0,0.0,944.0,889.0,14.0,36.34986
236.0,0.0,0.0,200.0,0.0,967.0,690.0,28.0,67.30665
229.8,0.0,0.0,228.6,0.0,852.6,785.0,28.0,47.81516
172.0,0.0,0.0,192.0,10.0,967.0,832.2,28.0,56.69561
238.0,0.0,0.0,182.0,0.0,967.0,763.0,28.0,38.56239
313.17,0.0,0.0,157.33,8.62,956.3,775.83,100.0,9.13142
446.0,0.0,0.0,164.0,0.0,913.0,611.0,100.0,21.06625
251.0,0.0,0.0,192.0,0.0,965.0,847.8,28.0,52.04165
425.7,0.0,0.0,203.9,0.0,966.4,613.8,28.0,54.37828
427.0,0.0,0.0,203.0,0.0,852.0,712.0,100.0,33.06037
313.68,132.68,0.0,174.27,0.0,944.4,852.21,28.0,13.52062
254.0,0.0,0.0,192.0,0.0,870.0,895.0,28.0,58.60546
331.9,0.0,0.0,162.8,0.0,971.8,809.1,28.0,37.25928
331.0,0.0,0.0,228.0,0.0,944.0,613.0,3.0,36.34917
349.0,0.0,102.0,203.0,5.567,932.0,613.0,270.0,17.82295
250.0,0.0,0.0,192.0,0.0,1088.0,757.0,100.0,47.27737
252.9,0.0,0.0,159.8,0.0,1047.2,853.1,28.0,33.08244
310.0,0.0,0.0,192.0,8.1,932.0,782.1,28.0,43.01296
277.0,0.0,0.0,185.0,0.0,932.0,699.0,28.0,57.21272
250.0,0.0,141.0,228.0,0.0,944.0,825.0,7.0,40.05856
298.3,0.0,0.0,192.0,0.0,1089.3,804.4,56.0,29.75089
326.0,0.0,0.0,228.0,0.0,852.0,692.0,3.0,52.82696
213.0,0.0,0.0,192.0,0.0,852.1,769.1,28.0,40.05856
213.0,0.0,0.0,163.0,0.0,967.0,825.0,28.0,42.79578
298.0,0.0,99.69,192.0,9.52,947.9,715.0,28.0,33.6878
475.0,117.5,0.0,163.2,13.5,852.0,613.1,28.0,74.19451
228.0,0.0,0.0,228.0,0.0,812.0,659.0,365.0,15.09125
190.0,0.0,0.0,195.0,4.769,932.0,670.0,28.0,28.23749
251.2,203.8,0.0,154.5,22.0,849.6,758.1,28.0,52.5167
475.0,189.0,0.0,192.0,0.0,1056.0,774.0,90.0,21.64955
141.5,0.0,0.0,186.9,0.0,852.2,684.0,28.0,59.49488
446.1,0.0,0.0,192.0,0.0,1006.4,801.21,7.0,13.54131
425.0,0.0,0.0,191.0,8.0,932.0,844.0,28.0,18.28766
302.0,0.0,0.0,200.0,8.68,856.0,781.0,28.0,24.84872
310.0,0.0,0.0,192.0,0.0,1014.6,746.8,28.0,13.52062
425.0,0.0,0.0,185.0,8.0,1025.0,830.0,28.0,26.23318
132.0,163.0,0.0,175.0,7.91,1040.0,631.0,56.0,36.14923
193.0,0.0,0.0,192.0,8.7,1125.0,755.9,180.0,21.96671
190.0,183.0,0.0,193.0,0.0,968.7,756.0,28.0,33.00384
212.0,0.0,0.0,192.0,5.0,964.0,770.0,28.0,11.39221
387.8,0.0,0.0,228.8,0.0,1040.1,785.8,3.0,51.0557
218.9,0.0,0.0,185.73,0.0,938.3,781.9,28.0,42.29246
387.0,0.0,174.0,203.0,11.6,1007.2,863.0,28.0,16.87837
190.3,0.0,0.0,191.3,0.0,830.0,756.2,56.0,67.11359
362.0,0.0,0.0,192.0,15.3,968.0,594.0,3.0,14.84373
228.5,189.0,0.0,185.8,11.6,931.0,806.4,28.0,25.72435
251.6,0.0,0.0,185.9,11.7,1038.7,756.8,3.0,38.89334
250.0,0.0,0.0,175.0,0.0,1125.0,699.0,7.0,24.28334
250.0,0.0,118.0,192.0,0.0,967.0,880.0,270.0,7.83934
153.7,0.0,0.0,178.5,0.0,956.5,746.5,28.0,49.20101
213.6,0.0,121.19,185.49,10.61,1065.4,649.8,28.0,50.94883
350.0,0.0,129.5,175.6,10.4,973.7,755.4,28.0,68.49944
382.0,0.0,0.0,192.0,0.0,1065.0,670.0,28.0,32.85353
229.5,0.0,0.0,185.6,0.0,852.1,801.2,28.0,28.79941
200.0,0.0,0.0,200.0,0.0,947.0,756.0,28.0,42.12698
213.7,0.0,0.0,158.4,4.61,932.3,794.7,28.0,7.74971
307.0,0.0,0.0,193.0,0.0,932.0,822.0,28.0,37.42476
250.0,0.0,0.0,181.37,7.64,973.4,694.0,28.0,47.02985
212.0,0.0,0.0,192.0,0.0,943.9,793.9,28.0,32.96385
255.0,189.0,0.0,177.7,0.0,755.4,846.1,180.0,32.24541
313.9,170.3,121.5,161.9,7.0,1006.8,825.5,28.0,36.30091
446.0,0.0,0.0,175.61,0.0,942.0,715.0,7.0,47.73932
349.0,0.0,0.0,203.0,0.0,932.0,799.0,28.0,26.3104
0.0,0.0,0.0,192.0,0.0,1074.0,806.0,360.0,38.63065
379.0,0.0,0.0,228.0,0.0,946.0,899.0,28.0,21.91155
446.3,0.0,0.0,228.8,0.0,966.2,793.7,3.0,47.96685
500.0,0.0,0.0,185.0,0.0,968.0,755.0,28.0,21.81985
251.0,24.0,121.0,159.4,14.0,945.2,755.8,28.0,17.59681
380.0,0.0,0.0,228.0,0.0,944.0,604.0,28.0,23.84897
295.0,0.0,0.0,193.0,0.0,959.0,812.0,7.0,35.95617
214.0,0.0,0.0,201.0,6.0,1059.0,603.0,56.0,40.59635
295.0,0.0,0.0,178.9,8.5,1028.1,846.3,90.0,79.29663
237.0,0.0,0.0,203.0,0.0,968.0,613.0,28.0,17.95947
236.0,0.0,0.0,203.5,0.0,852.0,794.0,28.0,19.51907
297.0,0.0,0.0,192.0,0.0,895.0,892.0,28.0,35.85965
339.8,0.0,0.0,193.6,0.0,958.2,744.6,14.0,55.59934
350.0,0.0,0.0,228.0,0.0,944.0,755.0,90.0,43.49904
310.9,117.5,143.27,170.68,3.46,1001.1,787.17,91.0,33.9429
475.0,0.0,0.0,193.0,0.0,968.0,935.0,7.0,7.31534
425.0,0.0,0.0,192.0,5.0,870.0,921.0,28.0,21.85915
475.0,163.0,0.0,186.0,0.0,880.0,806.0,7.0,55.89582
295.6,0.0,0.0,228.3,0.0,968.2,762.4,270.0,13.39553
295.0,0.0,0.0,186.0,0.0,932.0,755.0,28.0,39.26566
424.0,0.0,0.0,192.0,0.0,887.1,852.1,90.0,14.94094
238.0,0.0,124.0,160.0,4.0,944.0,822.0,28.0,28.59946
387.0,0.0,0.0,185.0,11.0,830.0,892.0,28.0,49.20101
333.6,0.0,0.0,192.0,0.0,932.8,739.2,7.0,23.89034
349.0,0.0,200.0,178.0,0.0,968.0,800.0,28.0,20.08444
288.0,0.0,0.0,185.0,11.9,942.0,801.1,56.0,74.36491
349.0,0.0,0.0,170.0,0.0,932.0,865.0,7.0,35.34254
500.0,0.0,0.0,192.0,0.0,1088.0,674.0,28.0,12.54846
359.0,0.0,0.0,170.0,5.69,967.0,765.0,28.0,77.29715
214.0,94.0,95.0,160.0,9.0,1076.0,801.0,28.0,17.3679
212.5,0.0,94.79,192.0,9.64,1061.4,805.5,56.0,37.99702
331.0,98.0,0.0,185.0,5.0,932.0,817.0,28.0,21.96671
480.0,203.0,0.0,156.0,0.0,1044.0,659.0,28.0,40.56877
331.0,0.0,0.0,175.0,24.0,946.0,789.0,3.0,19.00954
236.0,0.0,100.0,203.5,0.0,1052.1,817.9,28.0,11.41428
252.0,0.0,174.0,198.0,11.0,887.0,758.1,7.0,38.40795
313.0,0.0,0.0,201.0,0.0,932.0,830.0,7.0,15.5201
275.0,0.0,0.0,180.0,0.0,1005.0,712.0,14.0,19.41564
491.0,0.0,0.0,193.0,0.0,852.0,855.0,90.0,19.00954
213.5,0.0,118.4,228.9,0.0,967.8,705.9,90.0,50.73233
388.2,0.0,0.0,228.5,0.0,932.2,613.5,28.0,52.5167
266.0,192.0,0.0,192.0,0.0,942.0,759.0,28.0,60.94968
238.0,16.0,79.0,178.0,6.0,968.0,794.0,3.0,78.80021
500.0,0.0,0.0,164.0,0.0,944.0,800.0,14.0,20.59396
153.5,189.0,0.0,185.8,0.0,1044.6,810.8,28.0,11.48391
425.0,0.0,0.0,203.0,0.0,1125.0,706.0,28.0,38.70029
166.0,129.0,0.0,185.0,6.0,1012.0,757.0,7.0,21.75297
425.0,0.0,0.0,192.0,10.0,830.0,870.0,28.0,37.81362
250.0,0.0,0.0,185.0,0.0,932.2,744.63,100.0,11.39221
400.0,0.0,0.0,192.0,0.0,869.0,793.0,7.0,14.98921
427.0,0.0,0.0,186.0,0.0,932.0,631.0,28.0,56.09577
425.0,0.0,0.0,193.0,0.0,979.4,852.0,28.0,71.98819
192.0,0.0,0.0,192.0,0.0,1005.4,712.0,14.0,38.45897
387.0,0.0,0.0,228.0,0.0,964.0,794.0,28.0,40.56877
375.0,0.0,0.0,192.0,0.0,932.0,794.0,28.0,52.90832
141.5,106.2,0.0,164.5,0.0,942.2,801.0,7.0,12.24509
251.0,0.0,0.0,197.0,0.0,1088.0,763.0,360.0,65.19685
298.0,0.0,0.0,185.0,0.0,844.0,732.0,7.0,9.73126
307.0,0.0,0.0,189.0,0.0,931.0,800.0,3.0,17.57474
252.0,0.0,0.0,192.0,0.0,1059.4,784.1,3.0,39.6104
212.6,0.0,0.0,192.5,0.0,942.4,775.9,3.0,35.0764
446.0,0.0,0.0,185.0,0.0,892.0,889.0,28.0,38.21076
380.0,0.0,0.0,192.0,0.0,1047.6,880.2,28.0,35.10122
310.0,0.0,0.0,185.0,0.0,944.0,806.0,3.0,34.67375
387.0,0.0,0.0,192.0,0.0,1088.0,616.0,3.0,35.10122
342.0,190.0,0.0,192.0,0.0,857.5,752.9,56.0,41.54231
313.7,0.0,0.0,201.7,8.0,1028.0,709.0,90.0,23.24519
382.0,0.0,0.0,200.0,0.0,1065.0,794.0,7.0,50.23522
385.0,0.0,0.0,165.0,0.0,967.0,939.0,28.0,40.26954
425.0,94.75,0.0,193.75,12.81,973.8,845.3,28.0,17.9643
322.8,0.0,141.16,164.9,8.46,1054.3,896.13,56.0,61.79773
425.0,0.0,0.0,228.0,0.0,932.0,830.0,28.0,57.59883
167.7,0.0,0.0,153.9,0.0,962.4,757.3,28.0,40.85835
307.7,0.0,0.0,203.5,0.0,936.6,755.8,3.0,47.02985
500.0,0.0,0.0,160.0,0.0,932.0,830.0,28.0,80.19985
331.7,0.0,157.0,203.5,0.0,932.0,801.3,3.0,60.32226
290.0,20.0,125.0,175.0,9.94,968.0,757.0,28.0,77.29715
425.0,0.0,0.0,228.0,0.0,852.0,765.0,28.0,19.69143
425.0,0.0,0.0,182.35,8.47,967.8,709.8,14.0,80.19985
272.0,0.0,0.0,203.0,0.0,1043.0,622.0,28.0,30.43968
425.0,0.0,0.0,192.0,0.0,1061.8,744.2,28.0,36.44363
362.0,210.0,0.0,182.0,5.0,941.0,802.0,90.0,28.2961
218.0,0.0,0.0,192.0,0.0,1125.0,812.0,28.0,9.7354
159.52,0.0,118.27,185.54,7.69,1078.7,780.37,91.0,25.89396
379.5,0.0,0.0,187.9,0.0,1058.6,813.8,56.0,42.34762
190.0,0.0,0.0,196.0,0.0,944.0,745.0,7.0,33.27411
237.0,209.0,0.0,185.0,0.0,1074.3,749.0,56.0,40.93488
310.0,0.0,0.0,178.0,0.0,938.0,752.0,28.0,42.69925
251.0,0.0,0.0,203.0,0.0,1028.2,759.0,28.0,59.49488
250.0,0.0,0.0,189.0,0.0,985.0,825.0,28.0,25.20035
431.0,0.0,125.5,200.0,8.0,944.0,638.0,28.0,54.37828
322.0,0.0,117.0,192.0,5.0,942.0,819.0,100.0,9.73816
425.0,0.0,0.0,192.0,0.0,948.0,757.0,14.0,35.30117
350.1,0.0,100.8,186.5,0.0,1028.1,749.4,28.0,25.20035
250.0,0.0,0.0,228.0,10.5,975.0,946.0,28.0,42.13388
389.0,98.0,0.0,185.0,0.0,971.0,755.0,56.0,51.43491
375.0,0.0,0.0,192.0,0.0,1125.0,752.0,7.0,57.91598
425.5,189.0,0.0,228.0,11.91,958.1,801.1,56.0,49.89738
252.0,190.0,132.0,160.0,16.0,852.0,613.0,90.0,9.8664
190.0,0.0,106.0,192.0,16.0,822.0,890.0,14.0,24.06547
333.0,0.0,0.0,181.0,0.0,932.0,845.0,28.0,11.36256
277.0,0.0,0.0,228.0,0.0,968.0,794.0,28.0,33.48883
236.0,0.0,0.0,192.0,0.0,929.0,845.0,7.0,48.153
480.0,0.0,0.0,158.0,0.0,925.0,746.0,28.0,42.21662
313.0,0.0,0.0,193.0,6.0,938.0,807.0,28.0,39.66211
237.5,0.0,0.0,164.9,9.91,1047.4,754.8,90.0,39.48629
213.0,142.5,0.0,182.5,0.0,938.1,893.0,28.0,31.02642
251.0,0.0,128.0,174.05,0.0,1043.0,825.0,3.0,68.75061
385.0,0.0,0.0,185.0,0.0,1027.0,895.0,7.0,49.80085
153.5,0.0,125.9,185.5,11.0,852.1,752.5,28.0,11.36256
173.0,116.0,0.0,228.0,0.0,935.0,894.0,28.0,33.96359
376.0,0.0,0.0,154.0,0.0,975.0,699.0,28.0,51.33149
331.5,153.9,0.0,158.7,0.0,967.1,858.9,100.0,21.85915
153.5,0.0,94.3,200.3,0.0,1053.2,613.8,28.0,62.501
331.8,0.0,0.0,186.4,0.0,852.1,813.1,7.0,46.22937
236.0,0.0,0.0,166.0,7.0,974.0,887.0,28.0,40.86869
387.0,0.0,0.0,175.0,7.0,975.0,813.0,100.0,31.25395
331.0,0.0,0.0,192.0,0.0,925.0,794.0,28.0,21.02212
212.37,0.0,118.17,181.18,7.73,979.48,852.64,28.0,23.13881
236.0,0.0,0.0,184.0,0.0,968.0,758.0,3.0,74.19451
362.0,0.0,0.0,228.0,0.0,932.0,792.0,3.0,42.62065
238.0,0.0,0.0,186.3,0.0,944.1,746.1,90.0,38.60376
298.0,189.0,0.0,228.0,8.0,968.0,789.0,28.0,25.96567
213.0,0.0,0.0,203.0,0.0,1090.0,785.0,7.0,29.72331
305.0,0.0,0.0,193.0,3.0,968.0,746.0,28.0,32.06822
295.0,0.0,0.0,192.0,0.0,932.0,603.0,90.0,24.40469
427.0,0.0,0.0,228.0,0.0,1022.0,614.0,28.0,37.72192
154.0,0.0,0.0,179.0,0.0,1056.3,794.5,56.0,12.37265
213.0,0.0,0.0,228.0,0.0,1056.0,806.0,14.0,39.69934
203.54,0.0,121.75,170.35,5.27,998.05,794.14,28.0,26.94472
376.0,0.0,0.0,185.0,0.0,1014.3,806.0,28.0,53.72397
339.7,0.0,0.0,174.68,0.0,968.1,789.37,28.0,21.50476
475.6,0.0,123.8,203.6,0.0,1047.5,703.1,28.0,49.20101
218.3,0.0,0.0,185.7,0.0,1047.6,1047.6,56.0,27.68108
212.0,0.0,0.0,146.0,0.0,1040.0,784.0,7.0,42.69925
166.0,0.0,0.0,167.0,6.0,944.0,860.0,90.0,12.18097
132.0,0.0,0.0,192.0,0.0,942.0,845.0,28.0,33.39822
275.5,0.0,0.0,183.0,0.0,967.0,755.0,90.0,20.72565
251.86,0.0,0.0,145.18,7.83,1003.7,779.68,28.0,34.68064
475.0,0.0,0.0,228.0,0.0,968.0,885.0,28.0,46.64305
480.0,0.0,0.0,228.0,0.0,932.0,613.0,28.0,76.80073
297.7,15.1,132.5,143.5,11.5,932.6,825.6,28.0,38.40795
194.0,0.0,0.0,192.0,0.0,932.8,611.5,3.0,25.51061
228.0,0.0,0.0,228.0,0.0,967.0,613.0,28.0,34.48759
310.0,0.0,0.0,192.0,0.0,932.0,794.0,90.0,14.20321
480.0,0.0,0.0,192.0,0.0,968.0,742.0,28.0,39.30013
305.0,116.0,0.0,174.5,8.0,942.0,852.0,28.0,17.57612
300.1,0.0,0.0,203.5,0.0,968.7,801.6,28.0,34.23938
194.0,0.0,0.0,192.0,0.0,852.0,801.0,28.0,12.6381
350.0,0.0,0.0,187.0,0.0,932.0,746.0,7.0,65.99664
425.0,0.0,0.0,185.0,0.0,925.0,845.0,28.0,11.95758
380.0,0.0,0.0,185.0,0.0,1006.0,744.0,28.0,46.80163
446.0,0.0,0.0,228.0,0.0,978.0,715.0,3.0,42.12698
359.0,0.0,0.0,192.0,9.0,932.0,830.0,28.0,64.90038
374.0,0.0,0.0,164.0,0.0,932.0,712.0,7.0,22.13907
213.5,106.1,0.0,182.2,9.9,856.1,749.4,28.0,51.04191
251.0,0.0,125.0,201.5,0.0,944.0,755.0,28.0,11.46599
531.0,0.0,0.0,192.0,0.0,967.8,749.8,270.0,67.56865
228.7,0.0,132.2,170.7,9.2,938.7,858.7,28.0,29.55094
387.0,0.0,0.0,228.0,0.0,853.0,605.0,28.0,39.41734
297.0,0.0,0.0,192.0,0.0,852.0,755.0,28.0,12.05204
380.0,0.0,0.0,197.0,0.0,903.0,755.0,56.0,26.40004
362.0,106.0,0.0,154.0,5.61,945.0,893.0,28.0,66.59649
252.0,0.0,0.0,154.0,0.0,852.0,887.0,28.0,46.24316
424.0,0.0,0.0,192.0,0.0,1057.4,852.4,7.0,45.70536
236.0,0.0,0.0,185.8,10.4,1056.6,779.4,90.0,15.74832
255.0,0.0,0.0,203.8,11.9,1028.1,871.7,7.0,11.95758
333.0,0.0,0.0,195.0,0.0,936.0,749.0,28.0,23.73866
251.0,203.0,0.0,178.7,0.0,967.7,804.6,28.0,23.51803
275.8,0.0,100.1,195.6,6.7,903.3,755.9,7.0,7.31534
362.0,0.0,0.0,192.0,0.0,852.0,757.0,7.0,31.89999
200.0,0.0,0.0,193.0,0.0,946.0,889.0,90.0,26.32281
355.0,0.0,0.0,192.0,0.0,932.0,805.3,28.0,79.29663
446.0,100.0,0.0,0.0,0.0,935.0,681.0,28.0,4.82771
231.0,22.0,0.0,172.0,0.0,801.0,717.0,56.0,75.49762
141.0,0.0,0.0,203.0,0.0,879.0,805.0,28.0,19.41564
388.0,0.0,0.0,228.0,0.0,968.0,882.0,3.0,49.18515
304.0,0.0,0.0,170.0,0.0,971.8,783.8,28.0,4.56502
277.0,0.0,100.0,203.0,0.0,858.0,795.0,28.0,42.14008
236.5,0.0,0.0,185.5,0.0,932.6,714.7,28.0,51.73276
290.5,200.0,0.0,179.0,0.0,942.0,801.9,28.0,17.54027
167.0,189.0,0.0,192.0,7.72,1047.0,769.0,28.0,31.7159
190.0,0.0,107.3,178.0,20.0,968.0,614.0,14.0,48.153
255.0,0.0,0.0,186.0,0.0,825.0,825.0,28.0,21.91155
425.0,0.0,0.0,163.0,0.0,1056.0,763.0,7.0,26.96541
540.0,0.0,0.0,228.0,0.0,879.0,778.0,28.0,73.29819
439.0,0.0,118.0,192.0,9.0,1007.0,809.0,28.0,48.69562
153.0,141.0,0.0,185.0,10.0,952.0,784.0,28.0,68.09954
387.0,0.0,0.0,203.5,0.0,942.3,744.0,28.0,18.74616
425.0,0.0,0.0,185.0,23.0,825.4,646.6,28.0,15.69109
218.0,0.0,0.0,167.0,15.0,932.0,780.0,28.0,11.98309
425.0,0.0,0.0,192.0,0.0,890.0,801.0,28.0,39.58971
153.5,0.0,0.0,228.0,0.0,1025.0,681.0,28.0,41.93462
350.0,0.0,0.0,200.0,0.0,826.0,746.0,7.0,25.37272
331.0,0.0,100.0,158.0,7.0,944.0,858.0,7.0,13.54131
425.0,100.0,0.0,166.0,5.0,932.0,712.0,100.0,25.48303
500.0,0.0,0.0,203.0,0.0,968.0,757.0,28.0,32.90179
349.0,0.0,0.0,192.0,0.0,1047.0,757.0,28.0,15.52631
446.0,195.0,0.0,201.5,0.0,942.1,717.8,28.0,55.64071
339.0,192.0,0.0,192.0,0.0,964.0,779.0,28.0,52.82076
250.0,0.0,100.0,186.52,9.63,1053.8,859.16,28.0,42.62065
313.0,0.0,0.0,192.0,0.0,1055.0,801.0,28.0,39.70003
331.0,0.0,0.0,185.0,0.0,744.0,811.0,28.0,44.6091
237.8,0.0,0.0,203.6,0.0,1125.6,755.2,3.0,64.30053
159.0,157.0,0.0,178.0,0.0,912.0,857.0,28.0,50.65511
310.6,0.0,0.0,178.0,0.0,974.4,694.9,28.0,24.57982
153.0,0.0,0.0,228.0,0.0,944.0,745.0,28.0,10.35455
331.0,0.0,0.0,228.0,0.0,1028.0,725.0,28.0,41.05278
194.7,145.8,0.0,185.9,0.0,932.3,694.9,14.0,37.3627
250.0,0.0,0.0,178.8,0.0,925.6,712.8,7.0,64.30053
350.0,0.0,0.0,200.0,0.0,942.0,796.0,28.0,7.74971
425.7,0.0,24.5,175.6,9.7,852.1,752.8,28.0,33.7988
238.0,0.0,0.0,228.3,0.0,932.2,695.0,90.0,40.3895
387.17,0.0,141.11,173.37,11.83,1057.3,985.14,28.0,39.30013
446.0,0.0,94.0,187.0,0.0,952.0,782.0,28.0,44.63668
237.0,0.0,0.0,185.0,0.0,946.0,794.0,28.0,77.29715
350.0,0.0,0.0,203.0,0.0,924.0,775.0,7.0,35.30117
190.0,0.0,0.0,192.0,0.0,932.0,852.0,28.0,56.49566
374.8,106.8,0.0,151.8,0.0,967.4,779.8,3.0,12.24509
277.0,0.0,0.0,228.0,16.0,944.9,800.1,28.0,16.10961
380.0,0.0,0.0,203.0,0.0,870.0,775.0,28.0,58.79851
313.0,0.0,0.0,173.0,0.0,932.2,888.0,28.0,31.87448
393.0,0.0,0.0,228.0,0.0,851.0,801.0,28.0,7.83934
313.0,0.0,0.0,228.0,0.0,1043.0,844.0,28.0,31.11605
250.0,0.0,0.0,212.0,0.0,830.0,750.0,28.0,62.501
374.0,0.0,0.0,192.0,0.0,1065.0,805.0,28.0,36.43881
200.3,0.0,121.1,178.2,11.1,967.7,678.5,28.0,30.14389
446.0,0.0,0.0,168.0,0.0,967.0,750.0,28.0,31.7159
385.6,0.0,0.0,162.2,7.3,944.2,699.3,3.0,50.65511
194.0,183.0,0.0,192.0,0.0,932.0,801.0,28.0,32.90179
189.7,0.0,0.0,186.7,0.0,856.2,603.5,28.0,39.23118
190.8,0.0,0.0,182.8,11.5,934.8,753.8,28.0,34.2049
425.0,0.0,0.0,192.0,0.0,1067.0,613.0,90.0,53.65502
332.0,0.0,0.0,185.0,0.0,952.0,782.0,7.0,56.61287
631.0,0.0,0.0,162.0,0.0,932.0,890.0,14.0,43.49904
349.0,0.0,0.0,192.0,0.0,912.0,816.0,28.0,17.54027
480.0,0.0,0.0,192.0,0.0,967.0,695.0,7.0,4.78221
427.0,0.0,0.0,146.0,0.0,944.0,801.0,3.0,51.02122
350.0,0.0,117.0,192.0,11.61,967.0,706.0,7.0,21.94602
296.0,189.0,0.0,157.0,10.6,944.0,605.0,3.0,36.9697
540.0,192.0,0.0,192.0,0.0,967.0,755.0,28.0,25.55956
190.0,172.0,0.0,159.0,0.0,932.0,765.0,3.0,15.56975
212.8,0.0,0.0,175.3,0.0,943.2,744.8,56.0,55.94408
540.0,0.0,118.0,186.0,11.0,958.0,769.0,7.0,21.16002
191.0,106.0,0.0,192.0,0.0,970.0,785.0,28.0,54.37828
238.0,0.0,0.0,159.0,0.0,832.0,822.0,7.0,43.377
218.0,0.0,0.0,159.0,0.0,968.0,744.0,28.0,65.19685
326.0,0.0,0.0,203.6,0.0,947.0,816.9,90.0,79.29663
379.9,0.0,0.0,162.3,0.0,903.8,755.6,28.0,38.07424
288.0,0.0,95.0,143.0,8.74,1048.0,852.0,28.0,41.66503
252.0,0.0,0.0,185.0,0.0,944.0,752.0,28.0,11.41428
310.0,0.0,0.0,192.0,0.0,858.0,824.0,3.0,34.90128
425.0,0.0,0.0,159.9,0.0,1078.1,712.8,28.0,19.69143
190.0,0.0,133.0,181.0,11.8,958.0,801.0,28.0,42.21662
313.0,0.0,0.0,192.0,0.0,932.1,887.0,270.0,43.05778
500.0,0.0,0.0,185.0,0.0,1078.0,605.0,28.0,21.06625
350.0,0.0,0.0,192.0,0.0,944.0,784.0,28.0,33.72917
313.0,0.0,0.0,186.0,0.0,822.0,852.0,28.0,49.89738
442.0,0.0,0.0,203.0,8.0,967.0,789.0,28.0,20.08444
251.0,0.0,0.0,178.0,0.0,1032.0,714.0,14.0,49.9939
252.0,0.0,0.0,170.0,6.0,928.0,800.0,28.0,24.65566
251.1,0.0,0.0,181.6,9.8,970.3,824.3,28.0,23.52354
251.3,250.5,0.0,175.9,11.2,949.1,794.3,28.0,29.87086
425.0,0.0,0.0,228.0,10.0,932.0,746.0,28.0,49.80085
307.0,0.0,0.0,192.0,0.0,932.0,694.6,3.0,33.00384
331.0,0.0,0.0,158.0,0.0,865.0,825.0,3.0,56.39914
213.4,0.0,0.0,192.0,0.0,946.6,784.1,28.0,38.76924
190.0,0.0,0.0,228.0,0.0,968.0,844.0,7.0,24.40469
144.0,0.0,0.0,158.0,0.0,1085.4,895.0,270.0,32.53293
380.0,0.0,0.0,185.0,0.0,1061.0,755.0,7.0,37.67986
238.0,0.0,0.0,164.0,0.0,932.0,759.0,28.0,31.25395
425.0,125.0,0.0,192.0,0.0,1053.8,788.9,28.0,33.00384
145.1,0.0,123.7,203.7,9.0,976.9,775.9,28.0,23.80071
381.3,0.0,0.0,185.8,0.0,932.0,756.2,28.0,35.30117
322.0,0.0,0.0,185.0,6.2,965.0,852.2,28.0,15.69109
391.0,0.0,0.0,181.0,0.0,932.0,805.0,28.0,14.58931
349.0,0.0,0.0,185.0,0.0,968.0,805.0,3.0,37.42476
212.0,22.0,0.0,192.0,0.0,1004.0,705.0,28.0,41.54093
525.0,116.3,0.0,155.3,6.9,942.2,801.4,100.0,10.35455
425.46,163.37,0.0,186.46,11.77,929.9,749.61,90.0,17.27551
144.0,0.0,0.0,192.0,0.0,992.0,717.0,28.0,9.99051
250.0,0.0,0.0,173.0,0.0,968.1,845.1,90.0,40.2851
387.05,0.0,97.59,175.14,9.97,1007.8,755.0,56.0,17.43685
288.0,0.0,0.0,185.0,0.0,932.0,675.0,28.0,35.31427
145.0,0.0,94.19,181.17,7.87,1056.4,789.6,28.0,48.79422
228.0,0.0,0.0,192.0,0.0,968.0,774.0,28.0,17.23621
155.0,0.0,113.0,157.0,10.0,847.0,803.0,90.0,38.21076
251.0,0.0,0.0,192.0,0.0,922.0,802.0,28.0,27.77209
218.0,0.0,0.0,203.0,0.0,852.0,819.0,28.0,41.15138
349.0,0.0,0.0,203.0,0.0,1047.0,756.0,28.0,52.00717
446.0,0.0,0.0,185.0,10.0,826.0,689.0,14.0,42.03046
190.0,0.0,0.0,192.0,0.0,938.0,845.0,28.0,20.87044
540.0,0.0,0.0,228.0,11.72,984.0,755.0,100.0,20.59396
331.0,0.0,0.0,200.0,0.0,1001.2,887.6,90.0,11.16951
143.0,0.0,125.0,220.0,11.0,1013.4,759.4,28.0,28.938
375.0,0.0,0.0,228.0,0.0,987.0,763.0,91.0,64.30053
362.0,0.0,0.0,192.0,0.0,967.5,759.5,28.0,40.6584
190.0,236.0,0.0,180.0,6.0,852.0,844.0,28.0,27.74245
359.0,42.0,0.0,185.0,0.0,968.0,717.0,7.0,22.62998
387.0,117.1,0.0,181.3,8.3,852.1,896.2,28.0,20.08444
387.2,0.0,0.0,192.2,0.0,838.6,694.9,28.0,17.54027
212.3,250.0,0.0,157.37,3.46,1069.0,699.9,3.0,17.54027
500.0,0.0,0.0,192.0,11.91,917.0,879.0,14.0,60.32226
288.0,0.0,0.0,193.0,0.0,942.0,611.0,7.0,32.83974
480.0,0.0,0.0,168.0,12.0,942.0,794.0,28.0,38.60376
425.0,0.0,0.0,228.0,0.0,932.0,630.0,7.0,36.8387
318.0,0.0,0.0,195.5,10.0,1006.0,755.0,28.0,55.15808
213.8,0.0,0.0,159.0,11.6,942.1,755.5,7.0,52.61391
252.3,0.0,0.0,192.0,0.0,942.1,757.2,28.0,32.95695
446.6,106.3,98.89,168.8,11.6,968.6,781.1,28.0,55.89582
380.0,0.0,0.0,185.0,0.0,880.0,755.0,3.0,45.89842
350.0,0.0,0.0,203.3,0.0,1047.3,801.3,28.0,24.65566
173.0,0.0,118.0,170.0,8.3,967.9,739.6,56.0,26.85992
251.8,0.0,0.0,203.5,0.0,952.4,756.3,3.0,55.55108
540.0,0.0,0.0,228.0,0.0,852.0,713.0,7.0,38.99676
425.0,0.0,0.0,185.0,0.0,967.0,613.0,28.0,39.14845
277.0,0.0,0.0,228.0,4.0,948.0,807.0,28.0,42.32693
298.0,0.0,0.0,185.0,0.0,914.0,787.0,14.0,29.58542
425.0,0.0,0.0,195.0,0.0,801.6,832.0,28.0,31.87516
475.0,189.0,0.0,195.0,0.0,967.0,735.0,28.0,35.34254
331.3,0.0,0.0,203.7,0.0,1057.3,809.2,7.0,27.92378
349.0,0.0,0.0,151.0,0.0,942.0,859.5,90.0,34.55654
446.0,0.0,0.0,192.0,0.0,1084.0,613.0,180.0,12.45952
213.6,0.0,0.0,192.0,14.3,931.3,762.6,28.0,40.85697
339.4,0.0,0.0,185.8,0.0,1047.4,792.8,14.0,21.26344
236.32,0.0,0.0,173.34,0.0,959.3,844.6,90.0,55.49592
322.0,0.0,0.0,185.0,11.5,932.0,762.0,28.0,69.65776
500.0,0.0,0.0,228.0,0.0,852.0,812.0,28.0,32.90179
275.0,0.0,100.0,198.0,11.9,967.0,779.0,3.0,63.39732
382.0,0.0,0.0,192.0,0.0,955.0,757.0,28.0,18.03393
446.0,0.0,0.0,192.0,0.0,967.0,740.0,7.0,24.98661
397.6,0.0,0.0,162.75,10.45,827.4,782.14,28.0,55.89582
194.0,190.0,0.0,203.0,0.0,934.0,712.0,28.0,38.07424
425.0,236.0,0.0,203.0,0.0,942.0,712.0,90.0,36.25196
446.0,0.0,173.0,203.0,0.0,852.0,812.0,28.0,49.77327
425.0,0.0,0.0,195.0,0.0,1032.0,874.0,28.0,66.69991
251.0,0.0,0.0,228.0,0.0,1029.0,765.0,28.0,43.377
295.0,0.0,0.0,185.0,0.0,932.0,879.0,28.0,35.76312
228.0,98.0,0.0,192.0,0.0,1076.4,759.5,100.0,11.16951
133.0,0.0,106.0,164.0,0.0,942.0,825.0,14.0,39.64487
246.0,166.0,0.0,187.0,11.61,961.0,788.0,28.0,13.08901
380.0,0.0,0.0,203.0,0.0,1125.0,694.0,3.0,35.36322
380.0,0.0,0.0,192.0,0.0,974.0,755.0,270.0,24.89008
277.0,26.0,0.0,173.0,6.0,932.0,775.0,28.0,53.95839
149.8,0.0,124.5,146.5,16.7,1056.2,757.4,14.0,40.062
167.7,0.0,100.5,185.8,8.6,889.6,800.7,14.0,23.80071
213.0,0.0,0.0,160.0,0.0,932.0,755.0,3.0,53.69225
277.0,121.0,0.0,158.0,9.0,1003.0,890.0,28.0,31.87448
313.0,0.0,0.0,159.0,11.61,1052.6,756.34,28.0,13.52062
214.0,0.0,0.0,164.0,0.0,1066.0,845.0,3.0,35.30117
339.0,0.0,0.0,192.0,0.0,959.0,775.0,3.0,39.39666
342.0,0.0,0.0,238.0,0.0,932.0,670.0,14.0,20.77391
173.7,0.0,98.0,174.7,11.9,965.8,807.2,14.0,22.48933
313.0,0.0,0.0,185.0,11.0,840.0,812.0,28.0,15.04437
314.0,0.0,0.0,228.0,0.0,1047.0,825.0,28.0,16.10961
167.9,0.0,0.0,228.2,0.0,855.1,755.8,28.0,42.91988
166.5,0.0,125.4,158.6,11.6,973.2,755.8,7.0,44.02994
375.0,0.0,0.0,173.0,0.0,887.0,801.0,7.0,26.258
425.0,0.0,0.0,192.0,8.0,1007.0,613.0,28.0,13.08901
298.0,0.0,0.0,192.0,0.0,958.0,805.0,3.0,7.39808
213.0,188.0,0.0,186.0,0.0,944.0,860.0,56.0,38.76924
296.0,0.0,0.0,185.0,0.0,967.0,756.0,60.0,24.00066
331.8,203.3,0.0,179.6,8.0,924.4,769.0,3.0,57.21823
295.0,0.0,0.0,185.0,8.0,1047.0,893.0,28.0,33.79811
166.1,0.0,0.0,185.5,0.0,816.1,759.7,28.0,28.62704
349.0,0.0,0.0,186.0,0.0,932.0,896.0,3.0,15.41668
251.0,0.0,0.0,185.0,0.0,932.0,775.0,180.0,21.64955
165.0,0.0,0.0,166.0,0.0,942.0,755.0,180.0,17.22311
446.0,0.0,0.0,200.0,24.7,932.7,745.6,7.0,71.62277
374.0,0.0,143.0,195.0,0.0,832.0,824.0,56.0,53.30063
339.0,0.0,0.0,192.0,0.0,932.0,785.0,7.0,36.44363
313.0,0.0,0.0,195.0,8.0,942.0,612.0,28.0,26.258
822.0,0.0,0.0,192.0,0.0,968.0,895.0,28.0,15.5201
251.33,22.1,98.39,167.57,20.61,1056.4,825.8,56.0,39.69934
190.0,0.0,143.0,186.0,3.75,845.0,825.0,28.0,47.7145
238.6,189.0,0.0,158.9,0.0,801.3,613.5,7.0,61.23236
350.0,0.0,0.0,164.7,0.0,1011.2,813.5,91.0,36.30091
277.0,0.0,0.0,192.0,0.0,1111.0,801.0,3.0,76.23536
252.0,0.0,0.0,178.0,0.0,967.0,825.0,7.0,27.87483
290.0,0.0,0.0,228.4,0.0,913.8,847.3,7.0,46.93194
359.0,0.0,141.0,192.0,0.0,932.0,699.0,28.0,69.65776
252.0,0.0,97.0,186.0,5.3,947.6,801.0,28.0,48.153
183.3,0.0,121.8,146.9,4.9,1095.3,755.3,3.0,15.61594
178.91,24.0,125.6,181.05,11.62,689.6,806.9,56.0,55.15808
333.0,0.0,0.0,178.0,0.0,932.0,813.0,14.0,42.69925
187.0,187.0,0.0,185.0,0.0,981.0,614.0,4.0,31.81242
228.0,0.0,94.0,202.0,5.0,852.0,779.5,28.0,50.77301
252.0,0.0,0.0,192.0,0.0,967.0,824.0,28.0,14.5969
162.0,106.0,0.0,192.0,0.0,844.0,634.0,28.0,53.52471
349.0,0.0,0.0,192.0,0.0,932.0,779.0,28.0,48.153
349.0,0.0,0.0,228.0,0.0,822.0,712.0,28.0,41.29961
475.0,0.0,0.0,228.0,0.0,932.0,844.0,28.0,38.60376
382.4,0.0,0.0,192.0,0.0,1046.4,769.6,7.0,24.3385
250.0,0.0,0.0,181.0,0.0,942.0,752.0,56.0,39.84482
318.0,0.0,0.0,196.0,0.0,1047.0,749.0,3.0,71.29871
387.0,0.0,0.0,228.0,0.0,942.0,739.0,3.0,22.71823
374.6,0.0,0.0,192.0,0.0,968.1,801.2,28.0,29.93015
397.0,0.0,97.0,181.0,5.88,932.0,744.0,28.0,17.83674
304.0,0.0,0.0,145.0,0.0,932.5,794.5,56.0,35.76312
190.5,0.0,0.0,170.6,0.0,932.6,857.2,28.0,20.9187
250.0,0.0,0.0,192.0,0.0,852.0,812.0,28.0,29.39236
339.0,0.0,0.0,185.0,0.0,932.0,615.0,28.0,26.8482
350.0,189.0,0.0,203.0,0.0,1047.0,789.0,56.0,37.79707
213.0,22.5,121.0,146.0,7.0,961.0,845.0,28.0,25.72642
475.0,95.0,0.0,158.0,0.0,1170.0,744.0,7.0,12.47262
540.0,0.0,0.0,185.0,0.0,932.0,794.0,7.0,40.92523
325.0,0.0,97.0,228.0,0.0,879.0,827.0,28.0,29.06831
376.0,141.0,0.0,174.7,0.0,1047.7,757.7,7.0,13.39553
387.0,0.0,97.0,170.0,0.0,944.0,624.0,28.0,37.91429
252.0,0.0,0.0,185.0,0.0,968.0,725.0,28.0,42.69925
231.0,145.0,0.0,143.0,0.0,1026.0,690.0,28.0,28.46846
397.0,0.0,0.0,203.5,0.0,968.1,803.5,28.0,25.02108
388.0,0.0,0.0,203.5,0.0,856.0,685.0,7.0,44.38846
375.0,0.0,113.8,192.0,0.0,1048.6,903.6,56.0,41.54231
646.0,0.0,0.0,186.0,0.0,932.0,744.0,28.0,52.90832
155.0,189.0,0.0,203.0,7.3,932.0,796.0,28.0,74.16693
491.0,0.0,0.0,228.0,8.9,822.0,707.0,28.0,34.68064
362.0,0.0,0.0,192.0,0.0,932.0,831.0,28.0,66.10006
252.0,0.0,0.0,228.0,0.0,987.0,802.0,28.0,9.69472
339.0,0.0,0.0,228.0,6.0,987.0,800.0,28.0,43.6983
425.0,0.0,0.0,175.0,0.0,801.0,789.0,28.0,29.23171
380.0,0.0,0.0,158.0,0.0,1060.0,830.0,28.0,14.84373
213.0,0.0,0.0,192.0,0.0,1026.0,765.0,56.0,23.84897
305.0,125.0,0.0,195.0,0.0,1055.4,746.8,28.0,31.3815
540.0,0.0,0.0,192.0,0.0,852.0,801.0,56.0,52.30365
277.09,0.0,0.0,228.16,5.81,989.04,613.6,28.0,33.60506
277.0,0.0,0.0,192.0,0.0,944.0,782.0,56.0,37.2317
305.0,0.0,0.0,191.0,0.0,852.0,765.0,28.0,39.58971
288.0,0.0,0.0,153.0,0.0,944.0,944.0,28.0,43.6983
190.61,141.25,118.75,193.68,0.0,1047.0,780.08,180.0,13.19657
339.2,0.0,0.0,185.0,0.0,967.8,798.8,3.0,26.85992
387.0,0.0,0.0,203.0,6.0,1056.0,670.0,91.0,52.44637
212.0,0.0,0.0,158.0,0.0,938.0,692.0,28.0,60.29468
212.0,0.0,0.0,175.0,0.0,941.0,775.0,28.0,25.48303
236.0,0.0,0.0,170.4,0.0,998.7,724.8,28.0,36.4457
350.0,0.0,0.0,185.0,0.0,967.0,781.0,90.0,27.53078
380.0,0.0,0.0,192.0,0.0,856.0,714.0,90.0,39.77932
288.0,0.0,0.0,228.0,0.0,825.0,694.0,28.0,36.63875
166.0,0.0,0.0,175.0,12.0,973.0,808.0,28.0,40.92523
212.0,0.0,0.08,203.5,0.08,1028.0,749.3,56.0,15.56975
251.4,0.0,0.0,166.0,0.0,944.3,757.8,90.0,49.18515
250.0,0.0,0.0,195.0,8.0,1125.0,755.0,3.0,8.20407
310.0,0.0,0.0,192.0,11.67,968.0,801.0,28.0,50.93849
313.0,0.0,0.0,190.0,0.0,927.0,755.0,3.0,46.20179
350.0,0.0,100.0,159.4,4.9,852.6,703.6,28.0,27.22051
374.0,0.0,0.0,192.0,0.0,942.0,613.0,3.0,22.43555
290.0,0.0,0.0,228.0,0.0,1031.0,880.3,28.0,31.3815
475.0,0.0,0.0,192.0,20.0,926.0,756.0,3.0,23.13881
389.0,0.0,0.0,192.0,0.0,1012.0,793.0,28.0,37.91429
168.0,0.0,0.0,186.0,6.0,944.0,784.0,3.0,39.35805
190.52,0.0,0.0,193.75,10.2,961.5,613.6,28.0,25.68988
275.0,0.0,0.0,220.0,0.0,971.0,780.0,3.0,29.21999
332.0,0.0,0.0,192.0,0.0,932.0,822.0,28.0,28.09615
475.0,0.0,0.0,168.5,11.0,1047.0,803.0,56.0,39.16224
236.89,0.0,99.48,155.35,11.34,1003.7,803.6,28.0,35.85275
251.8,0.0,143.9,162.3,9.5,912.4,774.6,28.0,15.06998
326.0,0.0,0.0,185.9,16.5,946.1,713.1,7.0,37.43165
153.5,106.1,0.0,203.7,0.0,965.6,806.5,7.0,42.22903
350.0,0.0,0.0,170.0,0.0,939.0,792.0,7.0,55.45455
500.0,0.0,0.0,185.0,0.0,825.0,781.0,28.0,61.06689
154.0,0.0,0.0,192.0,7.4,932.1,756.6,28.0,18.12632
385.0,0.0,0.0,189.0,0.0,879.0,845.0,28.0,44.5236
277.0,0.0,0.0,153.9,0.0,830.1,613.1,28.0,18.01601
387.0,0.0,0.0,182.0,0.0,816.0,822.0,28.0,42.21662
277.2,0.0,0.0,228.0,0.0,945.5,888.7,7.0,44.29608
237.5,0.0,0.0,228.5,0.0,1058.3,749.5,3.0,45.85429
425.0,0.0,0.0,192.0,0.0,968.0,724.0,3.0,12.45194
250.0,0.0,0.0,185.0,0.0,944.0,752.0,28.0,52.44154
190.0,0.0,0.0,182.0,0.0,1085.0,693.0,28.0,20.27749
151.0,0.0,0.0,228.0,0.0,942.0,699.0,28.0,53.90323
387.0,0.0,0.0,192.0,11.5,958.0,750.0,28.0,28.99109
212.0,0.0,0.0,157.0,0.0,1047.0,774.0,28.0,72.29845
381.0,0.0,0.0,192.0,0.0,938.0,684.0,3.0,47.27737
213.0,0.0,0.0,162.0,10.17,909.0,869.0,28.0,24.00066
251.0,0.0,0.0,192.0,0.0,932.0,813.0,28.0,15.04919
332.0,0.0,0.0,203.0,0.0,1047.0,697.0,28.0,24.48329
439.09,0.0,0.0,178.35,4.62,1021.6,756.7,28.0,30.44726
322.0,0.0,0.0,178.0,0.0,1079.2,613.2,7.0,24.40469
218.0,0.0,0.0,192.0,0.0,880.0,611.0,3.0,75.49762
251.0,24.0,0.0,192.0,0.0,942.0,765.0,3.0,9.7354
213.8,0.0,0.0,145.9,11.5,943.6,852.8,28.0,21.91706
233.5,0.0,0.0,173.5,0.0,952.0,775.5,28.0,30.14389
427.0,0.0,0.0,228.0,0.0,932.0,763.0,360.0,47.73932
339.9,0.0,0.0,178.9,0.0,932.6,683.5,28.0,49.9939
275.0,0.0,0.0,187.0,0.0,1052.0,758.0,7.0,33.39822
446.0,0.0,0.0,192.0,0.0,936.0,881.0,28.0,12.17615
251.0,0.0,0.0,169.0,0.0,955.0,778.0,7.0,17.57612
331.0,200.0,0.0,203.0,0.0,869.0,755.25,28.0,21.94602
250.0,200.0,0.0,192.0,0.0,967.0,852.0,7.0,38.07424
331.68,0.0,0.0,157.16,0.0,938.8,852.34,28.0,52.5036
153.36,0.0,0.0,228.5,0.0,852.4,735.3,28.0,39.45595
349.0,0.0,0.0,197.0,0.0,971.0,755.0,90.0,17.95396
333.0,0.0,0.0,228.0,0.0,932.0,795.0,7.0,56.61908
446.0,0.0,0.0,185.0,7.0,1007.0,710.0,7.0,21.17932
442.5,0.0,0.0,203.5,0.0,974.1,892.9,28.0,49.24927
190.0,106.5,0.0,193.5,0.0,1040.7,809.3,56.0,38.11423
339.0,0.0,0.0,180.0,0.0,944.0,755.0,56.0,31.26774
339.8,0.0,132.0,159.9,10.0,932.2,754.9,28.0,46.24729
313.0,0.0,0.0,178.0,16.91,1053.0,712.0,3.0,57.21272
277.0,0.0,79.0,200.0,0.0,1043.0,880.0,28.0,33.4189
425.0,0.0,0.0,186.0,0.0,1022.0,821.0,28.0,76.23536
500.0,0.0,0.0,170.0,0.0,1079.0,784.5,3.0,59.19841
310.0,0.0,0.0,192.0,0.0,944.0,755.0,28.0,44.52045
212.0,210.0,0.0,203.0,0.0,845.0,802.0,7.0,79.40006
339.0,173.0,0.0,178.0,0.0,901.0,605.0,28.0,60.29468
425.0,0.0,0.0,158.0,0.0,946.0,880.0,28.0,28.09615
374.0,0.0,0.0,154.5,0.0,946.2,801.8,28.0,11.46599
251.0,0.0,0.0,192.0,0.0,944.2,801.9,28.0,49.24927
480.0,190.0,0.0,186.0,0.0,935.0,746.0,28.0,58.99846
236.0,0.0,0.0,200.0,0.0,936.0,779.0,7.0,74.19451
500.5,0.0,0.0,175.6,11.8,881.5,784.6,28.0,33.21206
500.0,0.0,0.0,228.0,0.0,944.0,852.0,7.0,43.73346
336.0,0.0,0.0,228.0,0.0,932.0,745.0,28.0,25.10382
