year,month,day,hour,PM2.5 concentration (ug/m^3),Dew Point,Temperature,Pressure (hPa),Combined wind direction,Cumulated wind speed (m/s),Cumulated hours of snow,Cumulated hours of rain
2013.0,11.0,21.0,15.0,,-7.0,-4.0,1020.0,NW,2.67,0.0,0.0
2013.0,4.0,6.0,13.0,64.0,-19.0,-5.0,1021.0,NW,55.13,0.0,0.0
2014.0,12.0,7.0,17.0,17.0,-16.0,12.0,1018.0,NE,0.99,0.0,0.0
2012.0,11.0,10.0,7.0,42.0,12.0,22.0,1013.0,SE,1.78,0.0,0.0
2010.0,10.0,13.0,13.0,34.0,0.0,15.0,1014.0,NW,1.79,0.0,0.0
2013.0,10.0,23.0,7.0,24.0,-20.0,17.0,1023.0,SE,0.89,0.0,0.0
2013.0,2.0,12.0,17.0,29.0,-3.0,-17.0,1018.0,NE,0.89,0.0,12.0
2013.0,10.0,23.0,18.0,70.0,-17.0,-3.0,1015.0,cv,3.58,0.0,0.0
2010.0,1.0,7.0,9.0,24.0,-15.0,-5.0,1015.0,cv,9.92,0.0,0.0
2013.0,4.0,16.0,22.0,9.0,16.0,3.0,1006.0,SE,0.89,0.0,0.0
2012.0,1.0,12.0,17.0,11.0,8.0,23.0,1004.0,NE,0.89,0.0,1.0
2012.0,11.0,16.0,9.0,19.0,19.0,23.0,1006.0,NW,1.79,0.0,0.0
2013.0,9.0,23.0,8.0,23.0,19.0,19.0,1020.0,NW,1.79,0.0,0.0
2011.0,6.0,3.0,3.0,57.0,-4.0,12.0,1030.0,NW,22.91,0.0,0.0
2011.0,11.0,7.0,19.0,15.0,-9.0,-4.0,1029.0,NW,5.83,0.0,0.0
2012.0,12.0,14.0,3.0,13.0,-14.0,-5.0,1012.0,NW,0.89,0.0,0.0
2014.0,4.0,11.0,8.0,88.0,-1.0,8.0,1025.0,SE,17.97,0.0,0.0
2010.0,11.0,20.0,22.0,57.0,-19.0,19.0,1018.0,cv,2.67,0.0,0.0
2013.0,15.0,12.0,12.0,14.0,-4.0,-2.0,1023.0,NW,1.79,0.0,0.0
2013.0,3.0,1.0,10.0,52.0,-15.0,-5.0,1023.0,NW,10.97,0.0,0.0
2010.0,8.0,11.0,18.0,24.0,-7.0,24.0,1036.0,SE,0.89,0.0,0.0
2012.0,12.0,5.0,12.0,127.0,-17.0,-4.0,1023.0,NW,17.02,0.0,0.0
2011.0,9.0,4.0,2.0,,-15.0,-1.0,1022.0,NW,3.13,0.0,0.0
2013.0,2.0,18.0,23.0,7.0,-11.0,-3.0,1025.0,NW,0.89,0.0,0.0
2010.0,1.0,12.0,22.0,118.0,3.0,17.0,1017.0,cv,4.58,0.0,0.0
2014.0,6.0,24.0,14.0,14.0,-5.0,-5.0,999.0,SE,0.89,0.0,0.0
2011.0,12.0,5.0,9.0,55.0,-17.0,-1.0,1029.0,cv,3.58,0.0,0.0
2011.0,3.0,1.0,6.0,16.0,-6.0,-2.0,1016.0,SE,2.79,0.0,0.0
2014.0,4.0,17.0,18.0,116.0,12.0,8.0,1013.0,NW,8.02,0.0,0.0
2011.0,6.0,4.0,5.0,67.0,14.0,20.0,1011.0,NW,0.89,0.0,0.0
2012.0,1.0,25.0,22.0,17.0,-10.0,1.0,1006.0,NW,8.79,0.0,0.0
2012.0,8.0,23.0,14.0,,-15.0,-3.0,1036.0,NW,3.13,0.0,0.0
2013.0,3.0,23.0,17.0,25.0,-8.0,-4.0,1029.0,NW,0.89,0.0,0.0
2014.0,12.0,4.0,22.0,100.0,9.0,-2.0,1025.0,cv,1.79,0.0,0.0
2010.0,2.0,8.0,21.0,9.0,-16.0,-3.0,1032.0,SE,1.78,0.0,0.0
2011.0,3.0,8.0,17.0,16.0,3.0,22.0,1023.0,NW,4.92,0.0,0.0
2011.0,4.0,23.0,2.0,23.0,-15.0,12.0,1006.0,NE,1.79,0.0,1.0
2013.0,12.0,2.0,12.0,7.0,15.0,-3.0,1006.0,cv,4.02,0.0,0.0
2014.0,12.0,3.0,6.0,16.0,-9.0,3.0,1021.0,SE,0.89,0.0,0.0
2013.0,1.0,15.0,8.0,,-4.0,-4.0,1024.0,NW,0.89,0.0,0.0
2012.0,6.0,11.0,9.0,,18.0,9.0,1017.0,cv,0.89,0.0,0.0
2012.0,3.0,3.0,14.0,16.0,-8.0,25.0,1023.0,NW,3.13,0.0,0.0
2011.0,7.0,19.0,20.0,16.0,-17.0,16.0,1031.0,NW,0.45,0.0,0.0
2011.0,5.0,8.0,8.0,55.0,-4.0,7.0,1021.0,SE,0.9,0.0,0.0
2010.0,1.0,19.0,11.0,115.0,-8.0,-2.0,1023.0,SE,1.79,0.0,1.0
2010.0,1.0,8.0,18.0,498.0,-3.0,3.0,1034.0,SE,22.7,0.0,0.0
2014.0,12.0,21.0,15.0,,-15.0,8.0,1019.0,NW,1.79,0.0,0.0
2010.0,6.0,10.0,13.0,17.0,-18.0,-7.0,1014.0,SE,9.92,0.0,0.0
2013.0,2.0,8.0,14.0,8.0,-8.0,-9.0,1023.0,NW,3.13,0.0,0.0
2012.0,8.0,3.0,11.0,155.0,14.0,15.0,1019.0,SE,11.26,0.0,0.0
2013.0,2.0,1.0,16.0,26.0,-3.0,-1.0,1026.0,SE,0.89,0.0,0.0
2013.0,12.0,18.0,12.0,12.0,-6.0,1.0,1015.0,cv,4.67,0.0,0.0
2010.0,6.0,3.0,11.0,21.0,14.0,29.0,1027.0,SE,1.78,0.0,2.0
2011.0,3.0,9.0,18.0,7.0,-17.0,25.0,1040.0,NW,5.41,0.0,0.0
2011.0,1.0,28.0,9.0,17.0,-13.0,-1.0,1014.0,NW,1.78,0.0,2.0
2012.0,6.0,21.0,21.0,1011.0,-19.0,19.0,1029.0,SE,1.79,0.0,0.0
2010.0,12.0,13.0,3.0,35.0,-4.0,-2.0,1029.0,SE,0.89,0.0,0.0
2010.0,5.0,16.0,15.0,28.0,-11.0,15.0,1014.0,NW,7.22,0.0,0.0
2011.0,11.0,22.0,19.0,58.0,-3.0,-4.0,1009.0,NW,3.13,0.0,0.0
2011.0,7.0,19.0,20.0,15.0,21.0,21.0,1002.0,NW,3.58,0.0,0.0
2013.0,1.0,31.0,22.0,6.0,-4.0,0.0,1029.0,NW,3.13,0.0,0.0
2013.0,10.0,30.0,15.0,69.0,4.0,25.0,1006.0,SE,2.67,0.0,0.0
2012.0,8.0,6.0,22.0,,15.0,29.0,1005.0,NW,0.89,0.0,0.0
2014.0,12.0,5.0,10.0,16.0,-19.0,-2.0,1032.0,NW,1.79,0.0,0.0
2010.0,1.0,23.0,10.0,13.0,-4.0,-1.0,1008.0,NW,0.89,0.0,0.0
2010.0,1.0,25.0,9.0,53.0,-2.0,-1.0,1031.0,SE,0.0,0.0,7.0
2012.0,12.0,23.0,0.0,55.0,12.0,24.0,1002.0,NW,1.78,0.0,0.0
2014.0,2.0,19.0,7.0,24.0,-12.0,4.0,1023.0,NE,0.89,0.0,0.0
2014.0,9.0,17.0,10.0,97.0,-1.0,27.0,1020.0,NW,5.58,0.0,0.0
2012.0,1.0,23.0,4.0,155.0,-15.0,-1.0,1029.0,NE,1.79,0.0,0.0
2013.0,11.0,6.0,11.0,9.0,-18.0,16.0,1038.0,NW,1.68,0.0,0.0
2010.0,11.0,22.0,22.0,53.0,1.0,8.0,1012.0,SE,8.05,0.0,0.0
2014.0,12.0,12.0,15.0,17.0,-17.0,19.0,1027.0,SE,3.13,0.0,0.0
2013.0,10.0,30.0,4.0,14.0,-26.0,10.0,1007.0,SE,0.89,0.0,0.0
2010.0,2.0,20.0,1.0,37.0,-2.0,-9.0,1017.0,NW,1.78,0.0,0.0
2013.0,5.0,21.0,1.0,36.0,-19.0,5.0,1029.0,cv,0.89,0.0,0.0
2011.0,3.0,20.0,11.0,17.0,-17.0,13.0,1023.0,SE,1.79,0.0,0.0
2012.0,10.0,18.0,11.0,,26.0,26.0,1011.0,SE,1.78,0.0,0.0
2011.0,2.0,15.0,1.0,58.0,-1.0,-6.0,1026.0,NW,4.05,0.0,0.0
2013.0,3.0,12.0,9.0,13.0,-17.0,-2.0,1033.0,cv,0.89,0.0,0.0
2012.0,10.0,23.0,14.0,22.0,-14.0,13.0,1003.0,SE,1.79,0.0,0.0
2010.0,11.0,31.0,1.0,155.0,-2.0,3.0,1006.0,NW,27.6,0.0,0.0
2014.0,2.0,8.0,3.0,7.0,-14.0,-1.0,1021.0,NW,0.89,0.0,0.0
2014.0,11.0,11.0,18.0,52.0,15.0,20.0,1007.0,SE,15.13,0.0,0.0
2011.0,3.0,14.0,5.0,5.0,-1.0,-1.0,997.0,NE,10.67,0.0,0.0
2010.0,1.0,19.0,21.0,37.0,-13.0,-7.0,1020.0,NE,13.84,0.0,0.0
2012.0,1.0,18.0,4.0,80.0,-19.0,-5.0,1010.0,cv,1.78,0.0,0.0
2010.0,3.0,18.0,12.0,,-2.0,-4.0,1019.0,NW,0.89,0.0,0.0
2010.0,5.0,4.0,10.0,482.0,-19.0,0.0,1006.0,SE,7.41,0.0,0.0
2013.0,4.0,8.0,1.0,19.0,-4.0,22.0,1032.0,NW,0.89,0.0,0.0
2012.0,10.0,11.0,13.0,70.0,12.0,35.0,1006.0,NE,2.67,0.0,0.0
2011.0,3.0,8.0,18.0,77.0,-21.0,-2.0,1030.0,NW,0.89,0.0,0.0
2014.0,10.0,7.0,12.0,9.0,-6.0,-5.0,1027.0,NW,15.21,0.0,0.0
2010.0,2.0,30.0,20.0,26.0,-2.0,0.0,1016.0,cv,7.22,0.0,0.0
2012.0,3.0,4.0,7.0,11.0,-4.0,-3.0,1001.0,NW,2.78,0.0,0.0
2011.0,8.0,15.0,9.0,87.0,16.0,17.0,1019.0,cv,1.79,0.0,0.0
2010.0,12.0,10.0,23.0,52.0,-7.0,23.0,1013.0,SE,1.79,0.0,0.0
2014.0,2.0,29.0,1.0,27.0,-7.0,-3.0,1013.0,NW,3.12,0.0,0.0
2011.0,1.0,20.0,20.0,,-19.0,-2.0,1035.0,NW,4.02,0.0,0.0
2014.0,11.0,13.0,12.0,7.0,-8.0,-16.0,1023.0,NW,1.79,0.0,0.0
2010.0,4.0,29.0,5.0,20.0,-21.0,-2.0,1026.0,NW,3.57,0.0,0.0
2014.0,10.0,5.0,3.0,6.0,-7.0,42.0,1025.0,SE,1.79,0.0,0.0
2014.0,11.0,14.0,23.0,13.0,3.0,17.0,1028.0,cv,36.04,0.0,0.0
2011.0,12.0,23.0,21.0,23.0,-5.0,0.0,1015.0,NE,0.89,0.0,0.0
2010.0,4.0,1.0,23.0,24.0,-12.0,-3.0,1030.0,cv,1.79,0.0,0.0
2013.0,3.0,22.0,19.0,36.0,-6.0,3.0,1010.0,SE,48.92,0.0,0.0
2012.0,4.0,27.0,1.0,27.0,22.0,23.0,1010.0,SE,0.89,0.0,0.0
2010.0,2.0,21.0,6.0,,-13.0,-12.0,1027.0,NW,0.89,0.0,0.0
2011.0,2.0,26.0,2.0,18.0,-11.0,0.0,1016.0,NW,1.79,0.0,0.0
2014.0,3.0,20.0,2.0,8.0,-25.0,-3.0,1026.0,cv,0.89,0.0,0.0
2010.0,3.0,26.0,13.0,66.0,20.0,20.0,1006.0,NE,0.89,0.0,0.0
2013.0,12.0,12.0,3.0,,-23.0,-3.0,1026.0,SE,36.92,0.0,0.0
2012.0,10.0,22.0,10.0,13.0,16.0,16.0,1018.0,cv,0.89,0.0,0.0
2013.0,12.0,29.0,17.0,17.0,-7.0,-2.0,1013.0,NW,1.79,0.0,0.0
2010.0,10.0,15.0,11.0,97.0,-15.0,13.0,1022.0,SE,0.89,0.0,0.0
2014.0,4.0,21.0,8.0,95.0,4.0,11.0,1009.0,cv,3.58,0.0,0.0
2011.0,3.0,10.0,2.0,,-18.0,6.0,1024.0,SE,36.13,0.0,14.0
2014.0,12.0,15.0,1.0,3.0,18.0,-1.0,1028.0,SE,1.79,0.0,0.0
2013.0,5.0,21.0,5.0,8.0,18.0,18.0,1003.0,NW,0.89,0.0,0.0
2011.0,1.0,6.0,18.0,,-6.0,-1.0,1023.0,NW,0.89,0.0,0.0
2010.0,5.0,17.0,11.0,76.0,-18.0,-1.0,1017.0,cv,3.84,0.0,0.0
2010.0,1.0,10.0,24.0,71.0,-11.0,0.0,1029.0,NE,23.92,0.0,0.0
2010.0,1.0,3.0,10.0,100.0,-11.0,3.0,1035.0,SE,1.79,0.0,0.0
2013.0,5.0,7.0,7.0,11.0,-4.0,15.0,1006.0,cv,3.13,0.0,0.0
2014.0,6.0,3.0,3.0,15.0,-13.0,-7.0,1020.0,NW,0.89,0.0,0.0
2013.0,11.0,21.0,12.0,12.0,-17.0,30.0,1018.0,SE,5.13,0.0,0.0
2014.0,2.0,20.0,17.0,16.0,-17.0,-3.0,1020.0,NE,6.13,0.0,0.0
2011.0,8.0,11.0,4.0,57.0,-5.0,9.0,1011.0,NW,16.1,0.0,0.0
2010.0,3.0,8.0,11.0,17.0,14.0,19.0,1013.0,cv,6.05,0.0,0.0
2012.0,12.0,21.0,4.0,17.0,20.0,4.0,1026.0,cv,33.34,0.0,0.0
2013.0,12.0,26.0,2.0,70.0,15.0,13.0,1010.0,SE,1.78,0.0,0.0
2011.0,12.0,8.0,11.0,13.0,6.0,2.0,1017.0,cv,4.67,0.0,0.0
2014.0,10.0,6.0,11.0,12.0,-20.0,-2.0,1020.0,cv,1.79,0.0,0.0
2014.0,4.0,7.0,16.0,76.0,19.0,23.0,1006.0,cv,1.79,0.0,0.0
2012.0,2.0,13.0,4.0,5.0,-4.0,15.0,1020.0,SE,11.07,0.0,0.0
2010.0,12.0,1.0,6.0,12.0,-17.0,17.0,1008.0,NW,1.79,0.0,0.0
2011.0,4.0,22.0,15.0,32.0,-10.0,12.0,1002.0,NW,6.81,0.0,0.0
2013.0,5.0,5.0,10.0,28.0,-2.0,19.0,1004.0,cv,12.07,0.0,0.0
2011.0,5.0,25.0,12.0,5.0,-6.0,-8.0,1023.0,SE,1.79,0.0,0.0
2012.0,12.0,22.0,23.0,19.0,-13.0,10.0,1003.0,NW,2.47,0.0,0.0
2013.0,6.0,22.0,10.0,73.0,15.0,17.0,1022.0,SE,3.57,0.0,0.0
2013.0,2.0,12.0,12.0,6.0,-10.0,-3.0,1029.0,cv,3.13,0.0,0.0
2013.0,11.0,7.0,1.0,11.0,-22.0,-22.0,1014.0,cv,0.89,0.0,0.0
2010.0,2.0,28.0,7.0,35.0,-3.0,-7.0,1023.0,SE,2.67,0.0,0.0
2013.0,2.0,30.0,5.0,36.0,0.0,23.0,1018.0,SE,4.05,0.0,0.0
2012.0,11.0,15.0,0.0,53.0,-19.0,-3.0,1030.0,NW,0.89,0.0,0.0
2012.0,4.0,16.0,8.0,10.0,-14.0,-13.0,1028.0,SE,1.79,0.0,0.0
2014.0,2.0,6.0,17.0,63.0,-1.0,-4.0,1024.0,NW,2.68,0.0,0.0
2012.0,8.0,5.0,19.0,17.0,-2.0,23.0,1009.0,cv,3.13,0.0,0.0
2012.0,3.0,8.0,22.0,76.0,-7.0,-3.0,1019.0,SE,1.79,0.0,0.0
2010.0,12.0,14.0,6.0,34.0,24.0,21.0,1002.0,cv,1.79,0.0,0.0
2013.0,11.0,22.0,16.0,0.89,-1.0,22.0,1022.0,SE,101.89,0.0,0.0
2010.0,7.0,5.0,0.0,10.0,-13.0,-5.0,1026.0,NW,0.89,0.0,0.0
2013.0,7.0,23.0,9.0,1017.0,17.0,3.0,1042.0,cv,13.78,0.0,0.0
2012.0,10.0,24.0,3.0,18.0,-7.0,-4.0,1028.0,SE,1.79,0.0,0.0
2010.0,10.0,22.0,5.0,13.0,20.0,22.0,1013.0,SE,1.79,0.0,0.0
2012.0,4.0,8.0,21.0,,13.0,15.0,1010.0,NE,0.89,0.0,0.0
2011.0,12.0,12.0,6.0,20.0,-17.0,-3.0,1020.0,NW,0.89,0.0,0.0
2013.0,8.0,14.0,23.0,81.0,0.0,30.0,1025.0,SE,3.13,0.0,0.0
2013.0,2.0,8.0,10.0,35.0,8.0,23.0,1023.0,cv,25.21,0.0,0.0
2011.0,10.0,16.0,18.0,63.0,-5.0,22.0,1028.0,cv,1.79,0.0,0.0
2010.0,8.0,14.0,10.0,90.0,14.0,19.0,1009.0,NW,17.0,0.0,0.0
2010.0,2.0,11.0,11.0,20.0,-12.0,-3.0,1027.0,cv,0.89,0.0,0.0
2013.0,4.0,24.0,21.0,42.0,-17.0,-14.0,1008.0,SE,13.4,0.0,0.0
2011.0,4.0,23.0,20.0,70.0,-17.0,25.0,1028.0,NW,0.89,0.0,0.0
2010.0,12.0,5.0,3.0,16.0,-14.0,0.0,1032.0,SE,0.89,0.0,0.0
2013.0,3.0,22.0,13.0,1.0,-5.0,-5.0,1021.0,cv,1.79,0.0,0.0
2012.0,7.0,9.0,19.0,15.0,-26.0,16.0,1021.0,NW,0.89,0.0,0.0
2011.0,2.0,20.0,20.0,69.0,-5.0,0.0,1026.0,cv,1.79,0.0,0.0
2012.0,1.0,6.0,18.0,34.0,-15.0,-3.0,1030.0,NW,4.92,0.0,0.0
2011.0,12.0,25.0,16.0,12.0,-6.0,13.0,1019.0,SE,0.89,0.0,0.0
2010.0,3.0,11.0,10.0,55.0,-1.0,19.0,1033.0,cv,5.81,0.0,0.0
2014.0,11.0,17.0,15.0,23.0,-9.0,13.0,1017.0,NW,34.76,0.0,0.0
2013.0,9.0,10.0,3.0,52.0,17.0,29.0,1012.0,NE,1.79,0.0,0.0
2014.0,2.0,14.0,15.0,9.0,-14.0,-2.0,1028.0,cv,4.47,0.0,0.0
2010.0,10.0,9.0,5.0,19.0,20.0,25.0,1002.0,SE,5.97,0.0,0.0
2011.0,11.0,10.0,4.0,12.0,-3.0,-9.0,1025.0,cv,0.89,0.0,0.0
2012.0,3.0,15.0,1.0,74.0,-10.0,3.0,1006.0,SE,1.78,0.0,0.0
2011.0,3.0,17.0,0.0,15.0,-5.0,-1.0,1035.0,cv,0.89,0.0,0.0
2010.0,8.0,8.0,4.0,100.0,4.0,3.0,1016.0,SE,8.07,0.0,0.0
2014.0,8.0,20.0,7.0,17.0,15.0,25.0,1019.0,NW,3.13,0.0,0.0
2013.0,4.0,7.0,3.0,23.0,20.0,0.89,1009.0,NW,55.84,0.0,0.0
2013.0,12.0,20.0,9.0,,-15.0,-1.0,1006.0,cv,0.89,0.0,6.0
2013.0,1.0,11.0,8.0,165.0,-10.0,-1.0,1009.0,SE,1.79,0.0,0.0
2011.0,6.0,8.0,15.0,70.0,13.0,32.0,1026.0,NW,2.68,0.0,0.0
2014.0,1.0,25.0,6.0,15.0,-12.0,-9.0,1028.0,NE,1.0,0.0,0.0
2010.0,10.0,22.0,21.0,49.0,-23.0,19.0,1030.0,SE,1.79,0.0,0.0
2012.0,10.0,4.0,3.0,6.0,15.0,13.0,1024.0,NE,0.89,0.0,0.0
2011.0,7.0,12.0,0.0,17.0,-17.0,-3.0,1022.0,cv,0.89,0.0,0.0
2010.0,2.0,20.0,19.0,,-1.0,-4.0,1011.0,SE,0.89,0.0,0.0
2012.0,7.0,15.0,19.0,63.0,-3.0,10.0,1020.0,NE,21.1,0.0,0.0
2013.0,12.0,23.0,7.0,96.0,-4.0,-1.0,1026.0,NW,3.13,0.0,0.0
2012.0,2.0,1.0,9.0,15.0,-7.0,20.0,1010.0,SE,0.89,0.0,0.0
2013.0,2.0,1.0,0.0,7.0,-22.0,-23.0,1016.0,NW,24.02,0.0,0.0
2013.0,11.0,24.0,6.0,29.0,-16.0,26.0,1030.0,NW,8.74,0.0,0.0
2013.0,10.0,8.0,11.0,81.0,18.0,18.0,1010.0,cv,2.79,0.0,0.0
2013.0,10.0,21.0,16.0,76.0,12.0,-1.0,1019.0,NW,3.02,0.0,0.0
2013.0,11.0,1.0,11.0,12.0,-8.0,-2.0,1008.0,SE,5.71,0.0,0.0
2011.0,2.0,13.0,20.0,55.0,-11.0,-3.0,1026.0,NW,25.05,0.0,0.0
2014.0,2.0,16.0,21.0,116.0,-6.0,-8.0,1028.0,NW,7.4,0.0,0.0
2012.0,2.0,3.0,11.0,74.0,-3.0,20.0,1006.0,NW,3.58,0.0,0.0
2014.0,8.0,22.0,7.0,90.0,21.0,23.0,1023.0,NW,1.79,0.0,0.0
2013.0,11.0,15.0,11.0,,-17.0,-1.0,1010.0,cv,0.89,0.0,0.0
2012.0,7.0,7.0,7.0,71.0,-5.0,-3.0,1025.0,cv,8.84,0.0,1.0
2011.0,2.0,18.0,1.0,87.0,-20.0,-4.0,1015.0,NW,0.89,0.0,0.0
2014.0,11.0,17.0,13.0,38.0,15.0,22.0,1030.0,cv,0.89,0.0,0.0
2013.0,12.0,17.0,21.0,16.0,-20.0,-10.0,1020.0,NW,0.89,0.0,0.0
2012.0,2.0,19.0,4.0,107.0,-13.0,13.0,1023.0,SE,0.89,0.0,0.0
2013.0,2.0,2.0,21.0,97.0,11.0,26.0,1020.0,cv,0.89,0.0,0.0
2011.0,9.0,31.0,26.0,49.0,25.0,26.0,1029.0,NE,3.58,0.0,0.0
2013.0,2.0,20.0,11.0,,20.0,25.0,1022.0,SE,0.89,0.0,0.0
2013.0,6.0,21.0,7.0,57.0,3.0,13.0,1015.0,SE,7.0,0.0,0.0
2010.0,12.0,9.0,3.0,14.0,-11.0,-5.0,1031.0,NW,1.79,0.0,0.0
2013.0,3.0,16.0,13.0,81.0,-4.0,-8.0,1025.0,SE,9.57,0.0,0.0
2010.0,6.0,5.0,7.0,63.0,17.0,28.0,1018.0,cv,2.68,0.0,0.0
2014.0,1.0,17.0,18.0,7.0,-1.0,-3.0,1026.0,NW,13.13,0.0,0.0
2012.0,1.0,10.0,10.0,155.0,-27.0,-1.0,1022.0,cv,6.84,0.0,0.0
2011.0,7.0,18.0,10.0,15.0,-21.0,5.0,1026.0,SE,4.02,0.0,0.0
2012.0,12.0,16.0,11.0,100.0,20.0,20.0,1023.0,NW,3.34,0.0,0.0
2014.0,2.0,25.0,20.0,52.0,3.0,17.0,1004.0,cv,28.9,0.0,0.0
2011.0,6.0,2.0,9.0,22.0,17.0,25.0,1016.0,NW,5.35,0.0,0.0
2013.0,6.0,8.0,11.0,78.0,-14.0,25.0,1020.0,cv,0.89,0.0,0.0
2010.0,11.0,24.0,1.0,17.0,-20.0,20.0,1014.0,NE,6.71,0.0,4.0
2014.0,2.0,17.0,16.0,12.0,-8.0,0.0,1025.0,NW,3.57,0.0,0.0
2011.0,7.0,7.0,14.0,,21.0,31.0,999.0,NE,6.02,0.0,0.0
2012.0,5.0,23.0,1.0,11.0,16.0,3.0,1006.0,SE,1.79,0.0,0.0
2013.0,3.0,26.0,15.0,27.0,2.0,0.0,1016.0,SE,0.89,0.0,0.0
2010.0,5.0,1.0,1.0,20.0,18.0,28.0,1001.0,cv,11.62,0.0,17.0
2011.0,7.0,23.0,18.0,155.0,-1.0,23.0,1025.0,NW,15.81,0.0,0.0
2011.0,9.0,10.0,9.0,,-8.0,-1.0,1026.0,SE,4.92,0.0,0.0
2012.0,5.0,19.0,8.0,13.0,-7.0,0.0,1001.0,NW,3.13,0.0,0.0
2011.0,2.0,13.0,16.0,,-23.0,-4.0,1031.0,NW,16.8,0.0,0.0
2010.0,4.0,11.0,15.0,27.0,-2.0,7.0,1013.0,cv,1.79,0.0,0.0
2011.0,1.0,11.0,2.0,23.0,-13.0,-2.0,1033.0,SE,2.57,0.0,0.0
2013.0,5.0,6.0,18.0,,-3.0,3.0,1023.0,SE,2.68,0.0,0.0
2013.0,6.0,19.0,4.0,26.0,15.0,18.0,1013.0,SE,0.89,0.0,0.0
2012.0,3.0,21.0,22.0,,13.0,13.0,1023.0,NW,1.79,0.0,0.0
2010.0,12.0,12.0,1.0,55.0,-11.0,10.0,1026.0,NW,0.89,0.0,0.0
2013.0,12.0,22.0,13.0,74.0,-17.0,0.0,1012.0,cv,37.58,0.0,0.0
2013.0,1.0,14.0,2.0,23.0,7.0,-3.0,1014.0,SE,1.79,0.0,0.0
2012.0,4.0,29.0,18.0,13.0,-15.0,1.0,1001.0,SE,0.89,0.0,0.0
2010.0,8.0,8.0,13.0,25.0,18.0,28.0,1010.0,cv,16.94,0.0,0.0
2013.0,1.0,15.0,12.0,8.0,-18.0,-4.0,1021.0,NW,10.37,0.0,0.0
2013.0,10.0,10.0,11.0,49.0,-18.0,20.0,1032.0,NW,7.0,0.0,0.0
2010.0,1.0,3.0,14.0,74.0,-23.0,11.0,1026.0,NW,5.58,0.0,0.0
2012.0,12.0,17.0,18.0,,-1.0,22.0,1010.0,cv,3.13,0.0,0.0
2010.0,6.0,13.0,12.0,14.0,16.0,6.0,1013.0,SE,3.13,0.0,0.0
2012.0,6.0,22.0,23.0,13.0,-10.0,-2.0,1023.0,cv,3.37,0.0,0.0
2011.0,7.0,20.0,3.0,23.0,21.0,16.0,1005.0,cv,6.81,0.0,0.0
2011.0,11.0,19.0,16.0,,26.0,2.0,1000.0,NW,22.6,0.0,0.0
2012.0,9.0,29.0,3.0,12.0,17.0,18.0,1030.0,cv,1.79,0.0,0.0
2011.0,12.0,18.0,1.0,42.0,-15.0,-1.0,1038.0,SE,1.79,0.0,0.0
2013.0,11.0,12.0,6.0,76.0,-7.0,9.0,1011.0,NW,1.79,0.0,0.0
2010.0,5.0,4.0,5.0,25.0,0.0,4.0,1018.0,NW,0.89,0.0,0.0
2011.0,2.0,20.0,18.0,4.0,-1.0,-4.0,1023.0,cv,3.13,0.0,0.0
2013.0,8.0,16.0,17.0,63.0,22.0,23.0,1021.0,cv,8.71,0.0,0.0
2013.0,10.0,21.0,8.0,7.0,15.0,16.0,1023.0,SE,1.79,0.0,0.0
2013.0,3.0,2.0,10.0,70.0,-1.0,3.0,1016.0,NW,1.79,0.0,0.0
2010.0,12.0,22.0,3.0,7.0,15.0,19.0,1011.0,NE,0.89,0.0,0.0
2014.0,1.0,7.0,1.0,15.0,-4.0,-5.0,1029.0,NW,9.92,0.0,0.0
2013.0,8.0,7.0,22.0,116.0,-8.0,24.0,1013.0,NW,2.13,0.0,0.0
2012.0,3.0,17.0,21.0,64.0,8.0,-9.0,1006.0,SE,4.71,0.0,14.0
2014.0,6.0,5.0,9.0,13.0,23.0,24.0,1012.0,cv,4.92,0.0,3.0
2013.0,2.0,11.0,8.0,24.0,-5.0,-4.0,1024.0,SE,0.45,0.0,0.0
2011.0,1.0,10.0,5.0,63.0,-17.0,-5.0,1023.0,cv,1.79,0.0,0.0
2014.0,3.0,13.0,3.0,12.0,-23.0,-5.0,1013.0,SE,1.79,0.0,0.0
2012.0,2.0,24.0,18.0,52.0,-15.0,4.0,1020.0,NE,4.81,0.0,0.0
2012.0,3.0,20.0,16.0,107.0,-7.0,-12.0,1032.0,NW,3.58,0.0,0.0
2014.0,4.0,19.0,1.0,64.0,-4.0,18.0,1030.0,NW,8.0,0.0,0.0
2013.0,9.0,28.0,15.0,,-10.0,-2.0,1021.0,SE,0.89,0.0,0.0
2014.0,12.0,21.0,12.0,53.0,-7.0,-9.0,1029.0,cv,0.89,0.0,0.0
2012.0,7.0,26.0,1.0,42.0,14.0,26.0,1001.0,NW,0.89,0.0,0.0
2010.0,12.0,22.0,20.0,42.0,-6.0,-1.0,1030.0,NW,1.79,0.0,0.0
2014.0,7.0,23.0,20.0,74.0,-20.0,-4.0,1020.0,cv,0.89,0.0,0.0
2010.0,12.0,23.0,13.0,6.0,-5.0,0.89,1017.0,SE,6.13,0.0,0.0
2011.0,11.0,12.0,7.0,57.0,-13.0,-10.0,1011.0,SE,1.78,0.0,0.0
2012.0,10.0,20.0,12.0,17.0,-18.0,28.0,1034.0,NW,20.13,0.0,0.0
2014.0,5.0,9.0,17.0,22.0,18.0,24.0,1016.0,SE,31.02,0.0,0.0
2013.0,2.0,6.0,1.0,57.0,-4.0,-3.0,1027.0,NW,4.05,0.0,0.0
2011.0,11.0,0.0,14.0,10.0,-10.0,-4.0,1020.0,NW,4.04,0.0,0.0
2011.0,12.0,27.0,23.0,,-8.0,-3.0,1022.0,NW,5.36,0.0,0.0
2011.0,2.0,17.0,12.0,11.0,-5.0,-3.0,1022.0,SE,0.89,0.0,0.0
2010.0,7.0,17.0,10.0,63.0,-18.0,-6.0,1032.0,SE,1.79,0.0,0.0
2010.0,5.0,20.0,11.0,71.0,-7.0,21.0,1014.0,SE,0.89,0.0,0.0
2011.0,2.0,22.0,9.0,50.0,-19.0,3.0,1002.0,cv,7.13,0.0,0.0
2010.0,12.0,12.0,7.0,24.0,-4.0,2.0,1006.0,NW,8.63,0.0,0.0
2011.0,2.0,25.0,15.0,90.0,-15.0,-2.0,1037.0,SE,0.89,0.0,0.0
2014.0,7.0,13.0,6.0,5.0,-19.0,-1.0,1024.0,NW,1.79,0.0,0.0
2011.0,1.0,8.0,2.0,42.0,10.0,-3.0,1025.0,cv,0.89,0.0,0.0
2013.0,9.0,11.0,12.0,26.0,12.0,19.0,1002.0,SE,7.92,0.0,5.0
2010.0,11.0,13.0,4.0,22.0,9.0,13.0,1004.0,SE,31.15,0.0,0.0
2012.0,7.0,5.0,20.0,15.0,10.0,27.0,1015.0,cv,0.0,0.0,0.0
2013.0,9.0,22.0,17.0,15.0,19.0,20.0,1002.0,NW,9.94,0.0,0.0
2010.0,5.0,3.0,19.0,63.0,-9.0,27.0,1014.0,NW,0.89,0.0,0.0
2010.0,4.0,3.0,14.0,100.0,11.0,7.0,1009.0,NE,3.13,0.0,0.0
2010.0,8.0,19.0,5.0,13.0,-1.0,10.0,1030.0,SE,0.89,0.0,0.0
2013.0,1.0,4.0,3.0,77.0,-5.0,-3.0,1040.0,cv,1.79,0.0,0.0
2014.0,2.0,2.0,0.0,7.0,-13.0,-5.0,1022.0,SE,0.89,0.0,0.0
2011.0,3.0,13.0,14.0,,19.0,20.0,1022.0,SE,1.79,0.0,0.0
2014.0,7.0,1.0,13.0,16.0,9.0,12.0,1014.0,cv,3.13,0.0,0.0
2013.0,6.0,3.0,21.0,1.0,-17.0,-3.0,1026.0,NE,0.89,0.0,0.0
2012.0,5.0,14.0,17.0,116.0,1.0,26.0,1009.0,SE,34.98,0.0,0.0
2011.0,10.0,4.0,17.0,14.0,-6.0,0.0,1029.0,NW,3.13,0.0,0.0
2014.0,10.0,23.0,6.0,,-23.0,-10.0,1011.0,SE,1.39,0.0,0.0
2011.0,8.0,26.0,15.0,25.0,23.0,16.0,1011.0,NW,26.9,0.0,0.0
2011.0,6.0,31.0,22.0,8.0,15.0,14.0,1003.0,NW,1.79,0.0,4.0
2011.0,10.0,15.0,23.0,14.0,-4.0,-3.0,1028.0,NW,0.89,0.0,0.0
2011.0,3.0,16.0,20.0,12.0,-15.0,1.0,1002.0,NW,6.05,0.0,0.0
2013.0,11.0,15.0,2.0,28.0,-22.0,-5.0,1026.0,cv,1.78,0.0,0.0
2014.0,8.0,17.0,22.0,16.0,-4.0,2.0,1004.0,NW,5.92,0.0,1.0
2010.0,11.0,5.0,22.0,81.0,11.0,22.0,1017.0,cv,11.84,0.0,0.0
2014.0,11.0,16.0,15.0,33.0,-4.0,25.0,1032.0,NW,3.54,0.0,0.0
2010.0,7.0,30.0,3.0,36.0,-2.0,-8.0,1023.0,cv,5.13,0.0,0.0
2010.0,10.0,22.0,0.0,74.0,-13.0,-5.0,1008.0,SE,3.58,0.0,0.0
2010.0,1.0,9.0,8.0,11.0,-13.0,-4.0,1021.0,cv,0.89,0.0,0.0
2012.0,1.0,10.0,8.0,12.0,-24.0,-1.0,1023.0,SE,0.89,0.0,0.0
2014.0,4.0,3.0,4.0,57.0,-4.0,6.0,1021.0,NW,3.13,0.0,0.0
2014.0,11.0,23.0,4.0,,9.0,6.0,1017.0,SE,1.79,0.0,4.0
2010.0,9.0,22.0,1.0,19.0,-8.0,7.0,1023.0,NW,0.89,0.0,0.0
2014.0,4.0,8.0,0.0,19.0,-3.0,6.0,1013.0,SE,1.79,0.0,0.0
2013.0,1.0,23.0,10.0,17.0,-15.0,3.0,1023.0,NW,0.89,0.0,0.0
2013.0,6.0,31.0,16.0,447.0,16.0,27.0,1017.0,NW,0.89,0.0,0.0
2014.0,6.0,31.0,12.0,13.0,6.0,22.0,1016.0,NW,5.81,0.0,0.0
2011.0,9.0,25.0,6.0,14.0,12.0,23.0,1003.0,NE,0.89,0.0,0.0
2011.0,3.0,10.0,22.0,100.0,-12.0,6.0,1034.0,cv,0.89,0.0,0.0
2013.0,8.0,18.0,20.0,53.0,9.0,9.0,1028.0,cv,2.68,0.0,0.0
2011.0,11.0,25.0,4.0,26.0,-6.0,0.0,1023.0,SE,0.89,0.0,0.0
2010.0,2.0,8.0,22.0,7.0,8.0,-1.0,1012.0,cv,0.89,0.0,0.0
2013.0,10.0,11.0,8.0,34.0,-8.0,25.0,1004.0,cv,0.89,0.0,0.0
2011.0,12.0,21.0,10.0,26.0,-13.0,-4.0,1023.0,cv,1.78,0.0,0.0
2014.0,11.0,13.0,10.0,9.0,-5.0,-3.0,1022.0,NW,0.89,0.0,0.0
2012.0,5.0,9.0,17.0,,-3.0,25.0,1004.0,NW,1.79,0.0,5.0
2013.0,11.0,22.0,11.0,55.0,-10.0,-3.0,1023.0,SE,0.89,0.0,0.0
2010.0,5.0,11.0,20.0,6.0,18.0,23.0,1009.0,cv,9.92,0.0,0.0
2014.0,7.0,9.0,24.0,10.0,22.0,-4.0,1006.0,SE,1.79,0.0,0.0
2011.0,10.0,5.0,16.0,13.0,-7.0,5.0,1025.0,SE,15.86,0.0,0.0
2012.0,11.0,8.0,12.0,164.0,13.0,26.0,1005.0,NW,3.58,0.0,0.0
2010.0,5.0,22.0,11.0,0.5,-3.0,2.0,1003.0,cv,0.89,0.0,0.0
2013.0,12.0,10.0,17.0,116.0,-15.0,12.0,1008.0,cv,1.79,0.0,0.0
2010.0,8.0,16.0,18.0,55.0,-21.0,-4.0,1017.0,SE,10.89,0.0,0.0
2013.0,5.0,6.0,0.0,23.0,9.0,24.0,1008.0,NW,11.05,0.0,0.0
2013.0,7.0,27.0,8.0,17.0,15.0,16.0,1010.0,NE,9.92,0.0,0.0
2013.0,8.0,12.0,13.0,28.0,6.0,3.0,1008.0,NW,11.05,0.0,1.0
2014.0,9.0,4.0,21.0,52.0,6.0,17.0,1020.0,NW,1.78,0.0,0.0
2012.0,12.0,8.0,20.0,12.0,-8.0,-3.0,1019.0,SE,12.68,0.0,1.0
2013.0,12.0,26.0,4.0,81.0,17.0,15.0,1003.0,SE,1.78,0.0,0.0
2010.0,3.0,14.0,1.0,27.0,-10.0,6.0,1022.0,NW,3.58,0.0,0.0
2010.0,2.0,17.0,16.0,76.0,-17.0,-15.0,1028.0,NW,1.78,0.0,0.0
2010.0,6.0,3.0,8.0,,23.0,29.0,1026.0,NW,0.89,0.0,0.0
2012.0,8.0,23.0,21.0,92.0,16.0,24.0,1030.0,NE,4.57,0.0,0.0
2010.0,3.0,15.0,2.0,13.0,-17.0,-5.0,1023.0,cv,1.78,0.0,0.0
2013.0,9.0,24.0,17.0,,-12.0,-6.0,1027.0,NW,100.26,0.0,0.0
2012.0,12.0,15.0,7.0,,-2.0,4.0,1014.0,NW,16.0,0.0,0.0
2010.0,7.0,8.0,19.0,9.0,-15.0,-4.0,1010.0,NW,0.89,0.0,0.0
2010.0,12.0,21.0,21.0,155.0,-15.0,28.0,1023.0,NW,32.12,0.0,0.0
2012.0,7.0,5.0,20.0,,-6.0,0.0,999.0,c,9.05,0.0,0.0
2011.0,11.0,10.0,11.0,7.0,-24.0,-5.0,1029.0,NW,1.79,0.0,0.0
2011.0,12.0,23.0,18.0,78.0,-15.0,6.0,1027.0,NW,3.13,0.0,0.0
2012.0,8.0,15.0,11.0,74.0,4.0,25.0,1023.0,NW,0.89,0.0,0.0
2010.0,2.0,27.0,6.0,13.0,-14.0,-4.0,1021.0,cv,18.52,0.0,0.0
2013.0,12.0,6.0,12.0,19.0,-15.0,-1.0,1026.0,NW,0.89,0.0,0.0
2011.0,2.0,17.0,3.0,19.0,-20.0,-13.0,1027.0,SE,2.67,0.0,0.0
2011.0,5.0,27.0,23.0,72.0,20.0,10.0,1017.0,SE,1.79,0.0,0.0
2010.0,8.0,12.0,5.0,25.0,4.0,22.0,1009.0,SE,0.89,0.0,1.0
2010.0,2.0,8.0,4.0,164.0,18.0,0.0,1029.0,cv,21.17,0.0,0.0
2012.0,4.0,22.0,15.0,21.0,-8.0,0.0,1012.0,SE,9.94,0.0,0.0
2011.0,2.0,14.0,16.0,7.0,-4.0,-4.0,1027.0,SE,1.79,0.0,0.0
2011.0,11.0,17.0,14.0,63.0,22.0,23.0,1008.0,cv,3.13,0.0,0.0
2010.0,5.0,30.0,16.0,76.0,8.0,23.0,1011.0,NW,1.79,0.0,0.0
2011.0,11.0,26.0,0.0,63.0,-14.0,-19.0,1032.0,cv,1.79,0.0,0.0
2012.0,8.0,16.0,5.0,74.0,-8.0,25.0,1030.0,SE,0.89,0.0,0.0
2012.0,1.0,6.0,0.0,16.0,-6.0,26.0,1009.0,NW,4.92,0.0,7.0
2013.0,2.0,13.0,13.0,74.0,-17.0,-24.0,1023.0,NE,0.89,0.0,0.0
2013.0,5.0,14.0,12.0,33.0,16.0,20.0,1012.0,cv,0.89,0.0,0.0
2014.0,5.0,11.0,10.0,17.0,-8.0,-3.0,1019.0,NW,1.79,0.0,0.0
2012.0,2.0,5.0,6.0,8.0,-17.0,9.0,1020.0,NW,2.67,0.0,0.0
2013.0,2.0,9.0,3.0,26.0,-17.0,-1.0,1030.0,SE,6.26,0.0,0.0
2013.0,12.0,18.0,21.0,32.0,-11.0,-13.0,1014.0,NW,0.89,0.0,0.0
2011.0,1.0,26.0,19.0,6.0,-8.0,-6.0,1023.0,NW,11.92,0.0,0.0
2010.0,1.0,18.0,14.0,81.0,-10.0,-4.0,1013.0,NE,37.58,0.0,0.0
2010.0,1.0,18.0,8.0,22.0,-6.0,-2.0,1023.0,NE,0.89,0.0,0.0
2010.0,12.0,26.0,22.0,52.0,13.0,13.0,1016.0,NW,3.58,0.0,0.0
2013.0,5.0,19.0,3.0,,19.0,28.0,1029.0,NW,0.89,0.0,0.0
2014.0,1.0,23.0,6.0,6.0,-4.0,3.0,1020.0,SE,0.89,0.0,0.0
2012.0,7.0,6.0,12.0,13.0,7.0,23.0,1001.0,cv,2.68,0.0,0.0
2012.0,1.0,4.0,0.0,55.0,-9.0,-4.0,1016.0,NW,1.79,0.0,0.0
2012.0,2.0,12.0,17.0,,17.0,31.0,1009.0,NW,1.79,0.0,0.0
2012.0,1.0,13.0,10.0,57.0,-6.0,-7.0,1021.0,NW,0.89,0.0,0.0
2012.0,2.0,12.0,3.0,55.0,-15.0,19.0,1004.0,SE,9.92,0.0,0.0
2012.0,6.0,23.0,4.0,49.0,17.0,5.0,1029.0,SE,0.89,0.0,0.0
2011.0,11.0,8.0,2.0,53.0,-14.0,-3.0,1019.0,NW,1.79,0.0,0.0
2011.0,6.0,22.0,17.0,76.0,21.0,25.0,1006.0,SE,16.6,0.0,0.0
2013.0,11.0,20.0,4.0,65.0,7.0,8.0,1005.0,NW,1.79,0.0,0.0
2010.0,5.0,5.0,15.0,33.0,5.0,23.0,1004.0,NW,19.58,0.0,0.0
2013.0,8.0,12.0,13.0,9.0,-15.0,-2.0,1020.0,SE,39.42,0.0,0.0
2011.0,1.0,10.0,3.0,28.0,-18.0,-7.0,1021.0,cv,8.37,0.0,0.0
2013.0,12.0,7.0,21.0,16.0,23.0,20.0,1027.0,SE,1.79,0.0,6.0
2010.0,2.0,29.0,6.0,12.0,15.0,11.0,1018.0,cv,1.79,0.0,0.0
2011.0,12.0,11.0,14.0,52.0,9.0,11.0,1029.0,cv,0.89,0.0,0.0
2014.0,5.0,20.0,22.0,10.0,21.0,21.0,1023.0,SE,1.79,0.0,0.0
2012.0,6.0,22.0,10.0,11.0,14.0,28.0,1028.0,NW,5.47,0.0,0.0
2012.0,6.0,12.0,1.0,58.0,21.0,23.0,1013.0,SE,31.92,0.0,0.0
2011.0,10.0,10.0,3.0,13.0,-8.0,-2.0,1023.0,cv,2.68,0.0,0.0
2012.0,9.0,16.0,5.0,67.0,-7.0,-1.0,1020.0,NW,2.79,0.0,0.0
2013.0,11.0,9.0,1.0,13.0,-3.0,-1.0,1029.0,NW,1.79,0.0,0.0
2011.0,10.0,29.0,9.0,37.0,-4.0,-8.0,1030.0,NW,35.58,0.0,0.0
2012.0,11.0,23.0,4.0,79.0,-6.0,3.0,1005.0,cv,3.13,0.0,0.0
2011.0,3.0,4.0,22.0,16.0,-17.0,-4.0,1003.0,NW,1.79,0.0,0.0
2012.0,2.0,16.0,13.0,,5.0,15.0,1009.0,NE,0.89,0.0,0.0
2010.0,2.0,12.0,4.0,16.0,-6.0,-4.0,1018.0,cv,6.43,0.0,0.0
2010.0,1.0,21.0,10.0,22.0,3.0,4.0,1007.0,SE,1.79,0.0,0.0
2011.0,2.0,24.0,4.0,,-17.0,-8.0,1019.0,SE,2.67,0.0,0.0
2010.0,5.0,3.0,22.0,16.0,18.0,21.0,1028.0,cv,0.89,0.0,0.0
2011.0,1.0,12.0,5.0,7.0,10.0,10.0,1002.0,NW,28.5,0.0,0.0
2013.0,2.0,15.0,8.0,73.0,-14.0,-2.0,1017.0,NW,1.79,0.0,0.0
2013.0,10.0,18.0,12.0,101.0,20.0,23.0,1020.0,NW,2.79,0.0,0.0
2011.0,8.0,20.0,25.0,17.0,-15.0,-14.0,1006.0,cv,45.37,0.0,0.0
2011.0,11.0,8.0,0.0,17.0,-2.0,-6.0,1040.0,SE,3.58,0.0,12.0
2014.0,6.0,14.0,13.0,78.0,13.0,26.0,1031.0,cv,4.02,0.0,0.0
2014.0,11.0,9.0,7.0,20.0,8.0,23.0,1008.0,cv,52.33,0.0,0.0
2013.0,3.0,20.0,21.0,19.0,-15.0,-6.0,1025.0,NW,8.22,0.0,0.0
2011.0,12.0,16.0,9.0,27.0,-14.0,-9.0,1025.0,NW,3.13,0.0,0.0
2011.0,9.0,28.0,12.0,17.0,-10.0,-5.0,1021.0,SE,4.05,0.0,0.0
2010.0,7.0,0.0,0.0,16.0,-22.0,-1.0,1020.0,SE,1.79,0.0,0.0
2014.0,6.0,10.0,18.0,0.5,-17.0,-3.0,1028.0,cv,23.89,0.0,0.0
2013.0,12.0,9.0,9.0,,-4.0,23.0,1020.0,cv,3.13,0.0,4.0
2010.0,10.0,20.0,1.0,29.0,-9.0,0.0,1005.0,NW,25.89,0.0,0.0
2010.0,9.0,18.0,19.0,20.0,-8.0,3.0,1007.0,NW,0.89,0.0,0.0
2011.0,12.0,11.0,12.0,13.0,-11.0,-3.0,1020.0,SE,0.89,0.0,0.0
2010.0,3.0,13.0,1.0,43.0,-8.0,-1.0,1022.0,SE,4.02,0.0,0.0
2013.0,3.0,25.0,18.0,22.0,-4.0,-4.0,1023.0,NW,4.02,0.0,0.0
2011.0,10.0,15.0,21.0,,-7.0,9.0,1030.0,NW,1.79,0.0,0.0
2011.0,1.0,24.0,11.0,30.0,-4.0,-2.0,1023.0,NW,4.02,0.0,0.0
2010.0,2.0,23.0,23.0,56.0,-9.0,0.0,1003.0,cv,1.79,0.0,0.0
2011.0,1.0,8.0,20.0,26.0,-22.0,5.0,1020.0,NW,1.79,0.0,0.0
2010.0,12.0,12.0,16.0,3.0,-10.0,-4.0,1032.0,NW,0.89,0.0,0.0
2012.0,7.0,3.0,8.0,24.0,-14.0,8.0,1011.0,SE,3.13,0.0,0.0
2014.0,2.0,27.0,8.0,39.0,18.0,-7.0,1028.0,cv,0.89,0.0,0.0
2012.0,3.0,4.0,13.0,41.0,-24.0,22.0,1036.0,NW,21.0,0.0,3.0
2014.0,11.0,15.0,9.0,10.0,-19.0,7.0,1008.0,NW,1.79,0.0,0.0
2011.0,12.0,8.0,19.0,27.0,-20.0,5.0,1019.0,SE,0.89,0.0,0.0
2010.0,12.0,6.0,3.0,16.0,-5.0,-3.0,1027.0,NW,0.0,0.0,0.0
2012.0,6.0,1.0,7.0,10.0,12.0,20.0,1009.0,cv,0.89,0.0,0.0
2013.0,10.0,16.0,8.0,52.0,-14.0,13.0,1013.0,SE,7.13,0.0,0.0
2012.0,12.0,10.0,17.0,97.0,-22.0,-2.0,1027.0,NW,0.89,0.0,0.0
2012.0,6.0,21.0,10.0,17.0,-3.0,17.0,1011.0,SE,4.92,0.0,0.0
2011.0,9.0,29.0,11.0,13.0,-17.0,-2.0,1029.0,SE,1.79,0.0,0.0
2010.0,9.0,18.0,19.0,,3.0,11.0,1013.0,SE,4.92,0.0,0.0
2012.0,12.0,4.0,21.0,19.0,-8.0,5.0,1020.0,SE,1.79,0.0,0.0
2010.0,3.0,21.0,12.0,13.0,-11.0,-1.0,1021.0,NW,0.89,0.0,0.0
2013.0,4.0,14.0,14.0,63.0,3.0,22.0,1019.0,cv,0.89,0.0,0.0
2010.0,7.0,3.0,8.0,78.0,15.0,25.0,1014.0,NW,1.79,0.0,0.0
2014.0,4.0,13.0,16.0,28.0,13.0,41.0,1031.0,NW,12.0,0.0,0.0
2013.0,1.0,5.0,7.0,78.0,-2.0,-3.0,1020.0,NW,7.6,0.0,0.0
2011.0,2.0,5.0,3.0,27.0,-15.0,20.0,1013.0,NE,1.79,0.0,0.0
2014.0,11.0,27.0,9.0,17.0,-7.0,2.0,1006.0,NW,3.57,0.0,0.0
2012.0,2.0,19.0,22.0,17.0,-7.0,4.0,1007.0,SE,20.2,0.0,0.0
2011.0,11.0,29.0,3.0,12.0,-14.0,21.0,1029.0,SE,8.57,0.0,0.0
2011.0,11.0,21.0,17.0,6.0,-16.0,9.0,1012.0,SE,2.68,0.0,0.0
2012.0,2.0,31.0,21.0,57.0,-14.0,-4.0,1029.0,NW,1.79,0.0,0.0
2012.0,12.0,8.0,3.0,48.0,-1.0,-7.0,1011.0,SE,4.97,0.0,0.0
2010.0,7.0,30.0,0.0,13.0,1.0,1.0,1030.0,cv,0.89,0.0,0.0
2013.0,1.0,27.0,1.0,52.0,-17.0,26.0,1021.0,SE,1.78,0.0,0.0
2010.0,1.0,24.0,1.0,24.0,-7.0,7.0,1017.0,SE,0.89,0.0,0.0
2011.0,2.0,20.0,8.0,53.0,19.0,20.0,1007.0,SE,1.79,0.0,0.0
2011.0,11.0,28.0,12.0,73.0,-1.0,-1.0,1014.0,cv,1.79,0.0,0.0
2010.0,1.0,4.0,14.0,14.0,23.0,10.0,1013.0,SE,9.92,0.0,0.0
2014.0,12.0,17.0,10.0,27.0,-22.0,-4.0,1019.0,NW,7.11,0.0,0.0
2011.0,2.0,7.0,10.0,100.0,-14.0,-1.0,1023.0,cv,1.79,0.0,0.0
2014.0,6.0,21.0,16.0,37.0,-15.0,9.0,1026.0,NE,12.52,0.0,0.0
2013.0,11.0,28.0,4.0,22.0,-10.0,3.0,1010.0,SE,1.79,0.0,0.0
2010.0,10.0,31.0,19.0,26.0,-17.0,-2.0,1005.0,cv,0.89,0.0,0.0
2011.0,3.0,22.0,5.0,63.0,7.0,-7.0,999.0,NE,0.89,0.0,0.0
2012.0,2.0,19.0,20.0,9.0,-3.0,-3.0,1020.0,NW,13.92,0.0,0.0
2012.0,5.0,25.0,17.0,10.0,-3.0,-8.0,1014.0,cv,0.89,0.0,0.0
2010.0,12.0,7.0,5.0,,-14.0,-6.0,1022.0,SE,1.79,0.0,0.0
2012.0,10.0,16.0,21.0,76.0,10.0,19.0,1013.0,cv,23.24,0.0,0.0
2011.0,6.0,30.0,5.0,16.0,17.0,25.0,1008.0,NW,1.79,0.0,0.0
2010.0,11.0,19.0,3.0,8.0,15.0,20.0,1019.0,SE,4.02,0.0,0.0
2012.0,3.0,7.0,9.0,13.0,-30.0,4.0,1028.0,SE,4.92,0.0,0.0
2012.0,11.0,30.0,15.0,13.0,-11.0,0.0,1023.0,SE,0.89,0.0,0.0
2014.0,11.0,2.0,8.0,,-20.0,-2.0,1014.0,cv,0.89,0.0,0.0
2014.0,12.0,20.0,8.0,8.0,-1.0,16.0,1028.0,cv,7.12,0.0,0.0
2014.0,3.0,6.0,12.0,37.0,-14.0,-3.0,1040.0,NE,0.89,0.0,0.0
2010.0,2.0,21.0,21.0,37.0,-5.0,-3.0,1035.0,NE,32.52,0.0,1.0
2012.0,1.0,25.0,5.0,28.0,-17.0,-4.0,1010.0,NW,3.13,0.0,0.0
2012.0,5.0,11.0,13.0,94.0,-18.0,-6.0,1020.0,SE,0.89,0.0,0.0
2014.0,4.0,14.0,17.0,12.0,-17.0,25.0,1006.0,NW,0.89,0.0,0.0
2010.0,10.0,5.0,10.0,33.0,-23.0,5.0,1027.0,NW,5.0,0.0,0.0
2014.0,3.0,3.0,9.0,437.0,-2.0,4.0,1022.0,NW,0.89,0.0,0.0
2010.0,11.0,9.0,3.0,22.0,19.0,19.0,1019.0,SE,3.05,0.0,0.0
2011.0,1.0,13.0,20.0,16.0,-14.0,-3.0,1032.0,NW,0.89,0.0,0.0
2013.0,4.0,4.0,3.0,9.0,-19.0,26.0,1029.0,SE,0.89,0.0,1.0
2013.0,10.0,28.0,5.0,23.0,-12.0,1.0,1019.0,cv,0.89,0.0,0.0
2011.0,1.0,1.0,0.0,20.0,-3.0,-3.0,1021.0,NW,10.83,0.0,0.0
2014.0,6.0,7.0,9.0,155.0,-4.0,24.0,1027.0,SE,1.79,0.0,0.0
2012.0,1.0,2.0,13.0,76.0,-5.0,-11.0,1016.0,cv,0.89,0.0,0.0
2013.0,3.0,2.0,8.0,28.0,18.0,8.0,1009.0,cv,4.81,0.0,0.0
2011.0,10.0,24.0,15.0,164.0,21.0,21.0,1015.0,SE,8.92,0.0,0.0
2013.0,5.0,21.0,21.0,17.0,-17.0,-2.0,1012.0,NW,33.02,0.0,0.0
2010.0,3.0,18.0,16.0,16.0,-13.0,21.0,1012.0,cv,0.89,0.0,0.0
2010.0,5.0,15.0,2.0,13.0,-12.0,-5.0,1023.0,SE,1.79,0.0,0.0
2010.0,5.0,18.0,6.0,,16.0,30.0,1027.0,NW,4.92,0.0,0.0
2011.0,1.0,16.0,16.0,,-19.0,-18.0,1019.0,NW,0.89,0.0,0.0
2011.0,3.0,11.0,6.0,19.0,-20.0,-4.0,1020.0,SE,0.89,0.0,0.0
2011.0,11.0,20.0,21.0,22.0,-11.0,0.0,1017.0,SE,0.89,0.0,0.0
2013.0,12.0,4.0,0.0,,4.0,22.0,1033.0,cv,1.79,0.0,0.0
2013.0,11.0,22.0,8.0,37.0,-3.0,25.0,1014.0,NW,24.78,0.0,0.0
2013.0,5.0,13.0,16.0,16.0,3.0,20.0,1009.0,NW,16.82,0.0,0.0
2011.0,12.0,20.0,21.0,81.0,13.0,13.0,1023.0,NW,0.89,0.0,0.0
2011.0,11.0,8.0,6.0,7.0,-21.0,-5.0,1015.0,NW,5.36,0.0,0.0
2011.0,9.0,20.0,13.0,71.0,13.0,27.0,1025.0,SE,4.92,0.0,0.0
2012.0,12.0,10.0,2.0,3.0,-16.0,-5.0,1024.0,NW,3.13,0.0,0.0
2010.0,2.0,3.0,3.0,100.0,-3.0,-9.0,1025.0,cv,1.79,0.0,0.0
2012.0,11.0,16.0,21.0,8.0,-10.0,-3.0,1028.0,NE,22.8,0.0,0.0
2010.0,2.0,16.0,23.0,12.0,-4.0,21.0,1030.0,NE,3.13,0.0,0.0
2011.0,2.0,12.0,11.0,5.0,9.0,-7.0,1009.0,cv,5.71,0.0,0.0
2012.0,2.0,30.0,4.0,16.0,-15.0,-11.0,1021.0,NW,37.47,0.0,0.0
2010.0,8.0,15.0,7.0,29.0,14.0,16.0,1015.0,NW,1.79,0.0,0.0
2010.0,4.0,3.0,9.0,22.0,15.0,12.0,1023.0,NW,0.89,0.0,0.0
2011.0,9.0,26.0,15.0,13.0,7.0,23.0,1025.0,NW,3.58,0.0,0.0
2012.0,11.0,16.0,10.0,55.0,-22.0,-3.0,1030.0,NW,1.79,0.0,0.0
2010.0,2.0,20.0,16.0,52.0,-2.0,-7.0,1027.0,NW,3.13,0.0,0.0
2011.0,2.0,12.0,5.0,,-5.0,-8.0,1025.0,NW,0.89,0.0,0.0
2014.0,12.0,11.0,17.0,63.0,-20.0,13.0,1027.0,SE,3.58,0.0,0.0
2013.0,9.0,11.0,3.0,,-21.0,-3.0,1020.0,NW,1.79,0.0,0.0
2011.0,1.0,21.0,9.0,100.0,18.0,11.0,1003.0,NE,0.89,0.0,0.0
2013.0,10.0,3.0,12.0,93.0,9.0,26.0,1021.0,NE,4.13,0.0,0.0
2014.0,1.0,0.0,3.0,73.0,-5.0,-3.0,1019.0,NW,0.89,0.0,0.0
2014.0,11.0,2.0,5.0,10.0,-5.0,-2.0,1024.0,NE,17.82,0.0,6.0
2010.0,2.0,27.0,8.0,12.0,-15.0,-6.0,1013.0,NW,0.89,0.0,0.0
2014.0,2.0,24.0,0.0,1.0,-6.0,21.0,1022.0,NW,0.89,0.0,0.0
2013.0,6.0,18.0,10.0,49.0,-11.0,-3.0,1013.0,SE,1.79,0.0,0.0
2012.0,10.0,18.0,6.0,5.0,-6.0,1.0,1004.0,SE,6.07,0.0,0.0
2014.0,1.0,7.0,13.0,,-13.0,0.0,1023.0,SE,0.89,0.0,0.0
2012.0,11.0,7.0,11.0,,-7.0,-5.0,1021.0,cv,17.47,0.0,0.0
2011.0,7.0,17.0,1.0,63.0,-5.0,-3.0,1033.0,cv,0.89,0.0,0.0
2013.0,2.0,6.0,0.0,64.0,-11.0,-5.0,1023.0,SE,1.79,0.0,0.0
2012.0,6.0,16.0,5.0,63.0,-19.0,19.0,1019.0,NW,8.13,0.0,0.0
2014.0,1.0,20.0,22.0,21.0,-15.0,-1.0,1025.0,NW,0.89,0.0,0.0
2013.0,3.0,5.0,1.0,3.0,-5.0,-4.0,1025.0,NW,3.13,0.0,0.0
2011.0,11.0,12.0,9.0,34.0,-10.0,-2.0,1020.0,cv,23.36,0.0,0.0
2014.0,1.0,8.0,20.0,,-14.0,-2.0,1021.0,SE,3.47,0.0,0.0
2013.0,10.0,11.0,10.0,17.0,-15.0,-2.0,1034.0,NW,3.13,0.0,0.0
2012.0,12.0,16.0,9.0,0.5,-6.0,-1.0,1030.0,cv,1.79,0.0,0.0
2011.0,3.0,26.0,7.0,14.0,-17.0,-1.0,1036.0,cv,16.23,0.0,0.0
2014.0,9.0,29.0,1.0,0.89,8.0,20.0,1021.0,SE,0.89,0.0,0.0
2013.0,2.0,28.0,19.0,24.0,-6.0,-3.0,1024.0,NW,1.78,0.0,0.0
2012.0,6.0,20.0,1.0,,18.0,19.0,1003.0,SE,16.13,0.0,0.0
2014.0,6.0,1.0,5.0,17.0,-13.0,-4.0,1023.0,cv,0.89,0.0,0.0
2011.0,2.0,17.0,22.0,17.0,22.0,22.0,1023.0,NE,34.92,0.0,0.0
2011.0,1.0,8.0,4.0,20.0,-19.0,0.0,1022.0,cv,11.97,0.0,0.0
2011.0,2.0,20.0,15.0,13.0,-7.0,-11.0,1023.0,NW,1.79,0.0,0.0
2013.0,9.0,19.0,19.0,63.0,-25.0,0.0,1017.0,SE,2.68,0.0,0.0
2014.0,6.0,18.0,16.0,29.0,1.0,13.0,1034.0,SE,0.89,0.0,0.0
2014.0,2.0,6.0,9.0,71.0,-16.0,-2.0,1020.0,cv,0.89,0.0,0.0
2010.0,9.0,4.0,22.0,35.0,8.0,3.0,1009.0,SE,0.89,0.0,0.0
2010.0,2.0,4.0,6.0,34.0,-1.0,0.0,1022.0,NW,0.89,0.0,0.0
2011.0,2.0,7.0,1.0,27.0,13.0,19.0,1012.0,NW,1.79,0.0,0.0
2014.0,5.0,12.0,22.0,48.0,-12.0,-1.0,1029.0,NW,0.89,0.0,0.0
2013.0,5.0,13.0,22.0,42.0,3.0,9.0,1012.0,NW,1.79,0.0,0.0
2014.0,1.0,13.0,4.0,11.0,-6.0,-2.0,1026.0,cv,0.45,0.0,0.0
2014.0,2.0,22.0,10.0,17.0,-6.0,-14.0,1020.0,SE,1.79,0.0,0.0
2014.0,12.0,27.0,11.0,81.0,-24.0,20.0,1012.0,SE,0.89,0.0,0.0
2011.0,8.0,16.0,11.0,12.0,14.0,20.0,1015.0,NW,1.79,0.0,0.0
2011.0,8.0,4.0,18.0,13.0,-19.0,-6.0,1007.0,NW,1.78,0.0,0.0
2010.0,1.0,17.0,1.0,14.0,-15.0,-11.0,1020.0,SE,1.79,0.0,0.0
2013.0,6.0,20.0,1.0,22.0,28.0,-1.0,1021.0,cv,0.89,0.0,0.0
2010.0,10.0,12.0,10.0,90.0,3.0,23.0,1005.0,NE,1.79,0.0,0.0
2010.0,3.0,19.0,12.0,49.0,11.0,11.0,1036.0,NW,9.63,0.0,0.0
2011.0,2.0,13.0,23.0,5.0,8.0,15.0,1003.0,NW,1.78,0.0,0.0
2012.0,2.0,13.0,11.0,18.0,-4.0,-0.0,1020.0,cv,0.89,0.0,0.0
2010.0,4.0,11.0,10.0,55.0,-14.0,-3.0,1009.0,NE,3.13,0.0,0.0
2012.0,6.0,6.0,11.0,52.0,0.0,25.0,1013.0,cv,0.45,0.0,0.0
2011.0,3.0,26.0,5.0,16.0,-6.0,-6.0,1028.0,NW,0.89,0.0,0.0
2011.0,2.0,21.0,1.0,5.0,-17.0,-1.0,1027.0,NW,1.79,0.0,0.0
2010.0,2.0,11.0,14.0,27.0,-6.0,-1.0,1027.0,cv,1.79,0.0,0.0
2012.0,7.0,30.0,0.0,15.0,-17.0,32.0,1006.0,SE,0.89,0.0,0.0
2011.0,10.0,15.0,29.0,25.0,7.0,25.0,1008.0,NW,7.17,0.0,3.0
2013.0,9.0,12.0,2.0,1016.0,21.0,21.0,1009.0,SE,8.67,0.0,0.0
2013.0,2.0,23.0,16.0,101.0,-12.0,19.0,1027.0,NW,8.02,0.0,0.0
2011.0,11.0,10.0,17.0,28.0,-19.0,-4.0,1026.0,SE,3.58,0.0,0.0
2010.0,7.0,17.0,7.0,11.0,11.0,20.0,1015.0,SE,1.79,0.0,0.0
2011.0,9.0,15.0,11.0,13.0,3.0,10.0,1022.0,SE,1.78,0.0,0.0
2014.0,8.0,14.0,2.0,9.0,-13.0,22.0,1015.0,NW,1.79,0.0,7.0
2010.0,5.0,30.0,3.0,7.0,20.0,20.0,1023.0,NW,2.67,0.0,0.0
2014.0,3.0,15.0,12.0,,-19.0,18.0,1009.0,NE,6.92,0.0,0.0
2014.0,10.0,29.0,8.0,12.0,-17.0,-3.0,1012.0,NW,1.79,0.0,0.0
2014.0,11.0,7.0,12.0,33.0,18.0,17.0,1014.0,SE,1.79,0.0,0.0
2013.0,5.0,10.0,16.0,,-8.0,-9.0,1031.0,SE,34.58,0.0,0.0
2012.0,5.0,11.0,16.0,13.0,20.0,23.0,1029.0,SE,9.92,0.0,0.0
2014.0,2.0,11.0,16.0,6.0,-17.0,-3.0,1021.0,cv,0.89,0.0,0.0
2010.0,3.0,7.0,0.0,16.0,-15.0,23.0,1021.0,SE,1.79,0.0,0.0
2011.0,2.0,27.0,12.0,10.0,-22.0,-1.0,1017.0,NE,3.15,0.0,0.0
2012.0,3.0,23.0,3.0,33.0,-17.0,1.0,1022.0,NW,1.79,0.0,1.0
2010.0,12.0,19.0,1.0,97.0,-23.0,31.0,1020.0,NE,3.58,0.0,0.0
2013.0,1.0,7.0,21.0,,-17.0,-5.0,1011.0,NW,1.79,0.0,0.0
2014.0,3.0,24.0,9.0,25.0,0.0,28.0,1012.0,SE,0.89,0.0,0.0
2012.0,1.0,3.0,5.0,77.0,-11.0,-8.0,1023.0,cv,1.78,0.0,0.0
2011.0,3.0,15.0,1.0,18.0,-3.0,-3.0,1027.0,NW,3.13,0.0,0.0
2013.0,4.0,7.0,22.0,7.0,17.0,27.0,1006.0,SE,5.82,0.0,0.0
2013.0,7.0,24.0,19.0,27.0,29.0,29.0,1012.0,NW,10.81,0.0,0.0
2011.0,2.0,10.0,16.0,9.0,-3.0,2.0,1028.0,NW,1.79,0.0,0.0
2013.0,9.0,10.0,0.0,26.0,-19.0,-1.0,1013.0,NW,1.79,0.0,0.0
2012.0,10.0,12.0,6.0,101.0,-6.0,-3.0,1022.0,NE,0.89,0.0,0.0
2011.0,1.0,21.0,18.0,11.0,-6.0,-2.0,1006.0,cv,2.68,0.0,0.0
2010.0,2.0,27.0,11.0,11.0,-19.0,-8.0,1020.0,NW,0.89,0.0,0.0
2013.0,10.0,12.0,22.0,13.0,-3.0,-5.0,1042.0,NW,17.5,0.0,0.0
2011.0,11.0,19.0,18.0,52.0,-3.0,-1.0,1009.0,SE,2.68,0.0,0.0
2013.0,12.0,20.0,10.0,34.0,-18.0,-3.0,1008.0,NW,1.79,0.0,0.0
2013.0,11.0,10.0,8.0,81.0,-14.0,0.5,1012.0,SE,1.79,0.0,0.0
2013.0,12.0,23.0,9.0,27.0,-3.0,-4.0,1027.0,cv,0.89,0.0,4.0
2014.0,12.0,2.0,0.0,8.0,-15.0,1.0,1026.0,SE,13.7,0.0,0.0
2012.0,12.0,6.0,20.0,116.0,-5.0,0.0,1022.0,NW,6.81,0.0,0.0
2012.0,3.0,30.0,2.0,63.0,5.0,23.0,1017.0,NW,21.84,0.0,0.0
2013.0,1.0,27.0,22.0,94.0,-6.0,-5.0,1016.0,NW,3.13,0.0,0.0
2011.0,9.0,24.0,20.0,85.0,-6.0,-4.0,1031.0,NW,8.05,0.0,0.0
2011.0,7.0,25.0,16.0,22.0,11.0,10.0,1018.0,SE,2.67,0.0,0.0
2010.0,8.0,14.0,20.0,18.0,-4.0,1.0,1029.0,cv,13.92,0.0,0.0
2010.0,4.0,6.0,11.0,101.0,-15.0,18.0,1022.0,SE,9.46,0.0,0.0
2012.0,3.0,12.0,23.0,48.0,3.0,19.0,1134.0,SE,26.96,0.0,0.0
2011.0,10.0,19.0,7.0,38.0,5.0,23.0,1013.0,SE,0.89,0.0,0.0
2010.0,3.0,16.0,18.0,13.0,-10.0,-3.0,1021.0,cv,1.79,0.0,0.0
2012.0,10.0,1.0,14.0,22.0,17.0,22.0,1027.0,SE,1.78,0.0,0.0
2014.0,2.0,27.0,8.0,10.0,0.0,13.0,1024.0,SE,0.89,0.0,0.0
2011.0,7.0,1.0,6.0,9.0,-7.0,-5.0,1029.0,SE,3.13,0.0,0.0
2012.0,1.0,19.0,0.0,76.0,-19.0,-3.0,1013.0,NW,15.13,0.0,0.0
2011.0,11.0,11.0,17.0,16.0,9.0,18.0,1031.0,cv,0.89,0.0,0.0
2010.0,2.0,0.0,21.0,6.0,-1.0,-4.0,1020.0,cv,0.89,0.0,0.0
2013.0,12.0,16.0,5.0,90.0,-14.0,-6.0,1026.0,NW,0.89,0.0,0.0
2013.0,8.0,18.0,6.0,37.0,7.0,16.0,1003.0,NE,0.45,0.0,0.0
2011.0,9.0,20.0,18.0,50.0,26.0,26.0,1019.0,NW,48.02,0.0,0.0
2011.0,12.0,6.0,9.0,14.0,15.0,21.0,1018.0,cv,31.92,0.0,0.0
2014.0,5.0,16.0,11.0,39.0,20.0,20.0,1019.0,SE,3.13,0.0,0.0
2011.0,2.0,9.0,20.0,21.0,-18.0,-4.0,1018.0,cv,4.92,0.0,0.0
2011.0,8.0,10.0,4.0,7.0,-2.0,22.0,1027.0,NW,1.79,0.0,0.0
2014.0,4.0,19.0,12.0,3.0,7.0,0.0,1020.0,cv,4.81,0.0,0.0
2011.0,7.0,8.0,2.0,15.0,19.0,10.0,1019.0,NW,4.02,0.0,0.0
2010.0,10.0,10.0,0.0,22.0,-5.0,-4.0,1030.0,NW,14.13,0.0,0.0
2013.0,2.0,19.0,10.0,19.0,-10.0,-3.0,1012.0,SE,1.78,0.0,0.0
2012.0,10.0,20.0,18.0,53.0,21.0,22.0,1014.0,cv,22.26,0.0,0.0
2010.0,7.0,19.0,21.0,57.0,20.0,19.0,1025.0,NW,3.58,0.0,0.0
2011.0,6.0,2.0,14.0,,-6.0,-4.0,1023.0,cv,3.13,0.0,0.0
2011.0,9.0,4.0,11.0,27.0,-11.0,-4.0,1017.0,SE,19.22,0.0,0.0
2014.0,12.0,13.0,1.0,,-25.0,-4.0,1022.0,cv,1.79,0.0,0.0
2013.0,3.0,21.0,24.0,7.0,12.0,15.0,1024.0,SE,1.79,0.0,0.0
2012.0,2.0,20.0,0.0,26.0,-12.0,-1.0,1022.0,SE,0.89,0.0,0.0
2010.0,4.0,21.0,7.0,16.0,-13.0,3.0,1027.0,SE,0.89,0.0,0.0
2010.0,12.0,25.0,16.0,55.0,-15.0,14.0,1031.0,SE,23.58,0.0,1.0
2010.0,3.0,8.0,20.0,38.0,-17.0,1.0,1030.0,NW,1.78,0.0,0.0
2010.0,8.0,27.0,21.0,155.0,12.0,15.0,1007.0,SE,4.02,0.0,0.0
2011.0,10.0,7.0,6.0,13.0,-9.0,35.0,1035.0,cv,0.89,0.0,0.0
2012.0,2.0,24.0,1.0,23.0,-14.0,-5.0,1020.0,cv,0.89,0.0,0.0
2014.0,1.0,12.0,15.0,,-24.0,-2.0,1008.0,NW,0.89,0.0,0.0
2012.0,9.0,4.0,8.0,11.0,-10.0,-2.0,1013.0,NW,2.68,0.0,0.0
2010.0,6.0,7.0,10.0,81.0,21.0,25.0,1028.0,cv,0.89,0.0,0.0
2014.0,10.0,24.0,16.0,33.0,15.0,14.0,1031.0,NW,4.02,0.0,0.0
2012.0,2.0,11.0,16.0,33.0,-12.0,-2.0,1024.0,NW,3.58,0.0,0.0
2013.0,4.0,25.0,20.0,100.0,18.0,20.0,1006.0,cv,8.94,0.0,0.0
2012.0,1.0,7.0,11.0,18.0,-17.0,0.99,1003.0,NW,1.79,0.0,0.0
2010.0,11.0,9.0,21.0,155.0,-17.0,-7.0,1026.0,SE,9.92,0.0,0.0
2012.0,8.0,19.0,2.0,13.0,22.0,-1.0,1026.0,SE,7.02,0.0,0.0
2013.0,3.0,12.0,20.0,77.0,-1.0,9.0,1022.0,NW,1.78,0.0,0.0
2010.0,7.0,26.0,15.0,11.0,0.0,29.0,1006.0,SE,1.78,0.0,0.0
2012.0,3.0,18.0,12.0,107.0,-17.0,-9.0,1030.0,NW,3.13,0.0,0.0
2011.0,7.0,23.0,21.0,74.0,-4.0,20.0,1026.0,NW,0.89,0.0,0.0
2012.0,12.0,20.0,0.0,53.0,-16.0,-3.0,1027.0,NW,0.89,0.0,0.0
2011.0,11.0,16.0,16.0,23.0,-14.0,21.0,1006.0,SE,1.79,0.0,0.0
2014.0,4.0,15.0,9.0,23.0,22.0,9.0,1007.0,NE,0.89,0.0,0.0
2010.0,12.0,14.0,12.0,67.0,-15.0,-1.0,1014.0,NW,1.78,0.0,0.0
2012.0,3.0,3.0,11.0,26.0,-3.0,-4.0,1025.0,NW,1.89,0.0,0.0
2014.0,4.0,18.0,21.0,12.0,20.0,13.0,1017.0,cv,0.89,0.0,0.0
2010.0,12.0,23.0,20.0,,18.0,18.0,1007.0,SE,0.89,0.0,0.0
2014.0,8.0,1.0,6.0,20.0,-21.0,26.0,1032.0,SE,0.89,0.0,0.0
2013.0,3.0,23.0,2.0,10.0,-4.0,-4.0,1021.0,cv,0.89,0.0,0.0
2014.0,1.0,17.0,5.0,79.0,-4.0,100.0,1006.0,NW,3.33,0.0,0.0
2010.0,2.0,10.0,1.0,49.0,-15.0,-3.0,1026.0,SE,4.92,0.0,0.0
2014.0,12.0,21.0,18.0,64.0,23.0,20.0,1019.0,NE,9.02,0.0,0.0
2010.0,5.0,14.0,7.0,100.0,-1.0,-2.0,1023.0,NW,16.2,0.0,0.0
2012.0,1.0,12.0,20.0,,-4.0,-1.0,1030.0,NE,9.94,0.0,0.0
2013.0,11.0,13.0,5.0,76.0,-1.0,-3.0,1007.0,cv,17.9,0.0,0.0
2014.0,3.0,22.0,22.0,36.0,-18.0,2.0,1022.0,NW,0.89,0.0,0.0
2013.0,2.0,20.0,14.0,11.0,-3.0,-3.0,1028.0,NW,43.02,0.0,0.0
2010.0,5.0,19.0,11.0,11.0,7.0,26.0,1021.0,SE,4.02,0.0,0.0
2011.0,9.0,31.0,1.0,71.0,6.0,4.0,1009.0,cv,1.79,0.0,0.0
2012.0,12.0,15.0,19.0,26.0,-13.0,-4.0,1026.0,cv,3.58,0.0,0.0
2012.0,12.0,15.0,3.0,57.0,-6.0,12.0,1002.0,SE,21.6,0.0,0.0
2012.0,8.0,12.0,21.0,13.0,17.0,21.0,1003.0,cv,14.26,0.0,0.0
2014.0,2.0,18.0,15.0,6.0,-8.0,-3.0,1040.0,cv,3.13,0.0,4.0
2010.0,2.0,2.0,18.0,71.0,-18.0,-8.0,1002.0,cv,1.79,0.0,0.0
2013.0,3.0,10.0,14.0,,-16.0,-1.0,1027.0,NW,1.79,0.0,0.0
2014.0,6.0,23.0,20.0,22.0,5.0,25.0,1011.0,NW,1.78,0.0,0.0
2011.0,6.0,7.0,0.0,53.0,-8.0,1.0,1021.0,SE,0.5,0.0,0.0
2011.0,2.0,8.0,19.0,52.0,-19.0,11.0,1003.0,NW,33.76,0.0,0.0
2010.0,10.0,21.0,13.0,1011.0,-19.0,-3.0,1022.0,cv,0.89,0.0,0.0
2013.0,3.0,25.0,7.0,17.0,-20.0,6.0,1024.0,cv,1.79,0.0,0.0
2014.0,6.0,22.0,22.0,10.0,15.0,3.0,1009.0,NE,12.92,0.0,4.0
2012.0,12.0,16.0,4.0,25.0,13.0,15.0,1015.0,SE,12.02,0.0,0.0
2012.0,2.0,3.0,0.0,33.0,-5.0,-3.0,1026.0,NW,5.58,0.0,0.0
2012.0,1.0,12.0,11.0,,-19.0,-1.0,1007.0,cv,10.28,0.0,0.0
2013.0,8.0,17.0,12.0,74.0,17.0,21.0,1016.0,SE,1.78,0.0,0.0
2011.0,1.0,20.0,13.0,0.6,-15.0,-4.0,1029.0,NW,1.79,0.0,0.0
2011.0,1.0,12.0,16.0,10.0,-19.0,-1.0,531.0,cv,3.36,0.0,0.0
2011.0,2.0,27.0,4.0,57.0,-21.0,0.0,1003.0,SE,2.67,0.0,0.0
2011.0,1.0,31.0,12.0,28.0,-15.0,-9.0,1025.0,NW,3.58,0.0,0.0
2013.0,5.0,17.0,2.0,30.0,-4.0,-5.0,1021.0,SE,1.78,0.0,0.0
2011.0,1.0,11.0,4.0,24.0,-19.0,-2.0,1029.0,NW,0.89,0.0,0.0
2012.0,11.0,5.0,5.0,49.0,-19.0,-2.0,1020.0,cv,4.92,0.0,0.0
2011.0,9.0,9.0,14.0,19.0,-6.0,22.0,1025.0,NW,0.89,0.0,0.0
2010.0,1.0,3.0,11.0,63.0,-12.0,-5.0,1029.0,NW,4.81,0.0,0.0
2014.0,6.0,20.0,20.0,49.0,21.0,27.0,1003.0,NW,2.67,0.0,0.0
2012.0,8.0,15.0,9.0,64.0,-6.0,10.0,1014.0,SE,0.89,0.0,0.0
2011.0,2.0,22.0,18.0,12.0,-6.0,-2.0,1026.0,NW,1.79,0.0,0.0
2013.0,1.0,22.0,15.0,77.0,-9.0,-3.0,1026.0,NW,3.13,0.0,0.0
2010.0,1.0,26.0,11.0,,17.0,15.0,1021.0,SE,1.34,0.0,0.0
2011.0,4.0,4.0,13.0,22.0,17.0,17.0,1027.0,cv,3.78,0.0,0.0
2010.0,4.0,3.0,0.0,11.0,-8.0,4.0,1027.0,NW,1.79,0.0,0.0
2014.0,6.0,8.0,24.0,7.0,-21.0,14.0,1028.0,NW,0.89,0.0,0.0
2014.0,2.0,27.0,9.0,28.0,-16.0,-5.0,1009.0,NW,22.13,0.0,0.0
2012.0,3.0,15.0,12.0,24.0,-18.0,-5.0,1026.0,SE,15.83,0.0,0.0
2014.0,12.0,21.0,6.0,32.0,22.0,26.0,1003.0,SE,1.79,0.0,0.0
2013.0,4.0,23.0,19.0,27.0,12.0,22.0,1013.0,NW,7.13,0.0,0.0
2014.0,2.0,27.0,20.0,17.0,-12.0,3.0,1020.0,NW,7.92,0.0,0.0
2013.0,3.0,3.0,7.0,,-8.0,-4.0,1036.0,SE,1.78,0.0,0.0
2011.0,2.0,18.0,1.0,23.0,-5.0,-3.0,1032.0,NE,17.2,0.0,0.0
2011.0,3.0,20.0,1.0,12.0,-17.0,1.0,1023.0,NW,11.89,0.0,0.0
2011.0,8.0,11.0,3.0,33.0,-16.0,4.0,1031.0,NW,5.02,0.0,0.0
2010.0,3.0,17.0,0.0,17.0,-16.0,-1.0,1031.0,NW,7.92,0.0,0.0
2010.0,11.0,21.0,15.0,13.0,15.0,7.0,1008.0,NW,5.56,0.0,0.0
2013.0,3.0,17.0,20.0,24.0,-15.0,20.0,1021.0,SE,3.14,0.0,0.0
2013.0,8.0,26.0,5.0,4.0,-14.0,30.0,1007.0,SE,11.96,0.0,0.0
2010.0,4.0,17.0,16.0,80.0,-10.0,-4.0,1028.0,NE,4.57,0.0,0.0
2010.0,12.0,0.0,2.0,17.0,-13.0,-3.0,1032.0,cv,1.79,0.0,0.0
2013.0,2.0,26.0,12.0,19.0,7.0,26.0,1005.0,cv,0.89,0.0,0.0
2010.0,6.0,30.0,6.0,27.0,-19.0,-5.0,1009.0,SE,8.02,0.0,0.0
2012.0,12.0,17.0,17.0,74.0,-24.0,-3.0,1017.0,NE,1.79,0.0,0.0
2014.0,2.0,19.0,11.0,74.0,-13.0,-1.0,1030.0,cv,0.89,0.0,0.0
2014.0,11.0,16.0,17.0,24.0,-5.0,-3.0,1024.0,NE,3.13,0.0,0.0
2011.0,4.0,30.0,5.0,33.0,-19.0,11.0,1023.0,cv,17.58,0.0,0.0
2014.0,4.0,25.0,11.0,52.0,9.0,29.0,1016.0,SE,1.78,0.0,0.0
2013.0,11.0,29.0,16.0,25.0,-12.0,-6.0,1023.0,SE,0.89,0.0,0.0
2012.0,7.0,25.0,18.0,5.0,23.0,14.0,1002.0,SE,1.78,0.0,0.0
2012.0,12.0,15.0,16.0,,17.0,26.0,1002.0,SE,2.68,0.0,0.0
2011.0,11.0,7.0,7.0,50.0,3.0,23.0,1026.0,cv,1.79,0.0,4.0
2013.0,10.0,12.0,12.0,34.0,19.0,21.0,1015.0,SE,1.79,0.0,0.0
2013.0,2.0,5.0,4.0,25.0,-4.0,-26.0,1030.0,cv,3.94,0.0,0.0
2010.0,4.0,15.0,10.0,28.0,-2.0,-5.0,1027.0,NW,3.58,0.0,0.0
2013.0,8.0,13.0,20.0,24.0,12.0,9.0,1015.0,NW,7.57,0.0,0.0
2011.0,11.0,17.0,14.0,63.0,-20.0,-5.0,1019.0,NW,9.37,0.0,0.0
2013.0,8.0,25.0,5.0,63.0,-6.0,-6.0,1027.0,cv,1.79,0.0,0.0
2012.0,5.0,19.0,11.0,22.0,-19.0,-12.0,1009.0,NE,3.13,0.0,0.0
2014.0,4.0,20.0,20.0,27.0,-14.0,16.0,1030.0,SE,1.79,0.0,0.0
2013.0,12.0,31.0,9.0,74.0,21.0,30.0,1018.0,SE,11.13,0.0,0.0
2013.0,11.0,23.0,2.0,52.0,-21.0,-8.0,1031.0,cv,0.89,0.0,0.0
2010.0,1.0,27.0,0.0,,-16.0,-7.0,1025.0,cv,0.89,0.0,0.0
2013.0,6.0,28.0,9.0,57.0,-7.0,-3.0,1028.0,NW,5.37,0.0,0.0
2013.0,11.0,15.0,20.0,49.0,20.0,19.0,1002.0,SE,5.15,0.0,0.0
2010.0,7.0,24.0,10.0,55.0,12.0,17.0,1016.0,cv,31.41,0.0,0.0
2011.0,11.0,22.0,9.0,64.0,4.0,4.0,1012.0,NW,1.79,0.0,0.0
2014.0,10.0,23.0,12.0,64.0,-8.0,-4.0,1033.0,NW,0.89,0.0,0.0
2011.0,11.0,20.0,22.0,29.0,-5.0,29.0,1016.0,NW,20.71,0.0,0.0
2011.0,12.0,23.0,17.0,76.0,11.0,21.0,1014.0,cv,0.89,0.0,0.0
2013.0,2.0,26.0,15.0,42.0,22.0,14.0,1017.0,SE,4.36,0.0,0.0
2011.0,3.0,28.0,10.0,26.0,9.0,28.0,1006.0,NW,0.89,0.0,0.0
2013.0,7.0,12.0,7.0,14.0,16.0,30.0,1017.0,NW,10.58,0.0,0.0
2013.0,9.0,8.0,17.0,34.0,9.0,21.0,1027.0,cv,7.92,0.0,0.0
2014.0,8.0,10.0,15.0,12.0,-16.0,-0.0,1023.0,NW,17.02,0.0,0.0
2014.0,10.0,15.0,2.0,19.0,-22.0,9.0,1028.0,cv,7.37,0.0,0.0
2014.0,3.0,8.0,2.0,26.0,13.0,15.0,1012.0,cv,0.89,0.0,0.0
2011.0,3.0,25.0,3.0,43.0,17.0,5.0,1023.0,cv,1.78,0.0,0.0
2012.0,5.0,26.0,11.0,76.0,16.0,18.0,1019.0,SE,63.84,0.0,0.0
2013.0,1.0,6.0,9.0,17.0,-6.0,14.0,1020.0,SE,8.91,0.0,0.0
2011.0,3.0,22.0,8.0,74.0,-1.0,-3.0,1020.0,NW,0.89,0.0,0.0
2010.0,4.0,2.0,12.0,55.0,12.0,25.0,1008.0,SE,0.89,0.0,4.0
2014.0,8.0,28.0,1.0,495.0,-22.0,-1.0,1022.0,SE,1.79,0.0,0.0
2013.0,11.0,27.0,8.0,42.0,-9.0,-3.0,1014.0,NW,1.78,0.0,0.0
2014.0,9.0,10.0,15.0,70.0,-6.0,-2.0,1025.0,NW,0.89,0.0,0.0
2010.0,9.0,19.0,0.0,15.0,-2.0,-5.0,1022.0,NW,0.89,0.0,0.0
2011.0,5.0,16.0,22.0,76.0,-2.0,1.0,1006.0,SE,3.13,0.0,0.0
2012.0,11.0,25.0,25.0,97.0,20.0,23.0,1007.0,SE,1.79,0.0,0.0
2010.0,6.0,22.0,4.0,20.0,-4.0,-6.0,1021.0,NW,27.63,0.0,0.0
2010.0,9.0,21.0,14.0,57.0,-3.0,-1.0,1023.0,NW,3.13,0.0,0.0
2012.0,6.0,9.0,20.0,11.0,23.0,43.0,1019.0,cv,45.14,0.0,0.0
2011.0,9.0,26.0,18.0,76.0,-3.0,12.0,1007.0,NE,0.89,0.0,0.0
2013.0,12.0,5.0,1.0,38.0,-8.0,-13.0,1017.0,NW,1.79,0.0,0.0
2011.0,4.0,24.0,5.0,100.0,9.0,-6.0,1033.0,NW,9.92,0.0,0.0
2010.0,2.0,27.0,2.0,,-1.0,-2.0,1026.0,cv,0.89,0.0,0.0
2010.0,1.0,21.0,6.0,25.0,-8.0,-7.0,1012.0,NW,1.77,0.0,0.0
2014.0,10.0,24.0,3.0,1010.0,-6.0,12.0,1010.0,cv,1.78,0.0,0.0
2011.0,12.0,19.0,16.0,17.0,-7.0,-9.0,1026.0,NW,4.09,0.0,0.0
2010.0,6.0,22.0,17.0,76.0,6.0,6.0,1006.0,SE,0.89,0.0,0.0
2012.0,8.0,11.0,12.0,19.0,-6.0,-5.0,1026.0,cv,3.13,0.0,0.0
2013.0,6.0,22.0,3.0,19.0,-18.0,-5.0,1023.0,SE,0.89,0.0,0.0
2010.0,6.0,22.0,3.0,,-1.0,25.0,1008.0,SE,2.46,0.0,0.0
2013.0,12.0,6.0,8.0,13.0,-8.0,-5.0,1011.0,cv,1.78,0.0,0.0
2010.0,2.0,27.0,2.0,13.0,13.0,19.0,1011.0,NW,1.78,0.0,0.0
2014.0,3.0,26.0,12.0,11.0,23.0,28.0,1018.0,SE,0.89,0.0,0.0
2011.0,3.0,24.0,12.0,17.0,-10.0,-1.0,1031.0,NW,1.78,0.0,0.0
2011.0,12.0,8.0,8.0,23.0,18.0,4.0,1010.0,SE,1.79,0.0,0.0
2010.0,2.0,17.0,5.0,25.0,-7.0,20.0,1019.0,cv,41.02,0.0,0.0
2011.0,4.0,21.0,21.0,87.0,-14.0,-4.0,1022.0,SE,0.89,0.0,0.0
2010.0,7.0,15.0,22.0,33.0,9.0,-4.0,1003.0,NW,3.13,0.0,0.0
2010.0,2.0,15.0,22.0,57.0,12.0,-15.0,1011.0,cv,19.92,0.0,0.0
2010.0,11.0,26.0,26.0,52.0,-7.0,0.0,1004.0,cv,1.79,0.0,0.0
2011.0,11.0,20.0,8.0,70.0,4.0,6.0,1029.0,NW,1.79,0.0,0.0
2013.0,2.0,26.0,19.0,14.0,-10.0,7.0,1030.0,cv,0.89,0.0,0.0
2010.0,1.0,30.0,15.0,25.0,-18.0,5.0,1005.0,NW,3.13,0.0,0.0
2011.0,6.0,17.0,21.0,,3.0,0.0,1024.0,NW,16.07,0.0,0.0
2010.0,2.0,14.0,0.0,,-4.0,-3.0,1029.0,cv,1.79,0.0,0.0
2014.0,10.0,3.0,10.0,9.0,-7.0,4.0,1007.0,NW,0.89,0.0,0.0
2010.0,3.0,26.0,17.0,33.0,-15.0,-3.0,1036.0,SE,0.89,0.0,0.0
2012.0,2.0,9.0,17.0,12.0,-3.0,9.0,1028.0,SE,18.94,0.0,0.0
2010.0,7.0,8.0,8.0,57.0,9.0,23.0,1008.0,cv,7.83,0.0,0.0
2013.0,12.0,26.0,12.0,57.0,-7.0,-1.0,1020.0,NW,13.05,0.0,0.0
2013.0,5.0,23.0,21.0,33.0,-7.0,-9.0,1032.0,cv,0.89,0.0,0.0
2012.0,12.0,14.0,19.0,116.0,19.0,22.0,1015.0,NW,14.12,0.0,0.0
2013.0,6.0,15.0,1.0,,-10.0,-4.0,1012.0,SE,0.89,0.0,0.0
2011.0,1.0,20.0,18.0,,12.0,2.0,1018.0,NW,3.58,0.0,0.0
2010.0,5.0,21.0,4.0,8.0,25.0,6.0,1006.0,NE,0.89,0.0,0.0
2012.0,11.0,30.0,2.0,12.0,-19.0,21.0,1009.0,NW,4.02,0.0,1.0
2011.0,1.0,18.0,10.0,3.0,-21.0,0.0,1027.0,NW,0.89,0.0,0.0
2010.0,10.0,3.0,21.0,74.0,1.0,-1.0,1015.0,NW,1.78,0.0,0.0
2011.0,11.0,1.0,12.0,17.0,-18.0,10.0,1029.0,NW,3.24,0.0,0.0
2010.0,4.0,28.0,15.0,1.0,-4.0,7.0,1028.0,NW,1.79,0.0,0.0
2011.0,10.0,8.0,6.0,20.0,17.0,22.0,1006.0,cv,16.54,0.0,0.0
2010.0,1.0,19.0,20.0,70.0,-11.0,-3.0,1021.0,cv,0.89,0.0,0.0
2012.0,4.0,7.0,12.0,,-2.0,5.0,1030.0,SE,1.79,0.0,0.0
2013.0,12.0,28.0,15.0,,-17.0,20.0,1003.0,NW,3.13,0.0,0.0
2014.0,11.0,30.0,10.0,100.0,-7.0,-4.0,1025.0,cv,0.89,0.0,0.0
2011.0,10.0,14.0,26.0,9.0,21.0,21.0,1004.0,cv,0.89,0.0,0.0
2013.0,6.0,29.0,15.0,26.0,-22.0,29.0,1017.0,SE,0.89,0.0,0.0
2013.0,10.0,21.0,4.0,55.0,5.0,22.0,1005.0,NW,0.89,0.0,0.0
2011.0,12.0,22.0,20.0,11.0,-3.0,17.0,1020.0,NW,1.79,0.0,0.0
2011.0,3.0,17.0,10.0,35.0,-4.0,2.0,1026.0,SE,0.89,0.0,0.0
2012.0,3.0,6.0,9.0,28.0,-5.0,23.0,1006.0,NW,1.79,0.0,0.0
2010.0,12.0,27.0,7.0,16.0,-19.0,20.0,1022.0,NW,4.93,0.0,2.0
2014.0,7.0,2.0,15.0,57.0,13.0,27.0,1005.0,NW,18.67,0.0,0.0
2010.0,3.0,6.0,18.0,77.0,-6.0,-12.0,1018.0,NW,6.23,0.0,0.0
2014.0,10.0,11.0,7.0,12.0,-5.0,-4.0,1022.0,SE,0.89,0.0,0.0
2012.0,7.0,22.0,0.0,17.0,22.0,22.0,1006.0,SE,5.02,0.0,0.0
2011.0,11.0,10.0,12.0,13.0,-17.0,-3.0,1019.0,SE,3.13,0.0,0.0
2011.0,5.0,12.0,1.0,16.0,-21.0,-6.0,1028.0,SE,0.89,0.0,0.0
2013.0,12.0,24.0,8.0,8.0,18.0,18.0,1009.0,cv,3.13,0.0,0.0
2011.0,7.0,3.0,8.0,96.0,-22.0,28.0,1024.0,NW,1.79,0.0,0.0
2011.0,4.0,15.0,14.0,,-21.0,19.0,1019.0,NW,7.1,0.0,0.0
2012.0,2.0,15.0,21.0,34.0,19.0,0.0,1004.0,SE,3.13,0.0,0.0
2014.0,9.0,16.0,12.0,96.0,18.0,14.0,1009.0,SE,8.22,0.0,0.0
2011.0,12.0,23.0,0.0,13.0,-3.0,-3.0,1022.0,SE,0.89,0.0,0.0
2013.0,11.0,7.0,11.0,37.0,23.0,22.0,1004.0,cv,0.89,0.0,0.0
2011.0,9.0,25.0,21.0,24.0,-18.0,-1.0,1028.0,SE,1.79,0.0,0.0
2013.0,6.0,25.0,6.0,12.0,29.0,23.0,1008.0,cv,0.89,0.0,0.0
2011.0,12.0,4.0,0.0,6.0,17.0,28.0,1006.0,NW,11.92,0.0,12.0
2012.0,4.0,21.0,16.0,33.0,3.0,7.0,1007.0,SE,0.89,0.0,0.0
2010.0,4.0,24.0,20.0,14.0,-13.0,-8.0,1029.0,SE,1.79,0.0,0.0
2011.0,1.0,22.0,17.0,52.0,-15.0,-1.0,1023.0,SE,1.79,0.0,0.0
2012.0,3.0,20.0,4.0,94.0,-3.0,6.0,1037.0,SE,4.02,0.0,0.0
2014.0,10.0,2.0,12.0,49.0,-5.0,19.0,1015.0,NW,9.88,0.0,0.0
2011.0,2.0,24.0,23.0,7.0,-4.0,-3.0,1023.0,SE,0.89,0.0,0.0
2011.0,1.0,25.0,2.0,19.0,-22.0,-9.0,1016.0,NW,0.89,0.0,0.0
2011.0,6.0,22.0,11.0,43.0,-4.0,-3.0,1027.0,NW,0.89,0.0,0.0
2012.0,11.0,12.0,7.0,96.0,3.0,26.0,1015.0,SE,17.67,0.0,0.0
2011.0,12.0,5.0,15.0,25.0,-4.0,24.0,1011.0,NW,12.58,0.0,0.0
2014.0,7.0,11.0,0.0,27.0,-9.0,-8.0,1027.0,NW,0.89,0.0,0.0
2012.0,9.0,6.0,0.0,15.0,-2.0,-3.0,1015.0,NW,1.79,0.0,0.0
2011.0,11.0,3.0,12.0,155.0,-19.0,-5.0,1031.0,cv,23.66,0.0,0.0
2013.0,1.0,25.0,6.0,,-12.0,-4.0,1022.0,NW,1.66,0.0,0.0
2010.0,10.0,5.0,15.0,76.0,12.0,10.0,1015.0,SE,0.89,0.0,0.0
2014.0,11.0,7.0,0.0,23.0,-17.0,-5.0,1022.0,NW,64.0,0.0,0.0
2010.0,3.0,14.0,6.0,31.0,-5.0,-2.0,1000.0,NW,10.13,0.0,0.0
2010.0,3.0,2.0,15.0,77.0,-6.0,25.0,1014.0,NW,0.89,0.0,0.0
2014.0,5.0,16.0,21.0,,-3.0,-1.0,1019.0,cv,4.02,0.0,0.0
2011.0,2.0,16.0,15.0,3.0,-17.0,13.0,1026.0,NW,3.57,0.0,0.0
2014.0,6.0,15.0,10.0,,19.0,23.0,1019.0,NW,0.89,0.0,0.0
2014.0,10.0,25.0,10.0,25.0,-17.0,0.0,1025.0,NW,3.68,0.0,0.0
2014.0,3.0,24.0,29.0,,17.0,26.0,1002.0,SE,0.89,0.0,0.0
2013.0,5.0,7.0,3.0,67.0,-4.0,16.0,1028.0,cv,4.02,0.0,0.0
2010.0,11.0,22.0,1.0,55.0,-3.0,12.0,1023.0,cv,0.89,0.0,0.0
2013.0,2.0,26.0,12.0,28.0,-24.0,-1.0,1029.0,NW,1.79,0.0,0.0
2010.0,1.0,13.0,12.0,,-5.0,0.0,1030.0,NW,1.79,0.0,0.0
2011.0,5.0,24.0,12.0,15.0,-1.0,6.0,1025.0,NW,22.07,0.0,0.0
2014.0,11.0,24.0,4.0,74.0,16.0,25.0,1004.0,cv,0.89,0.0,0.0
2012.0,5.0,27.0,21.0,21.0,19.0,19.0,1016.0,NW,3.13,0.0,0.0
2011.0,4.0,16.0,19.0,65.0,10.0,16.0,1020.0,NE,7.26,0.0,0.0
2011.0,12.0,30.0,17.0,70.0,15.0,28.0,1016.0,cv,6.83,0.0,0.0
2011.0,11.0,3.0,7.0,12.0,8.0,24.0,1038.0,NW,0.89,0.0,0.0
2010.0,12.0,11.0,19.0,33.0,-14.0,-4.0,1029.0,cv,0.89,0.0,0.0
2011.0,11.0,14.0,11.0,15.0,-1.0,-1.0,1025.0,NW,7.9,0.0,0.0
2012.0,11.0,2.0,2.0,26.0,19.0,20.0,1008.0,NW,0.89,0.0,0.0
2010.0,1.0,10.0,11.0,3.0,-4.0,-3.0,1006.0,NW,1.79,0.0,0.0
2012.0,1.0,7.0,11.0,42.0,-5.0,16.0,1006.0,NW,3.47,0.0,0.0
2010.0,3.0,12.0,3.0,1.7,-9.0,-1.0,1026.0,SE,64.91,0.0,2.0
2013.0,10.0,1.0,2.0,81.0,-4.0,25.0,1013.0,SE,1.79,0.0,0.0
2014.0,11.0,30.0,22.0,116.0,15.0,20.0,1009.0,cv,0.89,0.0,0.0
2010.0,7.0,28.0,21.0,34.0,16.0,0.0,1009.0,SE,1.79,0.0,0.0
2011.0,2.0,28.0,11.0,15.0,-11.0,-12.0,1020.0,cv,0.89,0.0,0.0
2013.0,1.0,21.0,13.0,,-10.0,-4.0,1021.0,NW,0.89,0.0,0.0
2014.0,11.0,18.0,9.0,76.0,-18.0,-14.0,1060.0,SE,11.16,0.0,0.0
2010.0,12.0,14.0,12.0,38.0,3.0,3.0,1017.0,SE,1.79,0.0,0.0
2014.0,5.0,4.0,4.0,14.0,19.0,19.0,1019.0,cv,4.56,0.0,0.0
2012.0,2.0,30.0,8.0,30.0,-16.0,-2.0,1023.0,NE,0.89,0.0,0.0
2013.0,4.0,14.0,19.0,21.0,21.0,13.0,1010.0,NW,2.13,0.0,0.0
2011.0,9.0,23.0,13.0,,3.0,27.0,1001.0,NW,7.52,0.0,0.0
2014.0,5.0,12.0,1.0,11.0,-13.0,2.0,1019.0,SE,1.78,0.0,0.0
2014.0,7.0,20.0,17.0,8.0,-15.0,23.0,1003.0,cv,1.79,0.0,0.0
2010.0,7.0,27.0,20.0,24.0,15.0,24.0,1006.0,NW,7.6,0.0,0.0
2011.0,1.0,7.0,20.0,100.0,-4.0,0.0,1010.0,SE,3.13,0.0,0.0
2013.0,7.0,4.0,21.0,98.0,20.0,28.0,1012.0,NE,3.67,0.0,0.0
2014.0,2.0,23.0,2.0,17.0,-5.0,0.0,1006.0,cv,3.13,0.0,0.0
2012.0,1.0,20.0,0.0,11.0,-9.0,-4.0,1021.0,NW,1.79,0.0,0.0
2010.0,7.0,16.0,6.0,55.0,10.0,10.0,1007.0,NW,1.79,0.0,0.0
2010.0,11.0,26.0,5.0,57.0,19.0,26.0,1017.0,SE,1.79,0.0,0.0
2014.0,11.0,21.0,12.0,107.0,11.0,19.0,1014.0,NW,21.4,0.0,0.0
2010.0,5.0,22.0,18.0,34.0,-18.0,10.0,1007.0,cv,1.78,0.0,0.0
2010.0,5.0,18.0,14.0,101.0,9.0,4.0,1020.0,cv,1.79,0.0,0.0
2012.0,12.0,19.0,9.0,22.0,-7.0,14.0,1009.0,NW,3.68,0.0,0.0
2014.0,1.0,6.0,14.0,8.0,-13.0,-1.0,1030.0,cv,3.17,0.0,0.0
2012.0,7.0,21.0,5.0,37.0,11.0,11.0,1005.0,NW,3.58,0.0,0.0
2011.0,12.0,20.0,22.0,34.0,-7.0,12.0,1020.0,cv,1.79,0.0,0.0
2011.0,2.0,21.0,13.0,35.0,10.0,15.0,1008.0,SE,1.78,0.0,0.0
2010.0,1.0,27.0,20.0,38.0,-1.0,0.0,1027.0,SE,1.79,0.0,0.0
2014.0,9.0,21.0,9.0,63.0,22.0,15.0,1026.0,SE,0.89,0.0,0.0
2013.0,8.0,18.0,4.0,76.0,-15.0,25.0,1008.0,cv,1.79,0.0,0.0
2013.0,6.0,8.0,1.0,81.0,-12.0,-5.0,1023.0,SE,6.02,0.0,0.0
2010.0,1.0,8.0,10.0,64.0,-6.0,-8.0,1017.0,SE,1.79,0.0,0.0
2010.0,4.0,31.0,10.0,34.0,15.0,19.0,1019.0,SE,2.67,0.0,0.0
2012.0,12.0,30.0,13.0,78.0,4.0,15.0,1008.0,SE,0.89,0.0,0.0
2011.0,11.0,28.0,1.0,76.0,-15.0,-3.0,1017.0,cv,3.58,0.0,0.0
2011.0,10.0,18.0,10.0,,19.0,21.0,1023.0,SE,2.68,0.0,0.0
2012.0,11.0,13.0,19.0,57.0,17.0,17.0,1005.0,NW,3.58,0.0,0.0
2010.0,12.0,8.0,9.0,100.0,-6.0,18.0,1003.0,NW,1.78,0.0,0.0
2012.0,3.0,6.0,14.0,21.0,-3.0,-2.0,1008.0,SE,15.63,0.0,0.0
2012.0,1.0,12.0,2.0,34.0,-20.0,-3.0,1029.0,SE,0.89,0.0,0.0
2014.0,1.0,22.0,12.0,77.0,-15.0,-2.0,1023.0,SE,3.13,0.0,0.0
2012.0,1.0,8.0,3.0,13.0,-8.0,22.0,1013.0,cv,0.89,0.0,0.0
2013.0,10.0,28.0,3.0,17.0,-20.0,7.0,1023.0,NW,1.79,0.0,0.0
2014.0,11.0,13.0,19.0,25.0,-3.0,24.0,1005.0,NE,0.89,0.0,0.0
2012.0,12.0,11.0,16.0,40.0,-21.0,26.0,1008.0,SE,0.89,0.0,0.0
2013.0,10.0,23.0,20.0,16.0,-11.0,1.0,1029.0,NW,43.83,0.0,0.0
2012.0,2.0,3.0,12.0,23.0,-14.0,1.0,1028.0,cv,4.02,0.0,0.0
2013.0,12.0,28.0,22.0,33.0,19.0,26.0,1014.0,NW,1.79,0.0,0.0
2010.0,2.0,18.0,22.0,24.0,-13.0,-7.0,1031.0,NE,5.58,0.0,0.0
2014.0,6.0,1.0,7.0,48.0,20.0,28.0,1023.0,cv,11.91,0.0,0.0
2013.0,2.0,16.0,23.0,83.0,-22.0,12.0,1005.0,SE,6.45,0.0,0.0
2014.0,12.0,21.0,8.0,26.0,-4.0,8.0,1025.0,NW,1.79,0.0,0.0
2010.0,9.0,30.0,12.0,33.0,4.0,31.0,1011.0,cv,4.81,0.0,0.0
2011.0,10.0,17.0,16.0,24.0,-12.0,30.0,1032.0,SE,0.89,0.0,0.0
2014.0,9.0,7.0,5.0,11.0,3.0,23.0,1015.0,SE,12.68,0.0,0.0
2011.0,4.0,5.0,22.0,53.0,-25.0,27.0,1009.0,NE,0.89,0.0,0.0
2014.0,6.0,15.0,21.0,55.0,-7.0,23.0,1019.0,SE,0.89,0.0,0.0
2014.0,12.0,13.0,19.0,13.0,18.0,29.0,1002.0,cv,0.89,0.0,0.0
2014.0,2.0,4.0,16.0,55.0,-17.0,0.0,1023.0,SE,3.13,0.0,0.0
2010.0,12.0,21.0,3.0,11.0,-7.0,3.0,1027.0,NW,13.07,0.0,0.0
2013.0,10.0,5.0,6.0,,-15.0,-9.0,1011.0,NW,37.02,0.0,0.0
2013.0,11.0,22.0,16.0,76.0,-2.0,-5.0,1030.0,NW,5.94,0.0,0.0
2014.0,1.0,11.0,1.0,,-13.0,-2.0,1021.0,NW,0.89,0.0,0.0
2011.0,1.0,6.0,5.0,16.0,-17.0,-2.0,1026.0,NW,0.89,0.0,0.0
2014.0,2.0,14.0,18.0,19.0,14.0,27.0,1003.0,NW,0.89,0.0,0.0
2012.0,12.0,30.0,23.0,15.0,-17.0,-8.0,1023.0,cv,20.12,0.0,0.0
2010.0,7.0,22.0,19.0,70.0,-5.0,24.0,1025.0,NW,6.71,0.0,0.0
2013.0,12.0,15.0,15.0,12.0,-1.0,15.0,1012.0,SE,4.02,0.0,0.0
2013.0,3.0,18.0,15.0,9.0,-7.0,-3.0,1027.0,NW,0.89,0.0,0.0
2010.0,2.0,6.0,13.0,27.0,15.0,3.0,1006.0,SE,0.89,0.0,0.0
2010.0,1.0,30.0,25.0,,4.0,6.0,1009.0,NW,3.58,0.0,0.0
2014.0,3.0,7.0,6.0,87.0,-17.0,23.0,1005.0,NW,1.78,0.0,0.0
2011.0,1.0,22.0,18.0,77.0,-22.0,-3.0,1027.0,SE,0.89,0.0,0.0
2010.0,11.0,11.0,12.0,10.0,-3.0,8.0,1032.0,SE,1.79,0.0,0.0
2012.0,11.0,31.0,16.0,115.0,-3.0,7.0,1014.0,NW,0.89,0.0,0.0
2014.0,9.0,7.0,23.0,6.0,-22.0,-7.0,1009.0,NW,0.89,0.0,0.0
2012.0,3.0,4.0,17.0,37.0,-15.0,24.0,1026.0,SE,1.78,0.0,0.0
2010.0,3.0,13.0,5.0,,-25.0,3.0,1009.0,NE,0.89,0.0,0.0
2012.0,10.0,8.0,9.0,78.0,23.0,29.0,1002.0,cv,5.31,0.0,0.0
2011.0,6.0,15.0,12.0,1010.0,13.0,15.0,1005.0,NW,0.89,0.0,0.0
2013.0,1.0,20.0,1.0,13.0,-6.0,-3.0,1028.0,NW,0.89,0.0,0.0
2010.0,10.0,7.0,9.0,37.0,-1.0,-4.0,1028.0,cv,1.79,0.0,0.0
2013.0,2.0,2.0,8.0,57.0,-27.0,-1.0,1029.0,NW,0.89,0.0,0.0
2011.0,11.0,18.0,13.0,15.0,-17.0,-3.0,1022.0,SE,2.68,0.0,0.0
2014.0,2.0,16.0,17.0,17.0,-23.0,-4.0,1033.0,NW,1.79,0.0,0.0
2010.0,11.0,20.0,13.0,27.0,-8.0,2.0,1005.0,SE,0.89,0.0,0.0
2012.0,5.0,11.0,14.0,10.0,-8.0,-20.0,1007.0,NW,5.41,0.0,0.0
2013.0,4.0,5.0,16.0,22.0,25.0,25.0,1016.0,NW,0.89,0.0,0.0
2013.0,11.0,10.0,6.0,16.0,-9.0,-5.0,1025.0,NW,11.05,0.0,0.0
2011.0,11.0,10.0,0.0,8.0,-14.0,-8.0,1025.0,cv,3.14,0.0,0.0
2011.0,5.0,7.0,1.0,116.0,-12.0,10.0,1011.0,SE,3.13,0.0,0.0
2011.0,6.0,15.0,20.0,76.0,-15.0,-3.0,1023.0,SE,0.89,0.0,0.0
2011.0,4.0,11.0,25.0,,-4.0,-4.0,1016.0,cv,1.79,0.0,0.0
2011.0,8.0,30.0,3.0,,-3.0,10.0,1037.0,SE,13.84,0.0,0.0
2010.0,3.0,17.0,10.0,,-4.0,-3.0,1024.0,NW,0.89,0.0,0.0
2014.0,7.0,23.0,5.0,,-3.0,-4.0,1020.0,NW,0.89,0.0,0.0
2011.0,4.0,16.0,16.0,28.0,20.0,24.0,999.0,cv,1.79,0.0,0.0
2010.0,3.0,13.0,18.0,,-6.0,-12.0,1029.0,cv,1.79,0.0,1.0
2010.0,2.0,30.0,19.0,7.0,-19.0,-6.0,1010.0,NE,3.58,0.0,0.0
2014.0,7.0,12.0,5.0,11.0,9.0,14.0,1005.0,SE,3.13,0.0,0.0
2010.0,1.0,18.0,18.0,53.0,-8.0,3.0,1028.0,SE,0.89,0.0,0.0
2012.0,7.0,20.0,11.0,8.0,-18.0,2.0,1029.0,NW,12.26,0.0,0.0
2013.0,11.0,15.0,22.0,19.0,-7.0,5.0,1032.0,NW,6.76,0.0,0.0
2013.0,7.0,14.0,8.0,10.0,16.0,6.0,1002.0,NW,0.89,0.0,0.0
2014.0,12.0,14.0,18.0,,15.0,19.0,1004.0,NW,1.79,0.0,0.0
2011.0,12.0,2.0,3.0,74.0,-15.0,6.0,1005.0,NW,6.92,0.0,0.0
2010.0,1.0,14.0,9.0,,-2.0,12.0,1023.0,NW,0.89,0.0,0.0
2010.0,2.0,23.0,5.0,63.0,-7.0,2.0,1016.0,SE,0.89,0.0,0.0
