x-axis spatial coordinate,y-axis spatial coordinate,month,day,FFMC index,DMC index,DC index,ISI index,temperature,relative humidity,wind speed,outside rain,the burned area of the forest
1.0,4.0,sep,mon,84.7,91.9,48.6,7.0,28.6,35.0,3.2,0.0,2.55
1.0,7.0,jul,thu,91.9,137.1,692.0,8.8,13.1,43.0,3.7,0.0,11.24
5.0,3.0,sep,sat,99.4,124.3,706.0,7.9,21.3,39.0,4.1,0.0,13.7
1.0,2.0,aug,mon,92.7,124.2,545.7,7.1,21.8,56.0,3.4,0.0,11.06
5.0,5.0,aug,sun,92.7,99.0,674.1,7.7,23.8,48.0,2.3,0.0,0.0
4.0,3.0,aug,tue,93.3,145.1,694.0,7.8,17.8,44.0,2.2,0.0,12.64
4.0,5.0,aug,thu,91.7,141.1,745.9,8.0,19.6,58.0,2.8,0.0,0.0
4.0,4.0,aug,sat,91.5,145.1,561.9,0.9,11.9,43.0,4.9,0.0,0.0
6.0,4.0,aug,mon,91.2,92.6,845.2,6.9,12.1,32.0,3.1,0.0,0.0
3.0,4.0,aug,fri,93.1,51.1,683.3,7.0,25.9,39.0,2.8,0.0,0.0
3.0,4.0,sep,sat,90.7,53.8,607.6,8.8,21.4,35.0,2.2,0.0,0.0
4.0,4.0,sep,sun,91.8,130.0,647.1,2.1,28.0,44.0,3.6,0.0,0.0
3.0,4.0,sep,sun,92.7,129.0,601.5,7.5,15.2,75.0,5.1,0.0,10.93
2.0,5.0,aug,sat,91.3,102.8,606.4,7.3,19.5,35.0,0.9,0.0,0.0
6.0,4.0,sep,sat,94.1,91.0,731.7,6.0,21.8,58.0,3.1,0.0,0.0
3.0,3.0,sep,sun,92.6,4.8,689.3,12.0,26.2,45.0,4.8,0.0,1.94
4.0,4.0,sep,sun,91.1,92.2,725.7,12.1,17.9,43.0,3.2,0.0,2.29
8.0,6.0,mar,thu,95.7,126.9,692.7,1.9,19.2,49.0,2.3,0.0,7.21
6.0,4.0,sep,sat,92.3,119.3,671.3,4.1,21.9,30.0,4.0,0.0,2.44
4.0,4.0,mar,sun,90.0,111.2,692.3,9.1,17.6,51.0,1.6,0.0,3.94
4.0,2.0,aug,tue,81.9,91.2,613.9,8.1,21.9,24.0,5.2,0.0,31.86
4.0,7.0,sep,sat,94.2,119.7,730.5,4.2,22.4,43.0,0.9,0.0,10.93
4.0,4.0,aug,mon,93.2,152.8,755.4,7.0,13.1,46.0,4.4,0.0,185.76
5.0,6.0,mar,mon,93.2,117.1,692.3,17.1,18.2,27.0,3.6,0.0,0.0
6.0,5.0,sep,wed,90.7,108.0,874.7,7.5,19.2,42.0,4.7,0.0,49.59
7.0,6.0,sep,sat,91.3,139.2,706.6,9.0,22.6,43.0,2.9,0.0,51.78
8.0,4.0,sep,sat,92.4,102.5,695.8,10.2,20.3,46.0,5.3,0.0,2.77
4.0,4.0,sep,wed,86.2,126.7,653.6,7.0,10.6,54.0,4.7,0.0,6.61
6.0,4.0,sun,fri,91.1,7.2,764.1,9.4,19.6,38.0,6.8,0.0,28.66
8.0,3.0,aug,sun,91.3,80.3,653.3,8.2,5.5,46.0,1.7,0.0,7.31
4.0,5.0,jul,fri,91.4,111.9,664.1,9.9,22.7,20.0,5.2,0.0,2.93
6.0,5.0,aug,thu,91.0,90.3,723.7,8.7,22.8,37.0,4.9,0.0,10.93
5.0,4.0,sep,thu,91.6,92.0,664.6,13.5,19.4,28.0,4.4,0.0,0.0
7.0,7.0,jul,thu,108.4,79.5,661.1,6.3,13.4,24.0,4.9,0.0,18.3
6.0,5.0,aug,sun,91.3,141.3,631.1,4.0,14.4,37.0,4.7,0.0,3.32
4.0,4.0,sep,sat,92.2,119.3,513.8,7.7,22.2,57.0,4.9,0.0,38.48
6.0,4.0,aug,tue,92.5,121.0,615.1,9.1,29.5,35.0,1.4,0.0,212.88
8.0,4.0,feb,fri,91.3,290.3,745.1,7.4,13.4,42.0,4.9,0.0,2.57
5.0,4.0,aug,sun,94.2,102.5,674.7,7.8,22.6,33.0,4.2,0.0,0.0
6.0,5.0,sep,tue,90.8,102.1,586.1,8.8,30.8,57.0,2.9,0.0,1.58
5.0,6.0,mar,fri,96.0,111.2,664.0,7.8,15.5,32.0,2.8,0.0,0.0
3.0,2.0,sep,tue,90.0,91.2,721.3,4.4,21.4,66.0,2.5,0.0,0.0
5.0,4.0,mar,fri,93.7,84.6,738.1,9.0,18.5,27.0,3.0,0.0,0.0
3.0,4.0,sep,mon,90.3,631.7,564.7,12.4,25.1,68.0,4.1,0.0,18.3
1.0,2.0,jul,fri,93.1,129.7,743.8,14.4,17.6,42.0,3.4,0.0,3.35
8.0,6.0,sep,sat,91.8,111.0,631.1,9.0,17.5,27.0,1.8,0.0,10.73
4.0,4.0,jul,sat,91.3,133.0,647.9,8.0,29.6,35.0,4.0,0.0,0.0
2.0,2.0,aug,sat,91.0,147.2,8.9,5.9,25.6,21.0,3.5,0.0,6.83
6.0,4.0,mar,mon,94.1,121.1,681.6,5.6,4.9,35.0,1.4,0.0,10.93
5.0,4.0,aug,thu,91.2,122.5,653.7,7.3,23.3,27.0,4.7,0.0,4.69
2.0,4.0,aug,fri,94.1,152.9,671.5,6.1,19.6,39.0,4.0,0.0,0.0
6.0,2.0,aug,mon,88.1,724.2,645.6,7.4,15.5,37.0,2.2,0.0,2.51
4.0,4.0,aug,fri,92.8,117.0,515.7,6.5,17.2,35.0,3.2,0.0,0.0
6.0,3.0,aug,fri,92.6,41.0,704.0,8.7,15.6,43.0,3.9,0.0,2.75
8.0,5.0,aug,tue,91.2,152.3,777.0,7.4,17.7,42.0,2.8,0.0,0.79
4.0,3.0,mar,mon,91.7,135.6,714.2,12.6,13.2,33.0,4.3,0.0,1.75
2.0,7.0,sep,fri,85.1,122.9,694.8,11.8,18.4,39.0,3.0,0.0,0.0
0.0,4.0,aug,sun,92.9,111.2,692.4,17.3,20.4,26.0,5.8,0.0,0.0
4.0,3.0,sep,fri,92.9,92.1,698.1,6.9,2.1,33.0,5.1,0.0,0.0
8.0,6.0,mar,tue,91.7,181.5,694.3,15.5,14.7,39.0,2.7,0.0,0.0
3.0,1.0,aug,sat,94.3,90.3,745.7,7.9,18.2,32.0,3.4,0.0,0.0
6.0,4.0,sep,thu,91.3,92.2,792.3,8.3,10.3,34.0,5.4,0.0,6.83
2.0,4.0,sep,sat,91.9,27.4,695.3,1.7,19.4,39.0,2.1,0.0,14.57
4.0,5.0,oct,sat,91.6,141.4,545.0,1.0,11.8,35.0,3.0,0.0,4.62
7.0,4.0,jun,sun,92.0,81.3,689.5,3.9,24.2,41.0,6.2,0.0,6.3
8.0,4.0,aug,sat,91.0,231.2,761.4,9.9,23.9,36.0,5.9,0.0,0.0
6.0,3.0,sep,sat,92.7,103.6,752.4,8.9,26.0,36.0,3.6,0.0,10.13
6.0,6.0,mar,sat,94.5,89.5,9.5,5.1,21.2,45.0,2.2,0.0,2.57
3.0,3.0,aug,mon,93.2,117.9,699.4,7.8,22.2,27.0,3.9,0.0,13.06
5.0,4.0,aug,sun,89.8,142.8,671.2,8.6,23.2,34.0,0.7,0.0,0.0
7.0,3.0,sep,thu,92.0,93.0,771.3,17.0,18.7,36.0,4.3,0.0,0.0
6.0,6.0,sep,sat,91.1,103.3,752.2,20.2,16.4,40.0,4.3,0.0,0.0
8.0,5.0,aug,sun,91.3,248.0,752.0,7.7,16.1,24.0,4.1,0.0,0.0
7.0,4.0,sep,sat,93.0,141.4,794.4,5.3,17.8,26.0,2.7,0.0,0.0
3.0,8.0,aug,tue,91.4,181.7,714.1,7.0,19.7,28.0,3.9,0.0,16.4
4.0,2.0,aug,sun,93.3,27.8,614.0,6.5,21.6,33.0,4.3,0.0,0.0
4.0,6.0,aug,fri,104.5,91.7,692.9,11.7,16.3,27.0,2.8,0.0,2.44
4.0,4.0,sep,mon,92.8,126.7,735.6,11.4,19.3,27.0,4.6,0.0,212.88
7.0,9.0,sep,sat,94.5,111.9,643.9,6.4,21.8,45.0,4.8,0.0,0.0
8.0,4.0,jun,tue,92.4,175.1,725.4,10.6,14.9,53.0,4.5,0.0,1.64
3.0,5.0,sep,fri,91.4,142.9,699.9,8.4,16.9,49.0,2.9,0.0,1.76
3.0,4.0,aug,wed,93.4,103.6,765.2,14.3,23.0,27.0,1.4,0.0,0.0
4.0,4.0,aug,fri,91.2,91.2,735.4,7.9,22.8,38.0,5.7,0.0,0.0
6.0,4.0,sep,sun,93.2,231.3,705.4,6.4,19.6,38.0,4.9,0.0,6.57
3.0,5.0,sep,sat,91.1,133.1,709.4,8.5,19.3,33.0,7.6,0.0,0.0
4.0,4.0,aug,sun,90.1,100.0,583.2,8.7,19.3,41.0,1.3,0.0,0.0
4.0,4.0,sep,sun,93.6,133.4,853.3,7.6,19.5,40.0,2.2,0.0,2.57
8.0,2.0,sep,sun,91.4,80.6,698.2,10.7,19.6,27.0,5.7,0.0,0.0
6.0,4.0,sep,thu,93.1,104.9,735.3,8.2,17.7,42.0,2.9,0.0,0.0
3.0,5.0,aug,sun,92.8,85.0,678.8,7.3,17.3,55.0,1.5,0.0,0.0
3.0,4.0,jul,sun,91.1,99.9,709.7,10.0,26.8,44.0,2.4,0.0,16.0
3.0,4.0,aug,mon,91.1,129.6,687.3,9.0,13.5,29.0,0.9,0.0,1.56
5.0,4.0,aug,wed,92.3,99.9,735.3,9.2,21.4,70.0,4.9,0.0,0.0
2.0,3.0,oct,wed,91.6,131.6,601.7,8.9,19.7,31.0,3.7,0.0,7.8
4.0,4.0,aug,sun,92.2,99.9,696.3,6.2,29.6,25.0,4.3,0.0,0.76
7.0,6.0,aug,sun,92.3,92.7,771.4,4.0,14.8,43.0,2.9,0.0,5.65
7.0,4.0,sep,fri,90.1,92.0,692.2,1.4,19.7,39.0,5.5,0.0,0.0
3.0,4.0,sep,sun,93.0,91.2,652.1,9.5,21.2,70.0,3.8,0.0,1.56
6.0,5.0,aug,sat,92.6,152.1,715.2,7.4,19.6,24.0,4.9,0.0,1.43
8.0,4.0,aug,wed,93.3,130.4,752.9,13.0,25.3,52.0,3.4,0.0,27.35
6.0,2.0,aug,sun,91.3,142.8,786.6,8.4,11.2,38.0,5.3,0.0,38.48
5.0,6.0,sep,sun,94.7,142.2,672.6,7.8,21.6,24.0,7.0,0.0,12.1
4.0,3.0,sep,fri,91.4,141.8,713.3,7.9,19.4,41.0,5.4,0.0,7.8
3.0,4.0,mar,fri,91.3,207.1,99.6,7.0,27.5,22.0,4.2,0.0,0.0
7.0,4.0,sep,mon,92.7,7.1,545.4,7.8,26.6,40.0,4.4,0.0,0.09
2.0,2.0,mar,sun,99.4,91.6,690.6,8.2,23.3,43.0,4.2,0.0,1.01
5.0,4.0,aug,sat,93.8,88.5,724.1,6.0,18.8,28.0,1.7,0.0,0.0
2.0,2.0,aug,sun,92.1,141.3,774.1,10.1,16.8,42.0,2.3,0.0,0.0
5.0,4.0,aug,tue,93.2,92.0,7.0,18.3,19.5,48.0,2.9,0.0,0.0
2.0,5.0,aug,thu,91.3,92.1,661.3,2.3,24.6,49.0,4.9,0.0,0.0
2.0,2.0,sep,wed,91.8,108.1,794.4,9.0,23.8,20.0,4.8,0.0,1.52
7.0,4.0,jul,sun,91.9,102.0,744.4,7.2,18.3,39.0,4.1,0.0,0.0
4.0,4.0,sep,fri,92.6,7.0,689.7,6.6,19.4,35.0,1.8,0.0,0.47
4.0,4.0,aug,tue,90.3,105.7,705.1,4.5,20.9,24.0,6.7,0.0,0.0
8.0,5.0,sep,sun,93.2,75.2,664.8,7.0,39.0,40.0,3.5,0.0,30.32
6.0,5.0,aug,sat,92.9,152.8,696.9,11.7,28.4,42.0,2.2,0.0,0.0
3.0,2.0,jul,sat,89.9,231.9,806.6,18.5,15.6,47.0,4.8,0.0,0.52
4.0,4.0,aug,sun,91.1,129.2,653.3,17.1,15.3,43.0,4.9,0.0,0.0
2.0,4.0,sep,mon,90.0,92.9,6.6,7.1,13.2,39.0,4.2,0.0,3.78
6.0,4.0,aug,wed,90.3,7.5,706.5,12.5,18.3,27.0,1.7,0.0,2.21
7.0,4.0,aug,wed,94.8,129.3,692.2,7.1,21.8,32.0,2.7,0.0,24.77
6.0,5.0,aug,fri,92.4,207.7,752.2,5.1,20.8,35.0,4.1,0.0,1.63
3.0,4.0,aug,sun,91.3,139.1,664.8,7.0,23.3,23.0,3.5,0.0,0.0
5.0,4.0,sep,thu,91.2,108.7,774.6,8.9,21.6,47.0,6.2,0.0,7.8
1.0,6.0,aug,fri,91.2,7.6,14.2,7.3,18.8,27.0,5.4,0.0,1.9
7.0,6.0,aug,thu,92.2,85.3,707.2,4.6,21.9,51.0,2.1,0.0,2.87
4.0,4.0,aug,wed,91.2,207.1,753.2,9.3,28.9,73.0,4.5,0.0,2.18
4.0,4.0,sep,mon,91.3,91.3,794.8,9.1,20.4,53.0,4.4,0.0,5.55
2.0,4.0,jul,sun,91.8,75.1,668.6,6.8,10.8,32.0,6.7,0.0,212.88
6.0,4.0,mar,thu,93.0,166.5,765.4,9.8,19.8,59.0,2.2,0.0,42.87
3.0,4.0,sep,sun,92.6,108.1,761.3,6.0,22.6,41.0,5.6,0.0,30.32
7.0,6.0,aug,mon,91.7,147.1,706.1,8.2,10.4,43.0,4.8,0.0,0.0
6.0,6.0,aug,mon,91.1,130.0,813.4,13.7,17.5,24.0,2.9,0.0,4.88
6.0,4.0,sep,fri,91.3,145.0,747.1,12.1,21.9,55.0,4.7,0.0,0.0
6.0,6.0,aug,fri,91.3,137.3,806.4,7.0,18.0,26.0,3.0,0.0,43.32
7.0,5.0,sep,thu,91.2,99.1,786.1,10.0,14.2,32.0,2.5,0.0,22.03
4.0,4.0,sep,sun,75.3,81.7,496.8,1.9,20.4,66.0,4.9,0.0,49.37
4.0,4.0,aug,thu,92.9,248.5,728.2,20.0,7.6,36.0,2.7,0.0,0.0
7.0,3.0,sep,tue,92.4,181.8,635.2,7.3,15.3,45.0,4.0,0.0,1.76
4.0,4.0,aug,jul,92.6,122.6,784.2,6.9,17.8,41.0,4.4,0.0,6.04
4.0,3.0,aug,sun,92.9,130.4,715.8,5.7,30.9,26.0,4.6,0.0,3.64
2.0,2.0,aug,tue,92.1,7.7,686.0,11.3,22.3,27.0,4.4,0.0,8.59
7.0,6.0,sep,wed,91.6,117.0,724.1,8.0,30.7,32.0,3.1,0.0,105.66
8.0,4.0,oct,fri,86.9,90.4,706.9,7.3,20.6,52.0,6.0,0.0,0.0
2.0,5.0,sep,mon,91.9,108.6,964.6,9.0,18.9,42.0,3.9,0.0,0.0
2.0,2.0,apr,sat,93.1,105.1,714.4,6.1,15.8,73.0,4.0,0.0,1.95
4.0,6.0,aug,sun,94.3,145.0,664.8,3.1,15.4,39.0,1.8,0.0,1.94
3.0,4.0,mar,wed,90.6,142.5,558.8,8.3,26.7,40.0,1.8,0.0,7.19
8.0,3.0,sep,fri,93.7,145.6,745.9,8.7,21.7,27.0,4.9,0.0,0.0
7.0,7.0,aug,sun,91.6,130.4,671.3,6.5,17.9,28.0,3.2,0.0,0.0
8.0,8.0,aug,wed,90.1,149.3,668.6,9.2,18.1,27.0,2.0,0.0,0.79
4.0,4.0,aug,wed,90.1,87.8,654.2,7.2,14.7,25.0,2.8,0.0,0.68
3.0,4.0,sep,fri,90.7,75.8,39.3,8.5,23.3,64.0,3.2,0.0,1.95
8.0,4.0,sep,sun,93.1,137.5,738.0,6.7,13.6,46.0,2.3,0.0,0.55
4.0,4.0,sep,mon,90.8,152.3,724.5,13.7,21.5,42.0,3.5,0.0,32.07
8.0,7.0,sep,mon,93.1,90.9,709.5,15.1,17.5,54.0,2.2,0.0,0.0
4.0,4.0,sep,fri,90.1,181.3,674.1,9.0,17.1,48.0,6.8,0.0,0.0
4.0,4.0,aug,sun,93.4,231.6,653.2,8.1,22.6,68.0,2.4,0.0,0.36
4.0,4.0,aug,mon,92.2,117.9,654.0,9.2,8.3,35.0,4.3,0.0,0.0
7.0,6.0,aug,thu,89.2,181.2,694.1,7.9,22.9,41.0,4.6,0.0,2.13
6.0,4.0,sep,wed,91.7,88.0,592.7,9.4,16.6,43.0,4.7,0.0,40.54
6.0,4.0,dec,sun,94.7,91.4,858.4,7.1,20.0,43.0,4.6,0.0,36.85
6.0,6.0,aug,sat,92.3,99.1,715.1,9.8,18.2,41.0,5.4,0.0,5.38
7.0,7.0,aug,wed,92.5,149.3,614.0,10.0,21.2,42.0,2.9,0.0,1.38
6.0,5.0,aug,sun,90.2,103.0,692.4,13.9,16.4,42.0,1.3,0.0,27.35
5.0,5.0,sep,mon,91.6,87.4,606.2,7.9,15.6,34.0,2.0,0.0,4.69
6.0,3.0,sep,sat,91.7,108.8,696.3,8.7,18.4,35.0,2.2,0.0,8.68
4.0,4.0,aug,tue,91.6,103.6,771.8,8.1,19.3,32.0,2.0,0.0,0.0
3.0,5.0,aug,tue,92.6,181.6,518.3,9.4,18.3,24.0,5.0,0.0,12.1
4.0,9.0,sep,fri,90.9,17.2,724.7,9.1,15.2,32.0,3.8,0.0,37.71
5.0,4.0,jul,thu,91.1,157.2,654.8,10.2,17.2,63.0,2.1,0.0,0.36
2.0,2.0,sep,sun,24.4,139.3,731.5,8.5,23.8,73.0,4.0,0.0,0.0
6.0,4.0,aug,fri,92.1,108.2,709.4,9.0,18.8,66.0,3.1,0.0,31.86
3.0,4.0,aug,wed,95.5,39.9,592.5,10.2,27.6,25.0,2.2,0.0,13.05
6.0,4.0,mar,mon,92.9,137.9,821.8,16.0,16.5,36.0,4.6,0.0,7.73
6.0,5.0,aug,sat,91.3,181.5,754.0,9.1,26.7,59.0,4.7,0.0,1.38
2.0,4.0,aug,sat,97.9,46.1,686.3,18.8,24.2,34.0,6.8,0.0,0.0
4.0,4.0,aug,sun,91.5,90.1,668.2,7.2,19.6,59.0,4.9,0.0,0.0
8.0,4.0,sep,fri,90.4,92.0,672.8,18.5,21.2,33.0,3.5,0.0,5.55
8.0,4.0,aug,wed,92.2,130.7,758.4,10.0,16.6,43.0,4.9,0.0,1.58
5.0,8.0,aug,thu,91.6,133.6,745.8,7.2,19.6,53.0,3.8,0.0,4.25
8.0,6.0,aug,thu,91.8,131.3,639.3,4.8,21.4,39.0,5.9,0.0,42.87
6.0,4.0,jun,sun,93.1,117.9,751.4,6.7,24.9,50.0,4.9,0.0,0.0
6.0,5.0,mar,sun,91.7,91.6,48.0,4.9,21.0,42.0,4.0,0.0,0.0
7.0,4.0,aug,sun,93.8,77.6,818.1,10.1,14.6,27.0,6.7,0.0,0.0
6.0,4.0,sep,sat,96.4,126.3,728.7,8.3,19.3,32.0,4.2,0.0,0.0
6.0,6.0,jul,sat,94.3,141.1,696.0,5.6,19.4,46.0,4.7,0.0,0.0
6.0,4.0,aug,fri,92.3,139.6,592.4,7.2,17.8,32.0,3.5,0.0,0.0
8.0,4.0,sep,sun,91.0,73.3,605.7,7.8,16.0,60.0,5.4,0.0,0.0
4.0,4.0,sep,tue,91.1,130.1,706.3,6.9,13.4,25.0,4.9,0.0,2.18
8.0,4.0,sep,sun,93.7,108.3,664.2,13.6,8.3,59.0,4.0,0.0,43.32
4.0,4.0,sep,sun,91.1,103.2,674.5,10.5,22.2,27.0,4.5,0.0,0.0
8.0,5.0,sep,mon,90.3,121.7,696.3,6.7,23.9,35.0,4.9,0.0,0.0
3.0,5.0,mar,fri,86.0,93.3,16.0,7.1,27.7,44.0,4.6,0.0,58.3
1.0,5.0,sep,thu,93.3,157.7,753.0,17.8,22.3,41.0,3.9,0.0,0.0
4.0,4.0,aug,th,91.9,27.7,754.7,16.0,25.4,48.0,3.3,0.0,0.0
8.0,8.0,aug,mon,90.0,7.1,647.7,7.5,24.2,30.0,1.7,0.0,0.0
1.0,4.0,aug,fri,85.9,103.0,715.1,6.4,19.7,39.0,6.4,0.0,0.0
8.0,6.0,sep,thu,92.8,231.1,770.1,17.5,19.9,31.0,4.9,0.0,1.12
9.0,4.0,sep,sat,91.4,93.1,703.0,4.0,18.1,35.0,2.8,0.0,38.48
7.0,5.0,aug,mon,93.8,94.5,692.6,10.0,18.2,27.0,4.1,0.0,6.83
4.0,5.0,aug,sun,93.8,166.0,694.2,9.1,26.3,63.0,4.4,0.0,0.0
3.0,5.0,sep,sun,91.3,129.9,674.4,14.1,19.9,44.0,2.2,0.0,2.07
4.0,6.0,mar,sat,94.5,231.2,707.4,15.1,20.4,28.0,4.9,0.0,0.0
8.0,3.0,aug,tue,93.8,117.1,774.2,2.9,27.6,54.0,2.9,0.0,0.0
4.0,6.0,sep,wed,92.3,139.2,861.2,7.3,20.8,70.0,3.2,0.0,0.0
4.0,6.0,sep,wed,94.2,27.9,671.9,8.2,19.3,39.0,2.1,0.0,1.95
5.0,5.0,aug,fri,92.3,108.3,1171.1,11.6,17.3,50.0,3.0,0.0,0.0
6.0,4.0,aug,mon,94.7,92.0,668.3,6.1,15.0,56.0,1.8,0.0,2.74
6.0,5.0,sep,sun,96.1,7.7,645.3,7.1,11.9,28.0,3.0,0.0,0.0
3.0,4.0,sep,mon,91.2,8.8,692.2,7.2,27.1,37.0,3.2,0.0,2.47
1.0,3.0,aug,sun,92.5,130.1,853.5,10.6,24.9,39.0,3.5,0.0,34.36
6.0,4.0,mar,sun,91.7,142.1,689.4,9.8,23.1,35.0,9.4,0.0,1.69
8.0,3.0,sep,tue,88.2,126.8,647.9,8.3,19.6,73.0,3.2,0.0,8.24
5.0,6.0,sep,wed,92.1,7.2,181.9,9.9,19.2,24.0,4.9,0.0,3.78
6.0,2.0,sep,sun,91.3,96.4,754.3,8.7,17.0,40.0,4.9,0.0,0.54
4.0,3.0,sep,sat,93.3,4.0,513.7,14.3,18.2,54.0,4.9,0.0,0.68
2.0,4.0,aug,sat,91.3,124.1,542.1,10.1,23.6,45.0,2.7,0.0,1.95
6.0,6.0,sep,fri,91.1,145.5,651.7,8.5,19.8,24.0,2.6,0.0,10.08
7.0,4.0,aug,mon,95.2,48.6,664.1,8.8,15.5,36.0,7.2,0.0,3.52
8.0,4.0,aug,sun,93.4,119.3,613.0,9.0,16.7,48.0,2.2,0.0,0.0
6.0,5.0,sep,sat,91.5,152.7,851.6,7.4,27.9,38.0,4.9,0.0,2.01
4.0,4.0,sep,tue,91.1,139.1,606.9,7.2,13.6,25.0,2.5,0.0,0.0
8.0,5.0,aug,thu,88.3,149.6,761.4,8.4,30.0,44.0,2.1,0.0,0.0
6.0,4.0,oct,sun,91.2,142.2,644.3,14.1,8.6,35.0,4.3,0.0,0.0
4.0,4.0,aug,fri,90.5,6.1,703.9,8.3,22.1,33.0,6.3,0.0,0.0
1.0,4.0,feb,sat,90.9,104.1,686.1,8.0,26.6,37.0,4.8,0.0,0.0
2.0,5.0,aug,fri,92.6,46.3,713.1,8.7,21.2,23.0,2.2,0.0,2.53
6.0,5.0,aug,thu,91.6,8.8,695.7,8.1,24.7,45.0,3.2,0.0,0.0
5.0,3.0,jun,wed,87.6,119.1,631.6,8.9,19.1,45.0,5.1,0.0,0.0
3.0,4.0,aug,fri,91.7,149.7,608.9,7.0,21.4,35.0,2.7,0.0,37.02
6.0,4.0,sep,sat,90.0,133.4,14.5,10.6,18.9,45.0,5.5,0.0,154.88
7.0,8.0,sep,tue,93.3,90.2,696.7,9.3,16.7,26.0,4.0,0.0,13.7
4.0,4.0,sep,fri,91.9,111.7,543.1,2.1,8.6,46.0,4.0,0.0,0.09
6.0,4.0,aug,tue,92.1,137.6,706.2,6.6,23.6,33.0,3.7,0.0,0.0
5.0,4.0,aug,fri,89.0,51.2,668.0,9.2,21.1,27.0,2.3,0.0,0.0
4.0,4.0,mar,thu,91.7,141.7,652.1,8.1,5.4,21.0,2.1,0.0,0.0
4.0,4.0,aug,fri,92.5,126.0,707.3,5.8,20.6,59.0,3.7,0.0,103.39
4.0,7.0,aug,sun,92.2,90.6,27.0,6.2,28.3,59.0,2.7,0.0,12.64
7.0,5.0,aug,wed,92.2,142.1,715.2,13.9,19.4,35.0,4.8,0.0,0.0
4.0,4.0,sep,fri,91.2,142.5,700.4,5.3,15.6,40.0,3.9,0.0,0.0
4.0,6.0,sep,sun,91.7,124.3,855.1,0.0,28.6,34.0,4.4,0.0,0.96
7.0,8.0,sep,sat,95.1,175.6,651.8,4.2,23.9,32.0,5.4,0.0,0.0
4.0,4.0,sep,sun,90.6,94.2,685.4,10.8,20.3,56.0,4.4,0.0,0.0
4.0,4.0,sep,mon,90.7,108.3,653.0,7.5,17.1,36.0,4.6,0.0,31.86
6.0,3.0,sep,fri,92.2,121.3,689.7,8.5,20.4,40.0,3.8,0.0,0.0
8.0,6.0,sep,mon,91.1,124.0,735.5,7.3,22.4,17.0,3.8,0.0,6.84
1.0,4.0,sep,sat,92.7,175.8,754.1,10.9,27.9,51.0,4.7,0.0,0.0
6.0,5.0,aug,fri,91.5,141.0,719.3,8.9,12.8,64.0,4.7,0.0,0.0
4.0,4.0,aug,mon,92.1,101.1,744.5,8.3,21.2,46.0,4.8,0.0,0.0
8.0,6.0,sep,mon,86.1,91.0,647.9,7.1,30.8,27.0,4.6,0.0,0.0
5.0,4.0,aug,thu,90.8,87.7,566.4,11.6,20.6,40.0,4.9,0.0,0.9
7.0,5.0,sep,wed,90.3,121.5,770.9,9.8,14.5,43.0,4.1,0.0,2.14
6.0,8.0,apr,fri,92.6,126.2,752.7,8.2,20.9,28.0,7.6,0.0,1.76
5.0,5.0,sep,mon,91.3,141.6,687.8,5.8,19.8,27.0,2.5,0.0,0.0
4.0,5.0,oct,sat,96.9,93.1,587.3,2.3,12.4,30.0,4.0,0.0,0.0
5.0,4.0,aug,wed,86.2,126.4,745.1,7.7,20.2,32.0,2.7,0.0,9.77
6.0,5.0,sep,sat,91.3,102.4,664.3,4.1,21.3,40.0,5.9,0.0,0.0
3.0,2.0,aug,mon,92.1,90.8,783.7,5.9,16.9,33.0,2.8,0.0,12.18
4.0,4.0,aug,wed,91.7,149.4,733.8,20.0,14.9,46.0,4.6,0.0,9.27
4.0,3.0,sep,tue,91.5,117.3,27.8,8.0,33.7,42.0,2.0,0.0,4.69
5.0,4.0,aug,mon,92.4,103.6,675.8,7.7,21.3,51.0,4.0,0.0,0.0
5.0,4.0,aug,sat,91.1,92.3,715.5,0.0,22.7,43.0,3.8,0.0,12.18
2.0,2.0,aug,fri,93.6,108.9,770.5,9.8,19.4,28.0,1.4,0.0,3.94
7.0,5.0,sep,sun,96.6,104.3,661.3,5.9,17.9,38.0,2.9,0.0,0.0
7.0,5.0,sep,mon,84.7,111.1,806.1,8.6,27.6,42.0,2.5,0.0,14.29
4.0,5.0,aug,thu,90.4,99.1,666.5,8.9,20.4,40.0,5.1,0.0,0.52
4.0,4.0,mar,mon,91.0,96.0,654.1,9.6,19.6,42.0,5.5,0.0,0.0
9.0,4.0,aug,thu,96.9,137.1,695.3,16.3,14.4,51.0,4.3,0.0,0.0
5.0,4.0,aug,sun,91.2,43.1,771.7,6.8,13.6,55.0,2.8,0.0,0.0
2.0,3.0,mar,fri,91.8,91.6,631.3,10.7,18.8,44.0,5.7,0.0,5.38
4.0,2.0,sep,tue,91.7,137.1,704.1,7.4,13.2,50.0,2.8,0.0,0.0
6.0,4.0,jun,mon,91.8,102.1,729.9,9.2,18.0,55.0,4.9,0.0,1.56
5.0,3.0,mar,mon,91.3,108.8,624.6,7.2,20.4,33.0,1.2,0.0,0.0
4.0,4.0,sep,thu,90.6,181.7,735.4,8.4,14.8,35.0,2.6,0.0,1.75
6.0,7.0,aug,fri,90.2,91.9,674.3,10.3,24.9,33.0,3.9,0.0,1.95
6.0,4.0,aug,sat,91.2,137.7,692.1,4.8,11.4,23.0,4.3,0.0,0.0
1.0,6.0,sep,tue,96.2,102.6,783.1,7.0,14.8,34.0,3.5,0.0,2.17
6.0,5.0,jul,sun,91.5,175.0,713.5,6.6,6.7,25.0,4.2,0.0,3.93
2.0,2.0,jul,sun,90.0,80.2,664.7,8.2,18.4,55.0,3.8,0.0,1.61
4.0,5.0,mar,wed,92.4,181.6,6.1,5.8,13.6,32.0,4.8,0.0,3.78
4.0,4.0,aug,sat,90.3,93.0,745.7,9.2,22.2,52.0,4.0,0.0,0.0
4.0,4.0,aug,sun,91.8,111.9,871.8,7.2,20.8,59.0,5.6,0.0,0.0
4.0,5.0,sep,sat,92.5,141.6,783.3,11.1,21.8,25.0,4.8,0.0,0.0
7.0,4.0,sep,thu,91.9,117.1,718.7,13.2,17.4,38.0,1.5,0.0,0.0
5.0,5.0,sep,tue,93.5,108.3,621.3,9.7,24.8,54.0,2.7,0.0,9.96
6.0,4.0,jul,thu,91.7,231.0,647.6,8.7,24.6,43.0,2.9,0.0,0.0
4.0,4.0,sep,fri,93.0,92.0,754.1,7.1,13.3,49.0,4.0,0.0,0.0
6.0,5.0,sep,mon,90.0,99.8,804.7,12.2,21.4,48.0,4.1,0.0,0.0
9.0,6.0,sep,sat,91.9,142.6,671.2,8.2,18.3,40.0,1.8,0.0,0.0
5.0,5.0,aug,sat,91.8,8.0,761.7,9.1,16.1,25.0,3.2,0.0,1.09
6.0,5.0,aug,fri,95.9,152.1,754.7,5.6,21.1,27.0,6.4,0.0,4.61
8.0,6.0,aug,fri,91.3,80.1,671.6,2.8,20.4,27.0,3.1,0.0,2.44
2.0,2.0,sep,wed,91.4,141.2,6062.0,10.0,18.2,26.0,2.7,0.0,0.0
8.0,4.0,sep,sun,89.0,149.0,692.1,8.9,11.6,35.0,1.9,0.0,4.42
6.0,9.0,aug,fri,91.6,231.1,472.4,8.4,23.8,23.0,2.1,0.0,0.0
7.0,4.0,sep,thu,92.1,157.4,692.1,6.3,15.6,32.0,4.7,0.0,0.0
8.0,4.0,sep,sun,91.6,108.5,661.8,9.8,11.4,29.0,2.4,0.0,0.0
5.0,4.0,sep,sun,92.4,89.4,707.3,9.3,18.0,56.0,2.1,0.0,0.0
4.0,4.0,aug,fri,92.6,122.2,786.1,8.3,23.1,33.0,3.2,0.0,0.0
3.0,4.0,aug,mon,97.3,91.1,706.1,7.3,23.3,40.0,3.5,0.0,3.64
4.0,8.0,sep,fri,92.5,7.2,553.1,9.3,23.4,27.0,2.7,0.0,0.0
5.0,6.0,aug,sat,88.1,145.5,735.7,8.0,17.1,33.0,4.7,0.0,0.0
4.0,4.0,jul,thu,85.3,131.2,591.3,7.8,13.4,42.0,3.6,0.0,0.0
2.0,2.0,aug,sat,91.7,141.5,745.4,7.3,27.4,42.0,4.8,0.0,746.28
4.0,5.0,sep,wed,94.6,166.7,664.2,15.0,17.8,32.0,3.7,0.0,0.0
4.0,4.0,aug,sat,92.8,139.5,706.1,7.6,23.6,46.0,3.0,0.0,40.54
5.0,5.0,aug,sat,91.6,121.9,845.0,13.6,20.9,40.0,3.0,0.0,9.96
6.0,5.0,sep,sun,91.2,149.0,965.1,7.0,4.0,46.0,4.8,0.0,0.0
2.0,4.0,aug,mon,91.9,3.8,686.3,2.6,25.9,48.0,2.5,0.0,8.0
5.0,5.0,sep,sat,94.8,152.1,638.0,3.2,21.5,32.0,6.8,0.0,0.0
6.0,4.0,mar,sun,92.1,93.5,645.2,25.7,25.8,32.0,2.2,0.0,2.21
6.0,5.0,sep,thu,91.7,99.5,715.2,11.0,17.7,48.0,1.7,0.0,0.0
7.0,6.0,mar,thu,91.0,73.1,688.7,9.4,21.3,51.0,2.8,0.0,0.0
1.0,3.0,mar,fri,94.3,48.1,792.3,17.3,21.5,30.0,2.7,0.0,0.0
8.0,5.0,aug,sun,92.1,102.8,685.1,15.0,21.7,56.0,3.3,0.0,0.0
4.0,4.0,mar,sun,92.4,117.0,636.6,9.1,17.2,28.0,4.4,0.0,1.46
1.0,3.0,aug,fri,93.0,99.2,664.6,7.9,21.8,54.0,5.4,0.0,12.64
3.0,4.0,aug,sat,93.7,152.5,624.9,4.3,19.2,45.0,2.2,0.0,2.64
6.0,6.0,aug,wed,91.3,27.5,744.8,9.1,14.7,41.0,5.7,0.0,0.0
6.0,6.0,aug,sun,90.7,102.7,554.7,9.5,16.7,35.0,3.9,0.0,20.03
8.0,4.0,aug,feb,92.1,129.2,723.6,9.0,21.3,51.0,5.6,0.0,0.0
2.0,4.0,sep,sat,91.7,131.2,761.7,9.0,19.7,42.0,3.7,0.0,6.1
3.0,3.0,sep,tue,92.0,133.0,674.3,7.8,21.3,75.0,4.7,0.0,0.0
4.0,5.0,aug,sat,91.7,90.0,706.6,6.4,26.4,27.0,5.8,0.0,36.85
1.0,2.0,feb,sun,90.3,248.3,672.1,9.2,11.5,64.0,2.9,0.0,37.71
2.0,4.0,aug,fri,90.2,94.4,645.4,5.2,19.2,30.0,7.6,0.0,43.32
4.0,8.0,jul,thu,91.3,137.1,706.4,9.4,19.9,43.0,4.8,0.0,0.0
5.0,5.0,aug,sun,90.9,122.1,829.6,6.4,17.4,35.0,4.6,0.0,0.0
4.0,3.0,sep,thu,91.4,108.3,624.3,9.6,27.9,54.0,3.2,0.0,4.25
6.0,4.0,sep,mon,91.0,111.3,731.1,1.0,19.6,39.0,4.7,0.0,0.0
1.0,2.0,aug,fri,92.3,108.8,661.2,7.1,27.5,58.0,4.8,0.0,30.18
8.0,8.0,sep,sun,92.3,152.0,631.9,7.0,12.0,42.0,2.6,0.0,0.52
4.0,6.0,aug,sun,93.2,152.6,647.0,8.0,17.0,27.0,4.4,0.0,0.0
2.0,2.0,sep,wed,93.3,114.1,664.3,7.9,21.2,52.0,3.6,0.0,70.76
1.0,1.0,sep,wed,92.2,99.2,705.5,7.9,14.7,40.0,4.2,0.0,0.0
4.0,4.0,aug,thu,92.3,137.7,804.9,9.0,21.2,51.0,4.7,0.0,54.29
6.0,5.0,aug,tue,91.4,175.0,671.1,7.7,14.4,30.0,4.9,0.0,0.0
2.0,4.0,mar,sun,82.3,129.9,686.8,9.7,20.3,43.0,3.1,0.0,3.05
3.0,4.0,sep,fri,92.2,5.0,707.8,18.9,21.8,25.0,2.0,0.0,0.0
5.0,3.0,sep,sat,91.8,147.8,48.6,7.0,21.1,54.0,3.9,0.0,0.0
3.0,4.0,jul,sat,89.1,108.8,599.1,8.4,24.4,26.0,8.9,0.0,0.0
2.0,4.0,sep,sun,92.2,6.4,668.1,9.9,21.6,63.0,5.4,0.0,0.0
3.0,6.0,sep,wed,91.4,92.9,605.2,11.4,16.0,19.0,4.0,0.0,1.36
4.0,4.0,sep,fri,94.0,92.4,724.2,7.7,22.2,40.0,2.4,0.0,0.0
6.0,5.0,aug,sat,91.0,149.6,655.8,3.5,15.3,34.0,4.0,0.0,0.0
6.0,3.0,mar,sun,91.2,0.9,731.6,7.6,18.6,43.0,0.9,0.0,0.0
7.0,3.0,aug,sun,92.4,129.1,692.7,8.3,21.1,24.0,4.8,0.0,0.0
5.0,4.0,sep,sat,91.8,102.4,696.4,9.3,19.7,27.0,1.4,0.0,0.0
2.0,2.0,aug,mon,92.7,91.4,692.7,5.2,14.8,33.0,3.7,0.0,11.06
6.0,6.0,aug,mon,91.2,103.3,753.4,8.1,19.6,53.0,3.4,0.0,2.03
3.0,5.0,sep,wed,92.0,92.6,664.2,8.6,29.0,25.0,2.0,0.0,0.0
7.0,4.0,aug,tue,90.3,129.6,653.8,9.3,16.8,53.0,5.6,0.0,5.55
7.0,7.0,jul,wed,94.3,126.4,764.8,10.0,18.4,24.0,4.6,0.0,5.18
6.0,6.0,aug,fri,91.7,93.8,806.7,8.9,17.7,24.0,5.4,0.0,9.27
4.0,4.0,sep,sun,92.4,141.9,653.3,7.1,30.0,47.0,3.2,0.0,0.0
2.0,4.0,aug,sat,91.1,102.4,695.4,6.2,19.4,70.0,4.3,0.0,71.3
6.0,2.0,aug,mon,91.0,48.9,645.9,7.8,17.9,39.0,4.0,0.0,88.49
7.0,5.0,aug,sun,92.3,142.9,853.5,11.1,21.0,34.0,2.7,0.0,9.71
5.0,4.0,oct,sat,90.3,121.4,915.0,6.8,19.9,39.0,2.6,0.0,0.0
7.0,5.0,sep,sun,91.1,92.6,752.7,12.3,18.3,51.0,3.4,0.0,10.34
5.0,6.0,aug,mon,92.6,99.4,652.2,5.6,21.8,40.0,3.3,0.0,7.02
1.0,3.0,aug,sun,89.1,130.2,665.6,6.0,13.8,28.0,5.0,0.0,0.0
2.0,2.0,aug,tue,90.1,102.7,878.4,7.5,20.3,39.0,1.6,0.0,0.0
8.0,5.0,sep,sat,88.1,124.5,603.0,15.9,20.4,42.0,4.3,0.0,0.0
4.0,4.0,mar,sun,91.2,157.6,632.9,6.7,20.3,40.0,1.1,0.0,2.69
7.0,4.0,aug,fri,90.2,91.6,690.6,12.3,22.6,35.0,6.7,0.0,0.0
5.0,8.0,aug,mon,91.7,181.1,669.2,6.1,21.1,32.0,3.1,0.0,0.0
6.0,4.0,mar,sun,91.7,141.4,771.2,7.0,18.6,26.0,4.9,0.0,2.55
6.0,5.0,jul,sat,90.9,181.4,633.6,6.9,20.6,27.0,1.6,0.0,0.0
3.0,3.0,sep,sat,91.3,133.0,666.1,7.5,24.0,27.0,5.4,0.0,1.61
5.0,4.0,aug,mon,91.6,130.5,792.2,6.6,15.1,52.0,4.3,0.0,2.14
2.0,4.0,aug,thu,90.3,84.3,666.7,9.1,22.4,34.0,6.2,0.0,1.95
8.0,4.0,sep,tue,84.1,96.9,764.7,7.2,24.8,35.0,3.8,0.0,4.95
3.0,4.0,sep,tue,92.0,91.5,713.2,9.9,13.5,35.0,5.9,0.0,0.0
6.0,6.0,aug,sun,91.1,108.7,674.0,8.4,19.8,32.0,4.4,0.0,0.0
4.0,5.0,aug,sat,91.5,85.3,692.3,8.1,23.1,33.0,2.7,0.0,0.0
8.0,5.0,mar,wed,96.6,181.1,745.4,6.4,28.4,35.0,6.3,0.0,0.0
3.0,3.0,aug,sat,88.3,105.9,638.2,2.4,15.1,24.0,4.7,0.0,0.54
5.0,3.0,aug,thu,91.9,6.0,1325.0,6.1,20.9,51.0,4.9,0.0,0.61
6.0,5.0,sep,mon,94.2,93.6,831.0,8.5,23.6,44.0,2.4,0.0,212.88
7.0,4.0,aug,thu,92.1,166.4,638.0,7.1,21.3,46.0,2.6,0.0,0.0
7.0,5.0,aug,wed,90.1,108.1,852.7,7.8,24.5,25.0,1.0,0.0,0.0
4.0,4.0,aug,fri,90.0,27.8,713.8,6.0,23.1,33.0,2.9,0.0,11.32
1.0,2.0,aug,fri,93.2,48.1,694.5,2.6,21.8,42.0,7.0,0.0,0.0
1.0,2.0,jul,sun,88.1,181.2,624.5,11.6,17.2,58.0,4.1,0.0,0.0
5.0,3.0,sep,fri,93.7,94.6,792.9,8.0,22.3,43.0,4.6,0.0,10.93
4.0,4.0,sep,feb,99.8,91.3,99.9,8.7,17.9,42.0,4.1,0.0,0.0
3.0,3.0,sep,sun,91.3,108.5,674.3,8.7,21.2,39.0,4.4,0.0,1.19
5.0,6.0,mar,sun,87.0,6.1,786.1,8.1,22.8,28.0,3.3,0.0,0.0
3.0,7.0,aug,sun,92.3,93.2,751.3,8.8,27.8,26.0,7.5,0.0,0.0
4.0,5.0,sep,thu,94.2,102.3,752.4,13.5,19.8,27.0,3.0,0.0,0.0
7.0,5.0,aug,wed,93.1,152.5,692.2,7.8,3.5,25.0,2.6,0.0,5.33
7.0,2.0,sep,mon,93.2,126.2,7.4,8.5,19.3,30.0,4.7,0.0,0.0
6.0,4.0,aug,thu,92.4,39.2,601.5,14.4,23.2,22.0,2.6,0.0,2.21
5.0,5.0,mar,fri,91.7,92.5,792.6,8.8,19.9,59.0,10.3,0.0,0.0
4.0,4.0,aug,wed,92.6,108.3,692.9,6.0,27.4,35.0,2.5,0.0,1.63
6.0,5.0,aug,sun,91.2,46.0,692.0,10.2,27.6,64.0,5.7,0.0,29.48
2.0,4.0,sep,mon,93.2,119.1,692.5,2.6,17.8,30.0,4.9,0.0,0.0
4.0,4.0,aug,mon,91.2,181.8,692.1,10.0,18.1,54.0,3.8,0.0,0.0
2.0,6.0,jul,fri,90.2,92.8,181.0,9.0,20.6,34.0,4.0,0.0,17.85
4.0,4.0,aug,mon,93.3,276.0,653.2,7.9,19.2,27.0,3.7,0.0,56.04
6.0,5.0,jul,tue,91.3,103.6,571.1,9.5,23.8,50.0,4.6,0.0,7.73
5.0,4.0,aug,fri,91.6,5.6,765.0,9.2,15.7,32.0,5.2,0.0,5.23
4.0,2.0,aug,sun,91.3,92.6,668.3,9.7,21.6,40.0,5.2,0.0,0.0
4.0,4.0,dec,mon,79.3,96.2,674.4,7.5,18.7,24.0,0.8,0.0,0.76
6.0,4.0,sep,wed,91.4,88.0,694.6,10.0,27.2,26.0,7.3,0.0,6.57
3.0,4.0,sep,mon,92.1,91.0,686.4,6.4,22.7,34.0,3.4,0.0,154.88
4.0,4.0,aug,mon,91.6,91.6,706.7,16.3,24.2,51.0,3.2,0.0,0.0
4.0,4.0,aug,tue,92.9,92.2,606.7,10.3,19.4,56.0,2.9,0.0,17.2
8.0,6.0,aug,sun,91.6,75.3,615.3,8.5,14.3,25.0,2.6,0.0,31.72
5.0,4.0,mar,fri,91.8,181.6,661.1,14.1,19.4,40.0,6.1,0.0,0.0
6.0,6.0,mar,fri,91.3,217.1,615.8,7.4,12.4,33.0,4.1,0.0,14.57
6.0,6.0,aug,mon,91.3,142.4,723.6,3.8,21.6,40.0,3.1,0.0,0.24
4.0,4.0,sep,fri,88.2,145.6,9.7,2.6,16.1,27.0,2.5,0.0,3.3
8.0,4.0,sep,wed,88.6,181.9,606.9,7.6,19.4,51.0,3.2,0.0,28.74
2.0,6.0,sep,wed,92.0,87.8,661.4,11.7,23.1,27.0,3.0,0.0,88.49
3.0,5.0,jul,sun,91.3,102.4,835.0,18.6,18.0,44.0,6.3,0.0,0.0
5.0,3.0,apr,wed,89.8,157.3,788.1,11.3,20.7,39.0,1.5,0.0,2.01
8.0,4.0,aug,sun,93.8,111.6,654.3,17.8,24.6,38.0,4.4,0.0,0.0
6.0,5.0,aug,tue,91.1,103.7,792.0,9.0,11.2,28.0,3.7,0.0,4.25
3.0,4.0,sep,fri,92.1,94.5,624.2,7.7,17.3,41.0,1.9,0.0,9.77
3.0,4.0,aug,mon,92.2,114.3,694.8,6.0,27.0,37.0,4.8,0.0,0.0
8.0,5.0,sep,sun,91.5,48.3,607.9,10.0,17.2,51.0,4.3,0.0,0.0
2.0,5.0,oct,fri,91.1,108.7,745.5,9.8,13.6,27.0,4.0,0.0,13.7
8.0,5.0,aug,mon,93.1,139.2,694.4,8.1,17.8,34.0,3.2,0.0,24.59
6.0,6.0,aug,fri,91.7,102.1,745.4,9.3,16.7,57.0,2.4,0.0,11.06
4.0,4.0,sep,wed,92.1,39.9,770.9,8.7,22.2,27.0,2.5,0.0,4.62
4.0,5.0,sep,sat,92.3,181.6,661.4,11.0,24.4,27.0,4.3,0.0,8.12
2.0,4.0,mar,fri,92.6,166.7,698.6,7.8,18.2,27.0,2.8,0.0,200.94
4.0,5.0,aug,thu,92.4,117.7,686.7,3.2,14.4,35.0,5.0,0.0,0.0
1.0,5.0,aug,mon,75.1,91.1,692.4,6.2,19.4,27.0,6.0,0.0,1.01
6.0,2.0,aug,sun,90.5,7.7,661.4,6.1,24.9,52.0,4.9,0.0,1.9
4.0,2.0,sep,mon,92.7,88.0,664.8,5.1,4.0,43.0,2.1,0.0,0.0
6.0,9.0,aug,mon,91.4,91.8,703.5,6.0,21.3,38.0,2.5,0.0,0.0
0.0,5.0,sep,thu,84.2,3.1,687.1,6.6,15.1,25.0,4.3,0.0,2.29
1.0,4.0,aug,fri,93.1,6.4,468.1,11.8,18.8,54.0,4.6,0.0,0.0
4.0,6.0,aug,fri,91.0,6.2,851.6,8.0,18.9,78.0,4.0,0.0,82.75
4.0,4.0,jul,fri,91.0,142.4,744.6,5.0,15.3,32.0,3.9,0.0,0.0
6.0,5.0,aug,fri,90.6,745.6,668.4,11.1,17.1,24.0,3.5,0.0,1.63
4.0,6.0,sep,sat,94.8,108.0,692.9,10.1,21.9,35.0,4.0,0.0,3.71
6.0,5.0,aug,sun,93.1,108.1,853.2,7.5,20.9,44.0,7.3,0.0,15.34
3.0,3.0,jul,thu,91.8,126.7,694.5,6.2,25.1,42.0,3.2,0.0,2.55
1.0,5.0,mar,sat,92.4,130.4,692.0,9.8,23.1,35.0,4.8,0.0,4.61
2.0,3.0,aug,sat,91.1,100.6,825.6,7.3,21.7,35.0,3.6,0.0,24.23
6.0,5.0,aug,sun,95.2,152.8,709.1,8.6,24.4,50.0,4.5,0.0,1.07
8.0,6.0,sep,sat,91.7,96.0,621.0,2.3,19.0,39.0,4.6,0.0,200.94
6.0,4.0,sep,sat,92.3,96.0,696.6,7.0,19.1,35.0,6.2,0.0,6.96
7.0,4.0,aug,wed,91.6,102.3,692.1,9.1,21.5,53.0,5.1,0.0,0.0
7.0,4.0,aug,sat,91.8,102.0,752.2,14.3,21.9,34.0,3.6,0.0,1.9
4.0,4.0,sep,sun,91.1,17.8,686.5,5.8,13.8,33.0,5.0,0.0,0.0
4.0,3.0,mar,sat,91.2,91.2,674.4,14.1,21.7,27.0,2.9,0.0,2.75
6.0,4.0,sep,fri,91.1,93.6,583.5,7.0,25.4,43.0,4.6,0.0,7.4
5.0,4.0,aug,fri,91.5,91.4,799.5,4.4,11.6,45.0,4.8,0.0,0.0
2.0,4.0,sep,wed,91.8,137.9,745.1,7.1,19.4,30.0,1.8,0.0,6.36
7.0,5.0,feb,wed,91.1,8.4,724.3,6.4,17.2,35.0,2.6,0.0,174.63
4.0,3.0,aug,wed,92.3,111.2,686.2,15.6,20.8,24.0,4.7,0.0,6.58
2.0,3.0,aug,mon,92.3,141.3,753.4,11.0,18.9,25.0,4.0,0.0,1.23
8.0,4.0,aug,tue,91.9,79.0,789.6,6.1,20.5,45.0,4.9,0.0,0.0
5.0,4.0,aug,wed,91.1,152.2,685.1,27.8,18.2,25.0,4.4,0.0,0.0
6.0,7.0,mar,fri,85.1,108.3,653.7,9.6,10.8,45.0,4.9,0.0,20.03
4.0,4.0,aug,fri,91.3,99.3,872.9,8.1,13.5,41.0,6.9,0.0,0.0
2.0,3.0,sep,sun,91.1,644.1,680.5,6.1,19.4,24.0,2.9,0.0,0.0
3.0,4.0,sep,sat,92.6,88.6,624.4,6.1,28.9,56.0,5.9,0.0,0.0
4.0,6.0,sep,mon,93.1,51.9,713.6,8.4,21.4,27.0,3.2,0.0,8.0
6.0,6.0,aug,sat,91.7,103.2,692.8,6.1,23.4,64.0,4.9,0.0,8.16
2.0,4.0,sep,fri,90.9,145.1,728.0,11.1,10.3,19.0,1.4,0.0,0.0
4.0,4.0,sep,thu,91.5,51.6,706.2,12.4,23.4,61.0,4.0,0.0,56.04
6.0,4.0,aug,sat,91.0,142.8,695.1,7.0,24.4,26.0,4.4,0.0,7.04
2.0,2.0,aug,sun,94.3,84.0,831.0,9.4,4.6,39.0,4.8,0.0,0.0
4.0,3.0,aug,thu,91.3,0.0,721.6,9.8,18.4,21.0,4.7,0.0,0.0
1.0,4.0,aug,sun,91.2,108.0,638.4,16.8,20.7,34.0,1.8,0.0,5.55
4.0,4.0,sep,fri,88.4,141.8,706.2,8.2,15.2,59.0,2.5,0.0,3.2
5.0,5.0,aug,thu,92.7,149.6,713.6,2.0,21.5,48.0,4.7,0.0,82.75
5.0,3.0,sep,tue,91.2,91.4,696.9,8.4,18.4,24.0,2.8,0.0,0.0
6.0,4.0,sep,sun,92.2,81.6,706.1,5.7,25.8,29.0,2.0,0.0,0.0
2.0,4.0,aug,fri,91.1,94.1,814.1,5.6,15.0,56.0,6.0,0.0,0.0
7.0,8.0,aug,fri,94.7,99.2,792.5,7.7,13.7,41.0,4.0,0.0,29.48
6.0,8.0,apr,mon,91.8,84.4,635.7,7.9,20.3,40.0,4.4,0.0,0.0
2.0,5.0,aug,thu,91.4,102.9,858.1,15.5,24.2,42.0,3.7,0.0,3.5
6.0,4.0,sep,tue,90.2,77.1,692.1,6.8,25.8,20.0,4.8,0.0,0.0
6.0,6.0,sep,thu,92.0,108.3,689.2,8.2,14.3,56.0,1.8,0.0,0.0
4.0,5.0,mar,sun,94.4,25.3,636.8,6.3,4.7,31.0,4.9,0.0,2.75
8.0,4.0,aug,mon,90.2,126.3,785.0,6.0,11.7,40.0,5.6,0.0,0.0
2.0,4.0,sep,sat,90.8,103.7,674.8,6.6,13.4,32.0,2.2,0.0,26.13
8.0,6.0,mar,sat,90.1,175.2,486.1,6.3,20.7,27.0,5.6,0.0,10.01
6.0,5.0,sep,sun,92.1,93.5,689.6,9.6,20.6,27.0,5.7,0.0,1.94
6.0,5.0,jul,thu,91.7,152.9,706.1,8.2,21.4,35.0,4.8,0.0,29.48
4.0,4.0,sep,sun,91.1,124.7,706.6,7.4,23.3,43.0,4.3,0.0,0.0
5.0,4.0,aug,sat,84.7,290.5,692.1,12.1,11.1,39.0,2.6,0.0,0.0
2.0,2.0,sep,mon,90.3,7.0,606.1,7.2,24.7,24.0,5.8,0.0,0.0
6.0,4.0,aug,sat,91.1,93.2,613.5,9.1,31.8,50.0,4.9,0.0,0.0
7.0,4.0,aug,mon,90.6,92.9,745.4,9.6,24.3,57.0,1.8,0.0,2.21
2.0,4.0,sep,wed,91.5,129.0,752.6,6.9,17.4,34.0,2.9,0.0,8.59
1.0,5.0,aug,sun,91.8,7.1,758.7,1.0,21.6,33.0,2.5,0.0,0.72
1.0,2.0,sep,thu,91.9,130.8,694.1,9.8,21.7,40.0,2.1,0.0,0.52
4.0,9.0,sep,tue,93.7,4.8,628.2,9.1,21.3,51.0,3.1,0.0,48.55
8.0,4.0,aug,mon,91.9,6.3,601.6,7.1,20.4,24.0,4.7,0.0,0.0
6.0,4.0,aug,wed,91.6,119.8,814.0,25.3,14.6,27.0,4.3,0.0,28.74
4.0,4.0,aug,mon,86.4,108.9,624.4,6.8,18.5,43.0,2.2,0.0,3.52
6.0,2.0,sep,sun,93.7,108.5,789.1,15.1,15.7,55.0,3.0,0.0,2.01
7.0,6.0,sep,sun,91.0,111.3,758.2,7.2,13.6,35.0,4.0,0.0,0.0
1.0,4.0,sep,sun,92.5,129.0,745.8,5.6,19.5,41.0,2.8,0.0,2.75
1.0,3.0,dec,sat,92.3,126.3,592.3,5.5,23.8,40.0,4.9,0.0,40.54
9.0,4.0,aug,fri,91.8,114.9,745.1,5.5,15.5,27.0,2.2,0.0,0.77
2.0,5.0,sep,sat,94.8,181.3,692.1,2.0,21.9,38.0,4.0,0.0,0.0
7.0,4.0,aug,sun,91.8,181.2,706.1,9.8,18.7,27.0,4.5,0.0,43.32
6.0,4.0,aug,tue,90.3,139.9,775.2,2.2,19.4,44.0,3.6,0.0,0.0
4.0,4.0,oct,mon,91.0,175.1,753.1,20.8,24.9,32.0,4.0,0.0,3.64
3.0,4.0,aug,sun,91.6,152.3,705.4,7.1,21.5,37.0,2.7,0.0,0.0
5.0,3.0,sep,fri,93.1,111.0,16.4,20.2,20.4,41.0,2.0,0.0,0.0
3.0,4.0,aug,sat,84.1,147.0,633.7,6.4,20.7,66.0,4.7,0.0,0.0
4.0,2.0,aug,thu,91.8,126.7,655.5,10.1,19.4,21.0,4.4,0.0,0.0
6.0,5.0,aug,tue,90.5,99.4,9.7,9.0,17.0,46.0,5.3,0.0,0.0
6.0,4.0,sep,sun,94.0,99.3,2.1,6.1,17.4,20.0,4.6,0.0,0.52
4.0,4.0,aug,mon,94.1,137.6,664.0,6.8,26.9,39.0,4.8,0.0,3.05
4.0,5.0,aug,sat,92.5,181.7,835.6,6.2,15.8,38.0,2.6,0.0,0.0
