Area,MajorAxisLength,MinorAxisLength,Eccentricity,ConvexArea,Extent,Perimeter,Class
57999.0,328.28246,199.8147343,0.796399015,61277.0,0.69286912,814.109,Kecimen
61711.0,352.011403,238.8953978,0.718938975,63641.0,0.728768209,921.811,Kecimen
70941.0,364.1908434,249.52945,0.681161601,72819.0,0.759913709,1085.837,Kecimen
61762.0,333.6762024,226.5074738,0.829402026,62380.0,0.728765213,983.613,Kecimen
103772.0,562.7137696,250.9449198,0.761198118,106439.0,0.697670974,1298.308,Besni
72918.0,433.9479938,265.3139704,0.71620554,75950.0,0.71936754,1099.512,Kecimen
61251.0,350.9266979,228.8131346,0.784922337,63968.0,0.664168255,944.022,Kecimen
76364.0,328.289568,227.9178749,0.849383811,79255.0,0.700286817,1179.884,Kecimen
121713.0,473.3503966,306.8987249,0.842906791,123968.0,0.639694324,1539.314,Besni
70699.0,390.2013362,246.9199675,0.749006819,71954.0,0.688628995,1047.392,Kecimen
71266.0,585.2190769,305.3100019,0.81625635,81717.0,0.757604541,1646.559,Besni
58906.0,349.0092062,237.0210803,0.76657273,61519.0,0.634230657,981.059,Kecimen
84975.0,390.8928081,252.029308,0.735422461,86344.0,0.674476207,1176.034,Kecimen
89431.0,401.8813696,275.2842031,0.8002634,90556.0,0.708385459,1182.28,Kecimen
62422.0,330.5595405,247.6416873,0.633565216,64499.0,0.73896294,940.542,Kecimen
83595.0,411.9740962,237.3299091,0.838451647,87230.0,0.758650579,1184.251,Besni
15390316.0,613.7359114,337.7243364,0.879346962,163818.0,0.737206722,1622.916,Besni
164782.0,535.8169538,249.9199645,0.883205066,172376.0,0.573241751,1689.254,Besni
108054.0,599.1430202,281.0920312,0.818772413,105539.0,0.742600897,1393.906,Besni
49762.0,639.1445532,212.0641938,0.693692051,52250.0,0.740165631,968.375,Besni
54219.0,348.2821616,222.8031,0.817933014,57701.0,0.663785146,922.011,Kecimen
94282.0,560.8337341,218.1757003,0.729548695,97404.0,0.711720382,1209.829,Besni
74167.0,419.6717559,249.0241686,0.835846416,72219.0,0.637206739,1165.063,Kecimen
56810.0,333.7748273,222.163105,0.893780798,59040.0,0.76957895,915.811,Kecimen
109254.0,504.9233464,289.2838485,0.797892251,114995.0,0.742264689,1305.84,Besni
48007.0,305.3378718,202.581715,0.619209278,50879.0,0.731247797,842.873,Kecimen
59654.0,339.1311299,242.9736477,0.683752708,60550.0,0.734759934,934.743,Kecimen
79161.0,433.1899213,236.8736053,0.711472583,81839.0,0.73824584,1187.109,Besni
73319.0,394.2460116,277.4199635,0.72616862,74315.0,0.723790395,1077.374,Kecimen
109701.0,477.4725286,314.547414,0.812809357,112497.0,0.716062129,1328.157,Besni
49882.0,344.1889454,205.8177642,0.786002345,50857.0,0.725917295,845.162,Kecimen
83693.0,477.9738669,265.977168,0.718938928,86858.0,0.734385128,1176.034,Kecimen
57281.0,330.8096638,213.2680557,0.670121591,59383.0,0.754545605,872.833,Kecimen
141220.0,532.0732607,331.53844,0.882585463,153811.0,0.78473052,1530.397,Besni
104728.0,498.7353439,277.0668866,0.925634934,109992.0,0.726277372,1284.989,Besni
51555.0,324.5846058,205.7171081,0.90324454595,56175.0,0.691175712,997.47,Kecimen
102933.0,483.1636,277.0833254,0.849262375,106499.0,0.734399043,1245.251,Besni
61539.0,326.2950626,231.7175312,0.825082585,63893.0,0.744187354,973.599,Kecimen
51442.0,346.300244,198.7527358,0.769032556,52721.0,0.693494121,922.878,Kecimen
46742.0,296.4298678,191.2480955,0.741191001,47802.0,0.731973651,857.486,Kecimen
48409.0,323.0510131,196.3080557,0.836895588,51743.0,0.725972018,901.385,Kecimen
116920.0,478.433852,301.4368798,0.88563635,120922.0,0.668535005,1342.561,Besni
152611.0,486.3828035,264.9093216,0.778519786,157471.0,0.719710626,1544.214,Besni
86440.0,457.9715903,254.8736156,0.811695946,85978.0,0.646527757,1157.089,Kecimen
84539.0,441.2000722,235.6979753,0.649910941,88063.0,0.733499171,1154.839,Besni
43492.0,331.2824493,210.1560947,0.685928077,44743.0,0.7356957,883.472,Kecimen
53363.0,339.9342908,205.8650238,0.741936124,52692.0,0.683948248,875.792,Kecimen
74728.0,397.136779,253.2324363,0.769163649,78178.0,0.67795556,1035.683,Kecimen
96477.0,533.3333902,273.1234652,0.875338198,101539.0,0.74614162,1390.93,Besni
132078.0,559.9715907,252.9449198,0.826082408,137839.0,0.745944737,1349.879,Besni
68520.0,422.0666666,204.1222863,0.809313913,72819.0,0.715447344,1110.47,Besni
82211.0,441.5047797,234.3857273,0.756231405,84950.0,0.718426867,1182.981,Kecimen
81704.0,393.4334163,252.36527,0.749044695,87521.0,0.690855598,1157.021,Besni
87873.0,434.8371628,262.06667,0.783313952,87929.0,0.72211179,1087.034,Kecimen
91432.0,447.7069809,275.2839499,0.804107077,92197.0,0.691026582,1198.832,Besni
58880.0,350.97133240000005,189.7174725,0.849832484,59427.0,0.701672764,944.508,Besni
50445.0,336.8689212,192.9110068,0.7575466,51540.0,0.712034549,915.989,Kecimen
46745.0,293.5371618,202.1542062,0.768571316,48631.0,0.719074722,881.973,Kecimen
118988.0,487.114957,265.2842028,0.892918128,120918.0,0.74560891,1351.446,Besni
81639.0,463.1640621,253.9140521,0.764572869,83932.0,0.714780201,1172.989,Besni
43114.0,259.3344168,216.7666389,0.7371693425,44947.0,0.722728935,877.091,Kecimen
115551.0,520.6800335,275.4020207,0.851517799,115665.0,0.762518147,1399.335,Besni
144084.0,596.8177642,273.9021659,0.84859104,149703.0,0.60261751,1536.468,Besni
49414.0,317.1347492,204.7395131,0.812809305,51007.0,0.689992119,851.522,Kecimen
62401.0,362.6507703,208.7512989,0.836364093,66419.0,0.664193877,948.422,Kecimen
84383.0,477.9085026,243.0382802,0.830127679,86857.0,0.704431378,1112.084,Besni
137788.0,654.4999334,275.7330534,0.796399015,144944.0,0.725930755,1562.004,Besni
71918.0,391.8166637,238.4450356,0.806766406,74242.0,0.703402872,1014.684,Kecimen
74652.0,418.2490898,204.037706,0.867933692,76355.0,0.763778569,1035.91,Besni
58495.0,338.9879081,239.8953465,0.716535433,60664.0,0.73124602,970.934,Kecimen
89138.0,449.7865556,244.3239807,0.84901212,90546.0,0.759933703,1230.624,Besni
75899.0,440.4304573,228.5166995,0.817262682,78842.0,0.725454805,1021.074,Kecimen
114164.0,452.6784617,272.8950128,0.835803997,116050.0,0.668021756,1362.683,Besni
85364.0,454.4537214,275.9226152,0.800238635,87593.0,0.673231039,1112.153,Besni
84510.0,498.2118371,229.7165938,0.772095159,84545.0,0.737749216,1130.413,Besni
129292.0,518.3615157,314.9484614,0.902609041,133905.0,0.65835498,1485.853,Besni
112787.0,516.085562,277.4821914,0.762577285,115800.0,0.7359338959,1319.997,Besni
46120.0,286.8129101,205.5732767,0.776496225,47600.0,0.65881011,873.741,Kecimen
43441.0,274.4514388,191.0259519,0.742550605,48631.0,0.677637118,858.548,Kecimen
89310.0,434.5599708,273.9723903,0.818863513,93087.0,0.632188226,1144.522,Kecimen
50545.0,397.1107575,204.9199645,0.817262326,51746.0,0.737472545,1140.344,Kecimen
48488.0,261.9163163,258.7716147,0.737687128,46601.0,0.719924435,761.179,Kecimen
62409.0,344.5787484,234.2345455,0.783351347,63617.0,0.67304561,1095.709,Kecimen
61600.0,352.1939354,227.418646418,0.767973331,64962.0,0.7085561633,909.717,Kecimen
60536.0,333.7064095,191.7569303,0.791511049,67847.0,0.715447344,930.616,Kecimen
123073.0,661.1487714,273.2605054,0.868382764,125856.0,0.729824957,1298.731,Besni
102013.0,486.5159353,238.9295809,0.849208116,107988.0,0.731093185,1258.386,Besni
82638.0,464.8275297,241.9280332,0.857893642,87785.0,0.704444444,1177.04,Besni
65091.0,541.563654,228.6686172,0.649914023,69240.0,0.687531287,1087.034,Besni
61442.0,362.7495988,213.630842,0.857392304,66649.0,0.676634437,931.43,Besni
71141.0,434.43346635,219.2525453,0.838386349,74445.0,0.777040583,1247.986,Besni
81021.0,462.9666319,236.6430835,0.835096754,83932.0,0.695071077,1140.897,Besni
69120.0,328.2931866,225.3620207,0.823343092,70703.0,0.71520471,1024.207,Kecimen
82708.0,578.7069824,258.4860546,0.849164353,85799.0,0.714770872,1176.713,Besni
90176.0,436.4989071,275.9068241,0.709454946,87057.0,0.714819412,1205.764,Kecimen
81250.0,403.8671438,247.2113035,0.818383573,84475.0,0.632908552,1173.909,Kecimen
76793.0,356.2939392,231.8282412,0.7860025113,78842.0,0.722292637,1036.867,Kecimen
104921.0,572.9269902,264.36528,0.852367489,109501.0,0.692649679,1320.0000007,Besni
51456.0,336.6780228,208.8200404,0.86043822,54427.0,0.687300355,903.028,Kecimen
49059.0,275.5829735,208.9148194,0.78696365,52600.0,0.766297923,949.908,Kecimen
117077.0,588.0639568,305.4224241,0.849102716,122361.0,0.7129884,1453.377,Besni
72924.0,421.844962,231.3828669,0.764337932,75002.0,0.668066581,1120.779,Besni
85609.0,429.4809483,238.7384529,0.855032255,84430.0,0.740165631,1182.68,Kecimen
41593.0,296.8298817,181.3818552,0.923770364,43903.0,0.726967469,868.788,Kecimen
144250.0,591.0580562,332.4579597,0.854498675,155494.0,0.74260095,1604.559,Besni
65958.0,353.224252535,228.6417533,0.818938491,64862.0,0.742211907,1033.91,Kecimen
54311.0,320.6858345,208.9062262,0.857153814,55879.0,0.744780007,972.259,Kecimen
98260.0,442.7453136,297.8298817,0.852346455,103475.0,0.648829609,1322.203,Besni
122573.0,449.4549315,295.9082082,0.827745116,136612.0,0.727839231,1475.266,Besni
75529.0,350.8999545,252.9269933,0.838694738,80474.0,0.769578657,993.005,Kecimen
164782.0,639.6974648,326.8989262,0.82616862,169000.0,0.737576154,1646.524,Besni
82881.0,441.4732356,234.2967797,0.865640348,90865.0,0.663750783,1295.094,Besni
61370.0,352.1936798,182.6662174,0.835454545,64316.0,0.723184154,1027.518,Besni
53497.0,333.5076812,227.9512031,0.8571214952,55712.0,0.751009036,966.255,Kecimen
52267.0,336.5716285,208.5598972,0.764323073,54944.0,0.686948956,868.625,Kecimen
67798.0,407.9761844,237.7384529,0.74939737,69607.0,0.742108881,1074.968,Besni
67798.0,393.3669658,219.629542,0.725926261,69607.0,0.718938935,1075.307,Kecimen
157423.0,639.505907,289.6304907,0.907201118,167423.0,0.573270937,1753.016,Besni
88257.0,441.7955517,276.8022529,0.771795655,91704.0,0.73744195,1285.331,Besni
61600.0,340.8321626,243.7578712,0.806743297,64962.0,0.73579464,975.191,Kecimen
70788.0,311.724998,234.2868561,0.754512741,71954.0,0.740165631,1028.551,Kecimen
92612.0,387.7536962,294.722883,0.898249041,96340.0,0.738322463,1191.378,Kecimen
110415.0,496.2901214,302.5594062,0.849102747,113475.0,0.723693699,1391.308,Besni
53077.0,421.9483992,224.4999334,0.788683725,51727.0,0.766377824,848.486,Kecimen
102936.0,404.3163956,273.0558783,0.649631331,109992.0,0.75065431,1259.094,Kecimen
54772.0,336.0810124,204.1298394,0.781378447,57310.0,0.71769124,948.692,Kecimen
104057.0,542.6827059,268.3339177,0.849208116,105961.0,0.740009433,1295.91,Besni
111378.0,479.8674418,269.5828775,0.840127899,113256.0,0.670082717,1210.245,Besni
101213.0,498.4868241,276.6598183,0.865604032,104606.0,0.743990207,1271.661,Besni
108211.0,442.5464799,304.1564686,0.818782855,109314.0,0.716042129,1259.729,Besni
82693.0,450.5277271,241.507748,0.799682716,87517.0,0.698606519,1193.836,Kecimen
85310.0,465.1016955,241.810056,0.817338426,87510.0,0.73819532,1261.029,Besni
64762.0,354.011421,247.8285925,0.907335011,66419.0,0.710317339,1051.564,Besni
123046.0,522.9567692,311.6416267,0.912304243,126344.0,0.690843725,1470.307,Besni
90612.0,473.5758459,215.7716147,0.772322237,99169.0,0.689698476,1261.029,Kecimen
86202.0,504.3954957,228.7152053,0.827080776,88336.0,0.711847256,1259.343,Besni
76984.0,347.2555917,254.3765834,0.789911277,79242.0,0.739578677,1051.74,Kecimen
104602.0,598.1144342,265.330823,0.781855496,104758.0,0.778322762,1263.029,Besni
90375.0,413.1809434,261.9434084,0.713731038,93555.0,0.728735213,1131.939,Kecimen
86774.0,489.0011535,274.4722556,0.849294846,89048.0,0.67634488757,1182.921,Besni
45051.0,326.0614475,208.6731324,0.686582749,46531.0,0.732637469,875.167,Kecimen
68560.0,388.5966833,216.8475455,0.701161931,70719.0,0.721307952,1052.05,Kecimen
59459.0,342.0727111,206.7762271,0.849208116,62350.0,0.629620929,948.487,Kecimen
64984.0,360.6772412,227.2409401,0.778736856,70674.0,0.735169367,1075.955,Kecimen
56217.0,311.3447951,204.0812123,0.724907214,57717.0,0.634347821,902.624,Kecimen
64618.0,350.9772864,235.9511277,0.771744118,65950.0,0.74000213,928.062,Kecimen
74610.0,403.9094114,231.72336,0.851747679,79677.0,0.744176827,1099.386,Kecimen
84558.0,418.1882613,277.9197878,0.858538226,86777.0,0.593805036,1177.016,Besni
84567.0,462.2821913,249.8171444,0.809280718,87501.0,0.743148315,1202.482,Besni
103913.0,487.343926,300.7359973,0.829377269,112150.0,0.612977469,1302.366,Besni
71335.0,394.7601168,243.9092944,0.7353473229,73817.0,0.7242876154,1013.472,Kecimen
64892.0,358.3972871,204.4962535,0.868670102,66774.0,0.756920876,1014.754,Kecimen
71539.0,403.7145466,245.2844767,0.673123819,71743.0,0.694510885,1079.754,Kecimen
75329.0,440.5559014,242.2860947,0.812295742,77824.0,0.667555617,1173.642,Besni
61463.0,350.1827545,197.6957294,0.798738633,65403.0,0.739489545,934.857,Kecimen
61643.0,331.2242833,277.0341135,0.865604032,63504.0,0.688908984,1047.037,Besni
46742.0,328.072872,204.1461956,0.865655869,48500.0,0.689698852,867.777,Kecimen
107314.0,522.5437758,277.3283177,0.814592987,110945.0,0.619180158,1360.497,Besni
52731.0,350.6007316,203.112478,0.746901655,54175.0,0.62429753,977.906,Kecimen
79006.0,450.487407,222.2860947,0.792294182,82984.0,0.702859542,1082.227,Kecimen
48645.0,350.0130552,204.1463303,0.705783652,51436.0,0.738386349,877.791,Kecimen
49882.0,311.9967563,207.1655512,0.711471574,50748.0,0.681831859,922.744,Kecimen
147840.0,661.1487714,295.3489307,0.806340027,155682.0,0.722191972,1557.888,Besni
98935.0,559.3626467,289.828173,0.86168085,112825.0,0.78868349,1256.921,Besni
129758.0,522.0096395,289.2593164,0.829105982,137301.0,0.742280362,1396.03,Besni
156031.0,604.4426082,332.6379098,0.829409642,171794.0,0.708897225,1593.769,Besni
90675.0,442.9614406,231.8283665,0.759917046,93852.0,0.787777611,1272.882,Besni
82193.0,466.3933146,234.3867797,0.853935982,87057.0,0.713846277,1162.578,Besni
61994.0,323.4080201,228.9125773,0.849262335,62526.0,0.613966834,903.723,Kecimen
180898.0,330.0635747,315.134485,0.7787372,228259.0,0.723238624,793.109,Besni
97277.0,397.6112488,254.4527709,0.845844473,99964.0,0.711869781,1246.02,Besni
106940.0,609.8449588,272.0666437,0.801805234,107184.0,0.730434168,1349.646,Besni
142415.0,488.0709176,316.6013291,0.853284597,149403.0,0.649860993,1512.557,Besni
43563.0,300.9148374,191.1090383,0.846088407,44753.0,0.751833496,863.645,Kecimen
62462.0,381.8448414,231.0998405,0.836364926,64969.0,0.7534366562,1075.343,Kecimen
58570.0,333.7034529,277.0668841,0.781628075,59941.0,0.713846299,930.869,Kecimen
52047.0,332.4538281,204.8440457,0.784164747,53588.0,0.712064924,989.579,Kecimen
66793.0,366.9648523,208.6190158,0.708726586,68383.0,0.682988899,1035.692,Besni
75540.0,340.3502948,260.948399,0.792112128,74181.0,0.714819412,1099.627,Kecimen
53060.0,297.386698,198.0210803,0.827038241,52773.0,0.702710238,874.867,Kecimen
46601.0,307.4445214,175.2655455,0.671216582,48879.0,0.71669152,813.103,Kecimen
103468.0,634.3024462,245.9761755,0.846517002,107988.0,0.788128382,1360.305,Besni
84383.0,425.924096,245.9093213,0.851391424,88336.0,0.704444444,1140.68,Besni
62462.0,394.3975005,250.7636115,0.794371356,64925.0,0.677975094,1006.34,Kecimen
67883.0,301.74224,215.5674661,0.723253716,69039.0,0.723225806,989.626,Kecimen
71442.0,520.3808459,253.3908552,0.792998603,73824.0,0.75991355,1102.365,Besni
175946.0,663.0314214,277.0241607,0.652394055,179880.0,0.746829617,1766.378,Besni
117098.0,508.1289317,250.1827545,0.856653504,120315.0,0.745434745,1327.839,Besni
54943.0,356.7185341,215.8882244,0.724908356,56851.0,0.704805743,941.451,Kecimen
145693.0,542.5643598,306.9197861,0.800107986,150420.0,0.708897213,1581.308,Besni
83928.0,473.8022541,209.0587358,0.833155992,87512.0,0.715447344,1183.447,Besni
53389.0,330.7683525,222.8020273,0.739653381,56030.0,0.73744195,901.542,Kecimen
109791.0,446.8022541,304.4928791,0.815716625,111765.0,0.687063938,1310.51,Besni
83546.0,456.3827046,306.5899272,0.830080564,87877.0,0.636981038,1298.335,Besni
53890.0,330.0281225,225.0414104,0.818083513,54875.0,0.673732126,940.619,Kecimen
75429.0,400.4139594,249.7916571,0.842992969,76975.0,0.723185339,1099.228,Kecimen
98485.0,497.7014549,275.5598977,0.82910585,100659.0,0.739555027,1258.518,Besni
103377.0,585.6747232,238.6688956,0.88854722,104468.0,0.725454805,1293.085,Besni
87149.0,449.4545811,234.2737909,0.707066468,90375.0,0.719887509,1239.13,Kecimen
49877.0,297.7353789,238.4717854,0.83071856,50298.0,0.693857003,875.425,Kecimen
120747.0,661.2097595,268.0871638,0.890685926,132344.0,0.700766397,1495.69,Besni
89236.0,450.7368356,265.8146124,0.781855924,96904.0,0.704603999,1184.209,Kecimen
43441.0,301.5077895,175.2870744,0.723317129,45683.0,0.722204347,870.724,Kecimen
141679.0,522.3912334,275.2860947,0.907106889,146328.0,0.654611373,1539.716,Besni
121056.0,621.7663728,328.6079813,0.698030924,141442.0,0.71950598,1461.352,Besni
45800.0,310.7032602,270.5832713,0.782449758,47486.0,0.694021109,887.085,Kecimen
132211.0,619.8146259,236.9642048,0.819507998,141442.0,0.655190643,1542.028,Besni
78571.0,396.8829335,254.0651938,0.887422762,80567.0,0.689698853,1157.771,Besni
67754.0,356.0036562,243.1636183,0.71684776,71794.0,0.716926627,1018.793,Kecimen
61967.0,328.5815935,209.581332,0.784743459,63724.0,0.730434168,977.906,Kecimen
61861.0,333.5040186,238.629524,0.806610182,66317.0,0.688810849,968.355,Kecimen
104318.0,494.647599,272.3379171,0.846380017,108916.0,0.73457676,1391.914,Besni
73699.0,381.6744113,253.2869496,0.816632082,74825.0,0.705917488,1050.012,Kecimen
132724.0,496.7372539,289.2868248,0.816654393,137426.0,0.743171237,1481.984,Besni
102721.0,598.4334649,246.7175935,0.803054658,108119.0,0.682237749,1340.897,Kecimen
50570.0,318.8592139,231.7402952,0.849102747,52772.0,0.714817957,928.04,Kecimen
62562.0,362.1619206,230.7152071,0.732483472,64492.0,0.696834015,975.847,Kecimen
53389.0,359.5766825,189.8275324,0.719193764,60199.0,0.7237036414,940.816,Kecimen
68101.0,311.7024395,224.1879454,0.835169296,70556.0,0.6847273,1099.263,Kecimen
43495.0,352.1907699,189.8174488,0.741121129,47802.0,0.749358072,922.011,Kecimen
169009.0,731.5040178,376.11683,0.81625645,173462.0,0.677944277,1827.9,Besni
121299.0,591.8675084,323.1973598,0.849183813,124211.0,0.723293749,1499.675,Kecimen
58357.0,333.9828463,206.12772844,0.786462402,61229.0,0.77991351,966.906,Kecimen
65869.0,330.8083216,204.0415775,0.838358423,65494.0,0.699917592,1036.937,Besni
99333.0,440.5276306,293.6426959,0.82910585,103475.0,0.751848625,1268.05,Besni
64868.0,381.3665177,231.743408,0.745026085,66797.0,0.761198476,1012.338,Kecimen
71677.0,336.4889121,219.3658885,0.764366384,74556.0,0.693692752,941.447,Kecimen
57612.0,330.8992868,231.95579,0.829230675,59837.0,0.690789927,935.816,Kecimen
52691.0,329.0828265,213.913109,0.632188028,55960.0,0.720862129,997.531,Kecimen
102868.0,531.2065911,273.251665,0.819507998,108112.0,0.72985713,1456.96,Besni
106938.0,522.4680098,275.2602815,0.887545005,114425.0,0.700032075,1269.066,Besni
68129.0,362.9245989,209.1957138,0.74000213,70141.0,0.711672732,1001.408,Kecimen
100913.0,503.5464724,261.9427901,0.770486336,109593.0,0.7129884,1162.724,Besni
141260.0,740.4139594,300.7927342,0.815918957,148876.0,0.691330835,1529.422,Kecimen
43901.0,261.4832386,212.635393,0.82910585,43363.0,0.714817957,843.624,Kecimen
79053.0,402.5262782,245.4100709,0.818984478,81779.0,0.735392964,1112.853,Kecimen
109581.0,431.8651894,297.4444493,0.716252572,107968.0,0.690843725,1345.687,Besni
84784.0,397.6465328,264.6183426,0.849134868,92317.0,0.62476017,1162.765,Kecimen
64825.0,328.5761776,204.62199036,0.798738633,64722.0,0.642833662,966.729,Besni
96926.0,464.7376939,254.9171902,0.844179902,102899.0,0.739337059,1284.852,Besni
96920.0,447.5036129,241.0396812,0.793181118,101231.0,0.737159522,1269.39,Besni
69151.0,411.7034356,248.2833504,0.74939737,70841.0,0.738159297,1073.251,Kecimen
54718.0,311.9961953,221.9099341,0.766676926,58130.0,0.72663025,858.296,Kecimen
1378.0,539.73482801,318.6317844,0.840320429,139124.0,0.757673254,1407.425,Besni
50570.0,354.1888407,198.4455312,0.716534018,51368.0,0.741098519,922.869,Kecimen
63392.0,381.7813717,224.2415757,0.78154873,64825.0,0.745402863,1026.255,Kecimen
164783.0,614.4681495,372.8031053,0.849102747,168442.0,0.723184242,1654.365,Besni
88253.0,488.9566534,256.9501109,0.857893647,91703.0,0.7372067295,1245.245,Besni
46845.0,305.847856,202.8552429,0.819015896,46592.0,0.697046139,874.105,Kecimen
109012.0,481.8576638,275.6622254,0.846647455,112128.0,0.735576165,1244.638,Besni
69024.0,403.6056284,236.8038889,0.812294577,71879.0,0.737206735,1094.632,Kecimen
125833.0,580.7668376,273.083655,0.848474157,136612.0,0.779155727,1457.386,Besni
64988.0,331.3813952,215.6466724,0.75184561,67701.0,0.70983268,948.664,Kecimen
71595.0,364.8369921,254.2608114,0.716592623,78641.0,0.715684093,1068.79,Kecimen
102722.0,582.5595652,311.9956922,0.819681103,106499.0,0.719887507,1327.959,Besni
123486.0,531.4099014,275.4139073,0.818981468,125968.0,0.792998657,1397.307,Besni
86652.0,447.5018112,269.2865688,0.808566689,90899.0,0.696038015,1239.493,Besni
131847.0,619.69591938,241.3502935,0.8652592873,138500.0,0.723159339,1463.966,Besni
53964.0,330.4988612,197.7725551,0.857452112,57510.0,0.689966401,945.268,Kecimen
105961.0,446.4304557,269.8171818,0.84174611,109314.0,0.759843395,1363.784,Kecimen
78984.0,422.7193275,282.0258157,0.769969406,80688.0,0.713766518,1162.048,Kecimen
160605.0,619.6716865,328.2325611,0.82978902,167563.0,0.744472565,1619.934,Besni
72619.0,330.7746108,209.1619279,0.76345907,76449.0,0.751833376,1066.255,Kecimen
178672.0,613.9814335,335.4511466,0.898249041,181394.0,0.703287977,1726.658,Besni
61404.0,334.1490081,265.0210803,0.784928357,64988.0,0.729890232,926.813,Kecimen
160605.0,614.9737446,376.3897938,0.849007165,167054.0,0.682770596,1635.167,Besni
49882.0,368.3879154,220.4858963,0.716885111,52030.0,0.71796225,972.073,Kecimen
103377.0,472.3407049,249.5004617,0.87200443,110118.0,0.727613039,975.8,Besni
73311.0,387.7569406,245.9269903,0.716862764,77521.0,0.686731279,1073.138,Kecimen
51727.0,368.9700335,207.6031018,0.72702393,54424.0,0.723790395,923.02,Kecimen
55898.0,323.1556008,204.5093234,0.74958095,59821.0,0.67634488,921.914,Kecimen
63402.0,334.6013291,204.7600865,0.835842793,64825.0,0.73819523,989.599,Kecimen
59282.0,319.0820631,227.1314999,0.683684902,61335.0,0.723702478,977.095,Kecimen
144250.0,690.0092142,311.9919171,0.827039135,146420.0,0.73439426,1530.744,Kecimen
197275.0,642.76668,367.6858345,0.827917003,195810.0,0.722204347,1876.033,Besni
54968.0,331.0510122,212.0205157,0.784111496,56464.0,0.723184154,915.879,Kecimen
93423.0,486.4372156,302.9091,0.902609051,95950.0,0.686855617,1214.093,Besni
90160.0,496.1106843,277.2118445,0.754729895,93623.0,0.732283933,1390.483,Besni
137788.0,659.9466998,293.616572,0.832131125,143230.0,0.641720866,1508.934,Besni
72481.0,380.3972771,249.540245,0.741693363,74945.0,0.769642126,1048.146,Kecimen
42609.0,310.7243688,272.9736477,0.746387921,44950.0,0.751860779,869.708,Kecimen
77437.0,408.9246499,219.7373229,0.764572839,77402.0,0.740127679,1091.138,Kecimen
69280.0,408.9260276,232.5287077,0.74939737,72956.0,0.676634476,1051.277,Kecimen
90675.0,477.4819062,258.9334724,0.907695988,95477.0,0.737599657,1273.128,Besni
87663.0,440.0046169,268.0833254,0.879273881,92623.0,0.721684066,1176.336,Besni
78842.0,394.3650783,255.9807338,0.778519786,79715.0,0.735778613,1040.541,Kecimen
117714.0,466.6121729,306.8459883,0.907927252,122650.0,0.665346892,1365.107,Besni
108486.0,498.7262771,297.7356978,0.830713937,111766.0,0.739083641,1333.744,Besni
56837.0,344.3616267,208.9148245,0.835846416,59040.0,0.746130132,975.287,Kecimen
53964.0,367.8031059,209.1520065,0.749357081,55662.0,0.715484271,910.22,Besni
102868.0,469.2754572,265.913109,0.819681103,106523.0,0.715484271,1289.581,Besni
61464.0,368.563654,231.9793381,0.823784218,64300.0,0.713846225,1068.752,Kecimen
84939.0,387.8979142,249.4888612,0.746920741,89018.0,0.712708543,1122.472,Kecimen
106036.0,468.6679004,289.8171672,0.819681103,105539.0,0.820173427,1298.517,Besni
122375.0,594.7221714,290.097502,0.84698075,125539.0,0.705007428,1495.577,Besni
117088.0,544.0044207,260.0666742,0.879695988,123463.0,0.769032562,1333.203,Besni
45264.0,323.3317817,210.2716493,0.797893855,49089.0,0.693542978,875.937,Kecimen
69080.0,408.1936798,237.8289923,0.804490914,69581.0,0.693574648,1030.357,Kecimen
132180.0,600.833747,238.6419172,0.829334805,135047.0,0.729510334,1485.983,Besni
103669.0,498.6688363,275.5658775,0.895486866,108296.0,0.735654569,1295.215,Besni
107939.0,585.9280742,265.331158,0.874928099,112150.0,0.722242255,1320.868,Besni
52622.0,331.3324878,242.81009,0.7696002,56845.0,0.739555024,930.627,Kecimen
54918.0,336.0896225,206.4681478,0.817265422,57630.0,0.679948378,839.666,Kecimen
61600.0,397.7240989,231.8171855,0.706097623,63596.0,0.72693053,1040.764,Besni
84057.0,419.2608994,237.7059122,0.817702498,87429.0,0.716220548,1120.897,Kecimen
116715.0,522.87004606,337.7066668,0.861117655,120546.0,0.732783247,1409.813,Besni
104393.0,447.4998795,275.2848499,0.838451647,106439.0,0.738675293,1207.568,Besni
90587.0,442.879092,275.2976409,0.89530789,91793.0,0.72334373719,1295.54,Besni
60138.0,362.6408989,204.8124487,0.816742365,63397.0,0.68740116,923.809,Kecimen
54428.0,339.3098681,204.8022541,0.795209811,55879.0,0.78868381,898.546,Kecimen
69024.0,375.0205347,275.8124216,0.716709132,70719.0,0.733059182,1073.568,Kecimen
107314.0,514.879091,241.0167682,0.786409924,113418.0,0.716220548,1370.564,Besni
69846.0,433.5947201,231.2836291,0.845738189,70741.0,0.742995895,1048.163,Kecimen
83059.0,441.4538009,262.9342917,0.875338198,88407.0,0.708031054,1245.523,Besni
93636.0,477.1127081,261.2161422,0.891954732,96715.0,0.744187379,1266.876,Besni
53527.0,333.7034529,216.8118742,0.654202893,55456.0,0.734904434,971.769,Kecimen
68576.0,390.9879193,231.9793743,0.773487484,70811.0,0.719302472,1100.929,Kecimen
90191.0,495.0157141,239.3302205,0.74091546,87877.0,0.725930755,1174.923,Besni
55114.0,331.1301226,222.7534529,0.783355028,58879.0,0.759967261,998.515,Kecimen
90825.0,462.0446404,235.979092,0.836864551,93823.0,0.735392623,1289.236,Besni
57346.0,344.47112,221.9512076,0.749358072,58143.0,0.746130132,981.415,Kecimen
153824.0,598.4818356,301.8129101,0.784723647,159694.0,0.645353264,1607.527,Besni
61405.0,373.3236842,205.896731,0.726939585,62511.0,0.61936754,1075.289,Kecimen
54357.0,330.8131344,208.1945744,0.54252098,56589.0,0.711715189,931.451,Besni
167508.0,542.0873043,270.8593166,0.81240898,169000.0,0.704057157,1689.581,Besni
38546.0,291.3816592,213.6545873,0.734862108,38847.0,0.733057688,799.425,Kecimen
112808.0,478.4818356,268.7788956,0.909536563,111202.0,0.788128255,1393.974,Besni
121573.0,594.1144233,314.0258157,0.912408981,125856.0,0.731330757,1314.202,Besni
48397.0,353.3608157,204.6395131,0.739531472,50298.0,0.725119048,869.236,Kecimen
73046.0,379.2139503,238.2835392,0.746163157,77542.0,0.714817957,1073.768,Kecimen
49414.0,310.4422862,202.3932462,0.746827251,51539.0,0.716220548,851.664,Kecimen
72924.0,398.8368657,225.0662543,0.844509316,74481.0,0.754547447,1130.684,Besni
123486.0,522.8545312,293.9110069,0.844780047,126219.0,0.664515582,1485.847,Besni
49336.0,303.3348598,199.2880282,0.79160385,57524.0,0.723392689,881.852,Kecimen
67583.0,395.3097939,219.1327753,0.73819532,70556.0,0.698347024,1099.297,Kecimen
82213.0,486.0865358,251.0911975,0.763459806,84950.0,0.681695375,1169.69,Besni
152782.0,462.7137277,317.1617189,0.774924544,158371.0,0.744313787,1544.631,Besni
55958.0,333.2324874,206.1223778,0.737169367,58977.0,0.709619286,910.109,Kecimen
1328064.0,614.9242575,305.105213,0.83071337,139806.0,0.743990227,1488.062,Besni
59728.0,345.1056002,242.9210382,0.746849092,59977.0,0.744785006,962.044,Kecimen
67799.0,349.3003494,235.7628551,0.811744038,71556.0,0.697561584,1075.283,Kecimen
75540.0,395.5001488,231.1460638,0.835452281,76355.0,0.613934392,1080.023,Besni
100319.0,486.5334606,318.1396225,0.819507998,105549.0,0.733669036,1259.876,Besni
184784.0,663.3359079,230.7152045,0.781900032,190749.0,0.654434087,1646.652,Kecimen
57783.0,290.9148202,205.796875,0.749044895,58855.0,0.735111296,927.043,Kecimen
122442.0,585.9819941,245.9539031,0.822134732,133980.0,0.734758929,1531.955,Kecimen
125968.0,595.6975926,268.5139677,0.82978902,127342.0,0.649178255,1414.103,Besni
61492.0,344.6787234,208.7667579,0.76154995,65253.0,0.738242255,914.821,Kecimen
136612.0,675.4251871,305.0839752,0.800238615,139124.0,0.670091349,1552.482,Besni
102727.0,477.0335377,260.8171848,0.829904934,107978.0,0.694510885,1398.546,Besni
83057.0,488.7747551,295.5139071,0.818772562,86715.0,0.74418078,1162.378,Besni
79408.0,433.7459883,261.6418525,0.798050128,81031.0,0.687069962,1157.001,Kecimen
89236.0,522.6068889,208.6190158,0.90792311,92384.0,0.649914023,1230.852,Besni
74904.0,365.7036428,251.4855009,0.772083235,79677.0,0.735695775,1097.299,Besni
89138.0,478.16592,245.3818805,0.77991325,91765.0,0.716220548,1191.55,Besni
91704.0,436.3879468,300.906335,0.879422462,91719.0,0.739152923,1223.904,Kecimen
92876.0,440.4834793,254.3827046,0.807956623,94643.0,0.732865767,1252.762,Besni
590538.0,350.8999545,205.4859071,0.766271042,61719.0,0.684437492,998.742,Kecimen
111056.0,515.3995483,261.2178271,0.865640348,121444.0,0.769022546,1360.426,Besni
50545.0,304.6224388,215.4342255,0.724908706,50857.0,0.7129884,819.936,Kecimen
97513.0,390.960276,294.8286801,0.737169367,99085.0,0.769085224,1269.71,Kecimen
86713.0,476.8790851,245.8199722,0.844985887,89047.0,0.69704619,1262.852,Besni
102569.0,554.9336923,272.47223,0.84941765,107988.0,0.662944181,1397.266,Besni
49882.0,300.9032308,243.0392612,0.633422315,52621.0,0.690843725,874.05,Kecimen
69060.0,373.7526238,213.232633,0.715263882,70759.0,0.715447344,1095.51,Kecimen
56464.0,326.2598401,204.3139704,0.808627193,58650.0,0.700286689,981.917,Kecimen
107895.0,536.5992129,261.888888956,0.844164633,110118.0,0.723790395,1316.782,Besni
81546.0,459.2575774,235.9076574,0.818862617,83306.0,0.740129679,1235.68,Besni
56526.0,351.0264129,203.0202208,0.744780005,56938.0,0.743155287,921.059,Kecimen
68799.0,346.0157139,215.9062252,0.79159859,70719.0,0.632188026,1034.889,Kecimen
53373.0,360.0838443,199.9063364,0.65526509,53987.0,0.734357312,875.729,Kecimen
91464.0,423.6875775,264.6658765,0.741936122,92352.0,0.715447344,1184.236,Besni
58879.0,344.4309771,216.5671625,0.716709132,59311.0,0.689698849,930.627,Kecimen
75529.0,403.7297499,246.8199675,0.717025543,78721.0,0.721173953,1026.71,Kecimen
53523.0,360.0234655,208.6190184,0.749006822,55147.0,0.744313787,934.185,Kecimen
88747.0,461.9723903,258.5879739,0.846095716,90825.0,0.725926293,1173.959,Kecimen
101938.0,496.9089439,277.4821934,0.798059652,104978.0,0.666522657,1209.451,Besni
43928.0,301.7668271,202.2360911,0.716592635,46400.0,0.723608855,875.003,Kecimen
102013.0,442.1827545,264.9672544,0.741525374,105930.0,0.746151579,1226.873,Besni
80101.0,414.1002463,258.3841689,0.857692466,82328.0,0.742599072,1071.385,Besni
31275.0,262.3333902,203.1603695,0.737151299,32564.0,0.643425537,781.644,Kecimen
40862.0,280.8128719,199.4943649,0.761094055,46427.0,0.777064069,769.692,Kecimen
58906.0,294.453881,243.2836331,0.716917792,58198.0,0.722782014,978.669,Kecimen
78982.0,395.0036274,234.6659372,0.829403706,81585.0,0.723373727,1075.279,Kecimen
88745.0,624.130184,277.0339524,0.822079617,95477.0,0.708897329,1397.252,Besni
66789.0,323.2314023,243.3667105,0.797466262,69990.0,0.674476709,979.727,Kecimen
59874.0,355.2908319,222.8440458,0.838273916,62650.0,0.689966401,916.496,Kecimen
47766.0,301.4140518,205.7600423,0.794099752,48900.0,0.737921258,875.063,Kecimen
58989.0,350.0085635,243.9199675,0.773918457,57820.0,0.752557943,933.276,Kecimen
54860.0,351.4424342,275.9280366,0.691067039,55448.0,0.747599298,929.272,Kecimen
93935.0,441.5464717,249.5003512,0.853284574,95666.0,0.66209179,1207.705,Kecimen
83107.0,392.7547471,256.4864724,0.784730757,82375.0,0.703014672,1148.225,Kecimen
117301.0,598.6121751,277.4020207,0.850928134,121032.0,0.736042732,1449.482,Besni
61291.0,368.4139594,228.9125196,0.773880798,64732.0,0.769089738,1006.769,Kecimen
51372.0,342.2226657,226.7259242,0.794214286,54527.0,0.744139757,966.837,Kecimen
115770.0,498.4538962,273.5892637,0.826515979,116889.0,0.705007428,1316.959,Besni
76012.0,424.2453758,289.5879001,0.893218594,77520.0,0.721829297,1184.366,Besni
166275.0,607.7097764,304.3355698,0.781628075,171794.0,0.739083641,1698.394,Besni
74652.0,397.7201638,243.7559607,0.715683613,71595.0,0.716062229,1061.439,Kecimen
71919.0,306.7069009,239.2839284,0.777351277,72585.0,0.725930755,1034.634,Kecimen
63897.0,397.2839006,258.8920062,0.83653819,68626.0,0.693487281,1075.277,Kecimen
51140.0,349.2554566,213.5474258,0.782171631,51838.0,0.624298597,843.712,Kecimen
50649.0,317.381813,234.52772018,0.737448432,51007.0,0.764377827,847.687,Kecimen
103475.0,442.8735033,288.6418527,0.822079744,110936.0,0.739555027,1251.486,Besni
64510.0,351.48148615,231.743408,0.754031598,66449.0,0.721684043,990.547,Kecimen
101618.0,477.6610186,276.8148523,0.70294108,106903.0,0.708897213,1361.932,Besni
113608.0,466.188791,305.090749,0.761287035,123305.0,0.730033526,1490.354,Besni
164782.0,609.7444115,299.8989067,0.891891385,169447.0,0.73269919,1608.553,Besni
83359.0,430.0773077,249.8165927,0.851274308,86852.0,0.740815846,1144.873,Kecimen
72819.0,416.7127171,226.8432884,0.765589944,79076.0,0.703670783,1071.385,Kecimen
141703.0,542.0841297,297.4839462,0.881818,142114.0,0.643595671,1556.694,Besni
70649.0,408.7227294,238.9805296,0.718938491,72944.0,0.714819412,1176.955,Kecimen
75058.0,413.6681425,245.9093213,0.84957281,79298.0,0.734402362,1182.472,Besni
58977.0,333.7588437,239.858984,0.802974181,60556.0,0.737172926,977.937,Kecimen
104975.0,430.7395131,282.909991,0.806767642,106314.0,0.76428833,1302.579,Besni
52389.0,344.9231996,214.8199019,0.701154822,59968.0,0.751557607,862.981,Kecimen
43345.0,373.1808434,194.9812277,0.737169367,46851.0,0.733458354,923.039,Kecimen
131847.0,548.7096795,300.8126045,0.743716639,135787.0,0.6908716528,1409.527,Besni
60674.0,331.2946122,239.8574996,0.735654093,59873.0,0.697663526,928.07,Kecimen
74652.0,388.1801451,229.7512613,0.818082255,75540.0,0.732381043,1075.307,Kecimen
100747.0,478.2719941,251.3880557,0.815716625,103599.0,0.770418286,1245.562,Besni
108923.0,437.9856649,215.6115221,0.772655248,117562.0,0.71150732,1423.557,Besni
88929.0,418.7716147,257.6801193,0.798738666,93717.0,0.744167869,1110.451,Kecimen
100649.0,471.1792062,315.1086262,0.78472112,101878.0,0.735084252,1270.004,Besni
126710.0,599.9062897,295.4520207,0.839262375,131496.0,0.711769781,1416.847,Besni
75161.0,352.8050374,261.9434084,0.882962171,78951.0,0.743990207,1085.215,Kecimen
57980.0,311.3947851,189.914303,0.74638361,59977.0,0.714616222,903.769,Kecimen
75799.0,395.4081341,275.3133855,0.890684471,79225.0,0.723708869,1048.821,Kecimen
58450.0,334.3972805,189.1698622,0.721649703,62280.0,0.726377478,913.415,Kecimen
52689.0,334.0588612,234.9734569,0.83716947,53944.0,0.721829842,909.487,Kecimen
160583.0,657.143517,297.1690677,0.873542974,161994.0,0.738159297,1646.934,Besni
82846.0,422.7798618,245.9548258,0.747181492,84950.0,0.762364237,1131.51,Kecimen
39275.0,323.2360244,202.1618455,0.7817494996,42475.0,0.693394176,714.99,Kecimen
132730.0,513.9948375,328.3879122,0.875085266,137843.0,0.713834797,1409.502,Besni
137921.0,581.7559607,306.3539264,0.82978902,139458.0,0.744780007,1497.501,Besni
39564.0,267.8953928,178.5251032,0.799715505,40598.0,0.73572312,763.979,Kecimen
89721.0,450.4209076,275.0557342,0.829738749,90580.0,0.752448455,1162.578,Besni
132680.0,511.5088754,322.7127166,0.737739129,136612.0,0.728765213,1557.708,Besni
51336.0,368.6680357,217.6322411,0.769339036,53588.0,0.716863148,987.109,Kecimen
126950.0,609.6624701,307.9238696,0.907927106,129758.0,0.736289139,1557.379,Besni
87858.0,431.8440074,257.3438202,0.794099752,89581.0,0.738242255,1174.085,Besni
75539.0,376.9761464,267.5938899,0.779156886,78857.0,0.725472029,1045.194,Kecimen
73046.0,391.6050244,265.9807338,0.492086934,76154.0,0.764283386,1071.644,Kecimen
79055.0,397.6207288,265.3283177,0.81625637,81918.0,0.716534018,1140.605,Kecimen
142239.0,613.9940783,326.2944003,0.801864322,144874.0,0.715983148,1581.981,Besni
53373.0,321.705429,205.074061,0.732118179,54821.0,0.704257189,860.582,Kecimen
71266.0,368.0840676,252.6171178,0.70609608,72624.0,0.704939737,1094.09,Kecimen
64459.0,311.9967579,198.674245,0.633533662,68400.0,0.732560887,921.009,Kecimen
101317.0,481.8172824,275.9436473,0.89132591,102868.0,0.687506881,1245.233,Besni
66094.0,353.5938899,249.5813954,0.769032596,67372.0,0.735392572,901.102,Kecimen
82873.0,410.9979193,275.8146124,0.798067621,85879.0,0.689698853,1157.089,Kecimen
102868.0,522.3812334,275.5712334,0.826515977,106443.0,0.746130133,1395.853,Besni
101103.0,514.3989935,273.3311636,0.88221128,104186.0,0.679771405,1352.894,Besni
120915.0,477.6371198,252.992014,0.649910942,128177.0,0.697531273,1393.528,Besni
69313.0,382.3150066,314.026534,0.824604569,69356.0,0.722131912,1066.062,Besni
61539.0,324.3324868,242.0663512,0.868116234,65994.0,0.694027404,941.429,Kecimen
80481.0,457.4824261,251.9449198,0.849208116,87049.0,0.723456881,1184.69,Besni
51145.0,322.6330781,248.1499566,0.735395856,52600.0,0.732262762,879.728,Kecimen
87149.0,453.3400048,252.4997235,0.829408471,89910.0,0.73819523,1207.879,Kecimen
133056.0,521.2364946,293.5806886,0.813103811,135814.0,0.744780075,1485.968,Besni
47173.0,306.9762253,170.0375627,0.764488605,48631.0,0.745108064,893.837,Kecimen
136920.0,518.7946651,316.3379157,0.7493994128,144220.0,0.739578685,1419.959,Besni
86032.0,451.0060488,241.1298018,0.888547002,875.0,0.643713354,1112.029,Kecimen
96254.0,487.0732298,268.0873433,0.797864438,108053.0,0.681927322,1295.871,Besni
64380.0,362.7498799,243.810036,0.83071836,66476.0,0.637631572,1013.307,Kecimen
137300.0,542.9245926,289.2593228,0.845844285,139810.0,0.582555004,1700.934,Besni
90191.0,498.7881714,238.8953961,0.849208116,100204.0,0.677764642,1182.343,Besni
84655.0,477.7720402,246.810056,0.709619222,88747.0,0.702939847,1162.68,Besni
182122.0,614.4830342,245.7165969,0.862608676,187553.0,0.744313787,1697.297,Besni
137508.0,656.3139704,316.6779718,0.818085828,142413.0,0.717930823,1529.6,Besni
90557.0,446.5035618,278.361007,0.912721931,94460.0,0.76928879,1136.8959,Besni
148876.0,755.0138563,261.8163188,0.829105982,151908.0,0.699599385,1536.684,Besni
60640.0,339.9231996,236.7099964,0.769089738,63883.0,0.687509393,903.539,Kecimen
120118.0,518.4584648,306.7371661,0.89326099,117714.0,0.719716533,1456.062,Besni
66315.0,365.3995271,231.2839284,0.836102728,70947.0,0.713783875,1051.553,Besni
67724.0,346.9048226,264.9703269,0.781729107,71464.0,0.764369514,1013.365,Kecimen
58591.0,362.7183495,219.1086262,0.857392304,60664.0,0.73954649,1024.754,Kecimen
110849.0,514.814844,294.5021915,0.801009938,123463.0,0.745808885,1347.037,Besni
129444.0,585.8917743,278.0833254,0.818937495,135210.0,0.740165627,1496.02,Besni
48488.0,311.6013291,217.7157773,0.763544285,49187.0,0.702211373,1036.869,Kecimen
78571.0,362.764883,248.5847797,0.827039135,86858.0,0.715447801,1100.627,Besni
61461.0,393.414864,277.6406265,0.836525515,59040.0,0.737472545,1038.889,Kecimen
102944.0,596.7663881,270.8593166,0.816265444,106439.0,0.647469874,1269.36,Besni
117098.0,661.9662599,268.3855681,0.840744874,120952.0,0.733009534,1316.871,Besni
169009.0,614.9332964,326.7666389,0.898249041,171794.0,0.738242255,1647.1,Besni
98928.0,498.7407136,236.2482243,0.80087907,100204.0,0.632833301,1256.021,Besni
71266.0,563.246699,221.1150238,0.845844473,71630.0,0.73744195,1130.062,Besni
69997.0,387.2553986,253.2554622,0.784117429,70977.0,0.697416862,1069.28,Kecimen
81759.0,403.7190935,245.7036205,0.816335457,83091.0,0.689966401,1081.68,Kecimen
49720.0,330.2899916,212.5674661,0.8470897,50672.0,0.677045111,916.044,Kecimen
102868.0,588.0709196,267.5126753,0.816654393,105961.0,0.715457323,1316.694,Besni
59904.0,364.2955695,222.8024306,0.819052346,60494.0,0.738159296,902.684,Kecimen
79120.0,578.4094059,300.81289326,0.851723228,83545.0,0.714817957,1071.612,Besni
87524.0,472.7747551,262.0663639,0.841726489,90975.0,0.716702448,1183.146,Besni
53373.0,353.3919354,210.4661938,0.816808522,56989.0,0.69841719,916.744,Kecimen
61463.0,333.7193166,242.3665105,0.735112935,70719.0,0.689695666,1061.439,Kecimen
73319.0,408.737416,258.0375627,0.838275327,75439.0,0.724600144,1075.276,Besni
59822.0,344.3860453,245.7636119,0.824752693,60490.0,0.741098519,973.613,Kecimen
89710.0,419.3384868,236.86544,0.876847692,92321.0,0.786776754,1182.259,Besni
164440.0,646.1338891,297.9086486,0.722726255,167471.0,0.644743975,1624.843,Besni
57310.0,354.2939396,231.7882795,0.787076154,58345.0,0.73819523,948.817,Kecimen
86858.0,456.4970102,269.8593166,0.8291057,90899.0,0.745108064,1101.624,Besni
67852.0,393.841714,209.6338498,0.849783938,69597.0,0.690789927,1081.028,Kecimen
63641.0,356.3377168,218.2655463,0.74906499,62417.0,0.690989307,973.973,Kecimen
106375.0,482.4554409,260.9807338,0.917708718,111368.0,0.60261772,1214.105,Besni
75620.0,376.8078783,247.9199675,0.895682782,77310.0,0.722782014,1028.283,Kecimen
117354.0,654.310549,250.9269903,0.82978904,122953.0,0.597044139,1522.014,Besni
70788.0,397.163953,233.6650315,0.796252213,71994.0,0.67400216,1035.821,Kecimen
153800.0,560.81482999,332.5913708,0.653209503,155970.0,0.744178958,1576.658,Besni
93559.0,469.4095974,268.6688956,0.83814078,99098.0,0.637432789,1255.493,Besni
61731.0,350.1972355,227.611472,0.675596941,64925.0,0.723185339,998.546,Kecimen
69120.0,348.5716285,231.8200404,0.683882336,71618.0,0.683582163,998.546,Kecimen
77375.0,422.0557681,241.7245924,0.724719191,80094.0,0.719384081,1034.57,Besni
91918.0,460.9403285,267.6688956,0.795205719,95787.0,0.629612341,1244.863,Besni
124980.0,456.5992129,264.6681085,0.811772822,127342.0,0.708031289,1412.959,Besni
84559.0,496.7637094,249.7402266,0.823783462,87690.0,0.655845605,1126.03,Besni
81859.0,477.1719928,253.2667814,0.793181118,86345.0,0.655822863,1214.91,Besni
84559.0,421.0262137,254.2396378,0.819079814,89197.0,0.750241775,1130.627,Kecimen
65727.0,387.2092735,242.6199645,0.784743459,68627.0,0.716030818,1030.619,Kecimen
55827.0,327.3078688,204.3818455,0.757958591,58842.0,0.711719737,902.582,Kecimen
58570.0,334.4741126,212.026527,0.636981162,60490.0,0.706832223,973.259,Kecimen
66710.0,381.6747438,227.9340998,0.765320366,71838.0,0.719183632,1035.187,Besni
136636.0,598.47223,301.5716285,0.741833496,136797.0,0.724300244,1446.021,Besni
77404.0,362.7407136,212.1499566,0.734512254,79677.0,0.735393035,1010.743,Kecimen
128038.0,548.7094215,277.884503,0.781849476,134532.0,0.715484271,1428.705,Besni
54968.0,330.8992816,212.0226122,0.895011181,56214.0,0.66062887,906.666,Kecimen
73575.0,350.2544409,239.8502909,0.784055627,74175.0,0.688558608,1036.476,Kecimen
62384.0,331.6960378,227.1945766,0.74318912,60952.0,0.704257176,998.546,Kecimen
44007.0,265.4280356,213.2332556,0.692050657,44064.0,0.74939737,754.491,Kecimen
90467.0,449.4545811,250.1124796,0.850686743,93549.0,0.724300244,1176.828,Besni
132999.0,637.8671425,324.3055616,0.817832594,135978.0,0.633407995,1557.266,Besni
199015.0,612.7444115,337.5840696,0.849546445,194210.0,0.697670974,1857.059,Besni
101772.0,508.7291171,253.3344112,0.857138757,106499.0,0.681695537,1394.03,Besni
118028.0,548.4514406,248.8124219,0.829377139,121819.0,0.742565182,1315.6,Besni
60797.0,350.9878696,206.5799055,0.8191136722,62315.0,0.715447344,997.276,Besni
59589.0,350.1976472,198.4225952,0.681485714,63250.0,0.708031056,973.912,Kecimen
45683.0,274.5045213,199.7372046,0.764366384,45872.0,0.674476754,849.186,Kecimen
75540.0,485.1026458,249.2033772,0.886252851,78842.0,0.66301518,1055.302,Kecimen
58734.0,325.2360246,207.9964652,0.786002537,58810.0,0.656373706,991.517,Kecimen
109701.0,461.9659934,251.2559046,0.876832785,116961.0,0.676943409,1313.209,Besni
69151.0,362.6408695,225.4437485,0.764573795,71728.0,0.723790395,1083.236,Kecimen
43984.0,323.3616267,213.6960737,0.829377269,52693.0,0.759969001,869.697,Besni
51145.0,331.2087198,209.4309771,0.835664958,53588.0,0.746867425,847.886,Kecimen
78984.0,430.8356978,282.0201112,0.813105982,81718.0,0.735688885,1177.041,Kecimen
52922.0,394.6465339,208.1314494,0.764366384,56199.0,0.683572786,907.355,Kecimen
58745.0,352.1936798,218.0411235,0.82646139,60490.0,0.751938124,903.769,Kecimen
169880.0,621.6796378,342.7453136,0.800126091,172396.0,0.711720752,1755.406,Besni
80274.0,448.2900084,262.0714434,0.801834797,88572.0,0.622292793,1172.777,Besni
64057.0,388.9250258,249.630243,0.82950732,67978.0,0.754864415,1006.547,Kecimen
101772.0,489.3960385,275.1127755,0.746647455,107811.0,0.732395854,1260.266,Besni
53890.0,328.4888612,246.2096735,0.758036475,54311.0,0.73744285,981.613,Kecimen
83065.0,391.7493992,265.7353575,0.829838749,88349.0,0.637631561,1176.873,Kecimen
43461.0,350.2796956,204.7275682,0.746867225,48476.0,0.7190789927,926.255,Kecimen
96404.0,473.9073984,261.4226253,0.759843321,99333.0,0.719734858,1246.525,Kecimen
132824.0,639.6015714,278.8127732,0.892599897,139810.0,0.667043297,1454.981,Besni
109791.0,461.5059292,238.6386774,0.817265327,111368.0,0.718720657,1297.796,Besni
47851.0,337.0184134,204.46631,0.807959452,48077.0,0.713036481,893.001,Kecimen
147922.0,646.7095881,318.6013291,0.893172211,145175.0,0.711861422,1495.997,Besni
47486.0,302.9092929,205.1461473,0.812296045,49367.0,0.694027404,867.109,Kecimen
90176.0,419.1909593,275.3906394,0.8622614753,93559.0,0.677944663,1130.493,Besni
52692.0,375.3130066,231.914245,0.675596941,54321.0,0.738288404,843.22,Kecimen
105919.0,582.8016018,376.0205347,0.8187724152,111336.0,0.769187266,1368.764,Besni
96340.0,476.7662711,265.8662029,0.743155287,99166.0,0.699917592,1260.402,Kecimen
56096.0,339.841636,218.0411221,0.71520554,59365.0,0.716220548,929.471,Kecimen
69310.0,407.4964168,204.5086254,0.787055627,71839.0,0.734367933,1026.109,Kecimen
83074.0,435.3879151,300.9086479,0.8291056,85615.0,0.660699603,1101.802,Besni
77843.0,328.5583194,248.5812334,0.685790325,80872.0,0.751887757,1073.191,Kecimen
72327.0,381.7201638,235.4825745,0.719180326,72653.0,0.723294561,1069.989,Besni
42259.0,293.5692899,210.614072,0.823244154,44743.0,0.712834873,903.664,Kecimen
47555.0,344.122884,209.1269246,0.753867082,49186.0,0.735395427,928.271,Kecimen
71659.0,393.9245926,275.4036124,0.649910941,77355.0,0.730380886,1074.108,Kecimen
128057.0,582.9343564,267.6688956,0.868116154,132802.0,0.728739018,1407.363,Besni
113029.0,598.3478718,275.0908401,0.781628075,117520.0,0.647718841,1408.374,Besni
90156.0,481.7666774,233.9734424,0.868116234,92619.0,0.723079725,1219.59,Kecimen
182122.0,616.1030781,253.7939859,0.849695988,182122.0,0.703216211,1725.004,Besni
77043.0,403.1942717,258.6658648,0.637169367,77118.0,0.732708712,1048.675,Kecimen
130490.0,557.8936858,302.3478718,0.830110932,136420.0,0.723642435,1490.4,Besni
49669.0,339.6476055,188.5759284,0.741899987,52783.0,0.702457937,930.427,Kecimen
92842.0,444.6378658,241.1034798,0.826680102,95746.0,0.764328755,1162.378,Besni
68510.0,477.8129212,238.4443233,0.822555598,72895.0,0.762774966,1073.375,Besni
89235.0,449.4545817,241.038364,0.80676763,92317.0,0.67634488,1209.853,Besni
142239.0,562.2807867,325.5761642,0.838274613,148876.0,0.668066581,1524.934,Besni
58570.0,359.3750066,216.9172045,0.819074732,60664.0,0.637612812,928.095,Besni
57346.0,325.3317848,227.6190158,0.769972761,59365.0,0.649914023,940.363,Kecimen
82895.0,440.9889934,241.810056,0.835343039,84517.0,0.673137875,1177.909,Kecimen
90680.0,440.7386085,243.810056,0.884928075,95741.0,0.65526643,1259.821,Besni
73125.0,408.4199935,322.7500583,0.828040177,76908.0,0.731227487,1103.618,Besni
82962.0,397.7955547,251.9434084,0.74638361,88754.0,0.742231578,1156.017,Kecimen
54875.0,348.2921615,227.661015,0.766761425,56787.0,0.678738613,945.191,Kecimen
120547.0,598.4720359,293.386698,0.826343087,129444.0,0.723702478,1481.852,Besni
56877.0,338.547414,209.0417222,0.835649635,58545.0,0.742280362,997.276,Kecimen
46397.0,329.4321961,189.4321961,0.82910585,49996.0,0.686192927,860.402,Kecimen
141747.0,588.3429517,299.8298817,0.85164898,145563.0,0.667315182,1512.58,Besni
162782.0,615.1056397,326.3944202,0.778736831,169000.0,0.740157695,1629.352,Besni
104352.0,464.7226657,275.9226117,0.835664958,108072.0,0.737206739,1202.361,Besni
73046.0,392.9821631,235.6904473,0.791294159,79255.0,0.7233926,1045.599,Kecimen
71335.0,388.4888558,226.5021912,0.711474579,74481.0,0.702948642,1084.186,Kecimen
48551.0,325.5569613,225.4175196,0.836102728,50101.0,0.729890232,891.809,Kecimen
62630.0,317.7484818,238.6686348,0.781601193,64424.0,0.713728344,961.617,Kecimen
52462.0,322.1564686,234.6828953,0.770638009,56400.0,0.696373756,934.619,Besni
58909.0,352.453896,235.8783626,0.739121199,61713.0,0.746867425,989.254,Besni
75527.0,390.6780508,236.9548981,0.722717443,76287.0,0.716062129,1051.02,Besni
53964.0,339.5850181,214.6115221,0.690568105,55960.0,0.7233925,906.666,Kecimen
67754.0,408.5855548,198.2869657,0.857893642,69844.0,0.66740908,1002.245,Kecimen
97254.0,481.8652777,277.706911,0.923770364,103475.0,0.734758929,1295.095,Besni
79057.0,423.396088,232.7347568,0.858829168,82330.0,0.654744466,1157.109,Kecimen
76702.0,395.8931735,246.0710803,0.742565182,78443.0,0.677953309,1114.721,Kecimen
179668.0,609.8298817,340.547414,0.869165569,181778.0,0.611693881,1554.934,Besni
55846.0,349.1905688,226.8440459,0.788128405,59230.0,0.732118179,981.937,Kecimen
49720.0,306.6408981,221.2610472,0.74094546,53550.0,0.691695655,848.625,Kecimen
90260.0,518.7542559,248.80929,0.891865826,95920.0,0.712958926,1235.868,Besni
90865.0,449.4743232,282.2515091,0.820194593,90865.0,0.734347611,1238.852,Besni
112650.0,673.9659934,288.2860936,0.914840211,113481.0,0.648759393,1347.866,Besni
83929.0,437.9347569,231.3545607,0.855794595,86039.0,0.697470967,1146.145,Besni
58357.0,372.9038456,222.8032415,0.80793379,61901.0,0.68175059,977.041,Besni
61556.0,356.3385718,272.2501871,0.800879085,64825.0,0.724300244,945.853,Besni
113206.0,518.7488358,259.317542,0.829649487,115665.0,0.678388339,1446.525,Besni
104546.0,488.6292517,289.8283614,0.81995626,108211.0,0.714434188,1204.508,Besni
52772.0,336.5716285,207.7576527,0.777808102,55288.0,0.764328791,928.272,Kecimen
99701.0,468.4092494,277.0908401,0.8283927,103597.0,0.739578685,1295.852,Besni
79100.0,404.3315325,248.3319356,0.731553363,83629.0,0.7395464944,1154.813,Kecimen
118058.0,482.8626085,270.8593166,0.868670102,121089.0,0.704712179,1330.493,Besni
68921.0,375.1633858,238.2178471,0.696741026,71321.0,0.683711081,1075.271,Kecimen
66470.0,301.8128348,218.7513342,0.829103882,67510.0,0.736289139,934.988,Besni
49809.0,330.8992708,192.9990383,0.829852852,58878.0,0.639561481,845.562,Kecimen
65403.0,398.8032414,246.5279035,0.664527251,67501.0,0.743672242,948.486,Kecimen
73699.0,394.2460116,254.6417548,0.727040805,77148.0,0.707089767,1094.252,Kecimen
81546.0,397.6119148,245.0998706,0.719209281,85678.0,0.754021912,1184.981,Kecimen
154242.0,609.5879718,308.58783,0.816654393,171828.0,0.702770974,1646.559,Besni
155702.0,522.5460457,349.1035613,0.87732051,160008.0,0.751898675,1524.352,Besni
90161.0,466.9607306,273.0666841,0.764307755,93879.0,0.740114208,1205.819,Besni
120255.0,548.4545817,322.2324524,0.868894695,122213.0,0.654510885,1423.705,Besni
53724.0,364.6553494,216.6304114,0.781855924,55143.0,0.716797889,922.422,Kecimen
81034.0,486.0840676,264.2584778,0.711507998,88572.0,0.723343765,1244.723,Kecimen
69039.0,362.3573606,248.9172029,0.80100983,71721.0,0.708726586,1075.271,Besni
61852.0,328.58783,234.2600483,0.716721946,63504.0,0.766685119,989.581,Kecimen
89236.0,486.5349368,241.0167682,0.82646137,91201.0,0.642408712,1290.627,Besni
85739.0,422.9342925,270.8275329,0.844780047,86026.0,0.689010615,1162.884,Besni
151703.0,614.93892,328.8459888,0.906330819,154476.0,0.619252077,1529.53,Besni
96344.0,424.3960385,282.7259242,0.725860952,100319.0,0.708450645,1268.582,Kecimen
95426.0,407.6686396,278.0833254,0.74638361,100169.0,0.732708712,1229.54,Besni
56518.0,323.2326864,210.0635747,0.796252218,58547.0,0.681927326,904.684,Kecimen
136580.0,485.116954,265.9270325,0.887109921,141819.0,0.7304361,1540.847492,Besni
100649.0,556.9251718,277.0331958,0.826832852,105549.0,0.731248797,1393.769,Besni
84425.0,451.0060488,209.5097185,0.814864461,85839.0,0.749916571,1179.752,Kecimen
160546.0,598.723663,371.4514598,0.88851768,163382.0,0.6779741337,1591.54,Besni
69506.0,424.97716147,250.1333844,0.898154134,71239.0,0.741099603,1081.837,Besni
109701.0,425.4199972,250.9231996,0.816592684,104255.0,0.716589255,1273.279,Besni
84677.0,430.7145635,236.581322,0.7821327,83087.0,0.69230907,1141.789,Besni
79161.0,478.3876606,253.0738049,0.856040404,79014.0,0.714438491,1397.279,Besni
89236.0,457.5673288,250.5794538,0.769972827,92616.0,0.723663819,1266.895,Besni
78571.0,424.090722,231.1420816,0.720639035,83824.0,0.689698839,1161.343,Besni
112808.0,477.0335016,326.7374163,0.895012833,117028.0,0.722782014,1330.683,Besni
106912.0,515.4141243,305.7138176,0.857153654,110118.0,0.735576165,1314.873,Besni
67724.0,373.2424164,235.4181085,0.752475945,69781.0,0.679310549,1075.287,Kecimen
110527.0,548.904219,289.9449198,0.82910585,112150.0,0.71918078,1393.837,Besni
146345.0,585.2610472,292.8129101,0.81247943468,147523.0,0.740107558,1526.365,Besni
115272.0,520.1030781,286.1971651,0.831497389,119773.0,0.7304361,1322.959,Besni
114289.0,503.9240554,275.2650955,0.887105946,124428.0,0.625069046,1356.016,Besni
57612.0,323.1595225,199.8147343,0.763646141,58869.0,0.63761281,981.5,Kecimen
113106.0,453.8444927,290.8962651,0.765003405,116715.0,0.725472034,1354.694,Besni
46403.0,301.4207523,217.8233432,0.829409642,49203.0,0.728765213,872.427,Kecimen
60650.0,368.3997455,205.0917483,0.754031865,59968.0,0.713834792,1075.365,Besni
121034.0,494.1659011,275.8129417,0.829409642,123486.0,0.754857651,1330.813,Besni
104602.0,455.4209076,278.0205347,0.732118116,105500.0,0.706310847,1397.568,Besni
121077.0,585.7955501,254.1144312,0.84969369,126070.0,0.697444367,1415.847,Besni
48691.0,344.9801825,232.3830246,0.844802882,50880.0,0.745808887,844.786,Kecimen
77230.0,430.1149972,228.86293,0.80679432,79297.0,0.679432225,1162.578,Kecimen
106924.0,531.0488404,267.5434092,0.856926157,109771.0,0.637169296,1316.955,Besni
90675.0,477.0335016,270.4881855,0.829105982,100682.0,0.729824958,1252.446,Besni
71463.0,362.724998,269.5097173,0.694027404,74849.0,0.738386349,1028.427,Kecimen
97585.0,434.2866901,244.4304678,0.82978902,100682.0,0.71950598,1293.095,Besni
90375.0,420.8829433,251.9449588,0.8162564,93719.0,0.6875068231,1209.562,Besni
49720.0,331.6762094,203.3065182,0.716082221,58973.0,0.716762384,930.619,Kecimen
87052.0,362.6465471,253.2429662,0.868670102,89018.0,0.629880201,1113.236,Kecimen
164581.0,478.1938723,335.9830825,0.845498789,168471.0,0.749399624,1646.525,Besni
93441.0,477.902124,300.2455819,0.891716505,97494.0,0.716784022,1230.395,Besni
88290.0,476.9040589,246.9199675,0.864958013,92317.0,0.721227493,1266.255,Besni
56220.0,350.5658055,227.2332066,0.818388432,59970.0,0.691026257,922.854,Kecimen
114289.0,636.7714214,273.8879417,0.865182269,117098.0,0.750401546,1536.02,Besni
125940.0,595.1000921,300.8126079,0.902609051,127076.0,0.690843725,1416.939,Besni
55787.0,345.5843758,197.7527679,0.683881829,58879.0,0.664940471,944.517,Kecimen
101306.0,527.9265064,275.7769406,0.715746997,108211.0,0.769089747,1235.814,Besni
66783.0,391.8678033,212.0277194,0.753808948,64825.0,0.711097281,1039.861,Kecimen
154242.0,598.0817742,369.1885565,0.81963199,147839.0,0.682990488,1560.677,Besni
51847.0,328.6121571,226.7636332,0.754523753,51838.0,0.71297732,931.02,Kecimen
115550.0,491.3665105,284.3301121,0.857662406,123463.0,0.722782014,1204.633,Besni
84774.0,370.7576516,234.9652394,0.792709319,86449.0,0.742107952,1165.203,Kecimen
97139.0,439.8680028,305.1115232,0.7670381,101721.0,0.735392762,1207.515,Besni
69312.0,342.3636122,231.6121746,0.724909214,72924.0,0.740009433,1021.469,Kecimen
123824.0,591.1857446,277.6908319,0.818772562,126960.0,0.7191811366,1485.764,Besni
146231.0,559.0488404,306.8459883,0.8588292617,154476.0,0.772322237,1590.54,Besni
68864.0,477.2087157,231.8092359,0.781686262,71849.0,0.719281169,1204.651,Besni
82584.0,520.1030781,260.9736477,0.907415444,86713.0,0.607859976,1258.062,Besni
102868.0,541.224088,265.9434084,0.890685928,106499.0,0.655895281,1216.979,Besni
51563.0,350.2454497,209.1598183,0.747377367,53060.0,0.734758929,943.833,Kecimen
130292.0,497.0738095,267.2860947,0.829409642,136555.0,0.733453619,1428.352,Besni
62617.0,334.341425,198.6908437,0.724905214,64988.0,0.64752496,944.523,Kecimen
69254.0,373.1819447,238.4862569,0.773880229,69240.0,0.619252465,1073.768,Kecimen
64931.0,358.3995375,227.7716147,0.529833692,64915.0,0.742642653,931.451,Kecimen
72472.0,342.2899916,232.5678081,0.725925716,74925.0,0.719924469,1024.353,Kecimen
87040.0,401.9919082,251.2245768,0.879341738,87429.0,0.681847299,1146.525,Besni
54219.0,320.6762412,231.9144568,0.829377269,56439.0,0.634567669,993.613,Besni
81201.0,456.5463265,252.6572394,0.849262311,86859.0,0.71150743,1112.034,Besni
85615.0,487.3896311,245.3818805,0.830110923,87230.0,0.693207597,1189.363,Besni
120922.0,582.0133819,268.6612245,0.849102747,121034.0,0.714614222,1485.981,Besni
169009.0,619.2885409,337.7066668,0.72703053,177170.0,0.708669028,1622.78,Besni
56851.0,352.4513214,227.6245919,0.755550137,59970.0,0.719924435,978.69,Kecimen
75114.0,387.6828169,235.9772028,0.906330851,78694.0,0.723253727,1036.527,Kecimen
45567.0,290.82334337,208.8200404,0.816220548,48490.0,0.682988899,868.527,Kecimen
181926.0,612.5474258,411.810369,0.881546115,225916.0,0.776624801,1622.879,Besni
53373.0,317.1088358,210.0642713,0.773598112,53596.0,0.7383863594,889.764,Besni
58449.0,352.1907699,321.6050244,0.769089738,60580.0,0.689697417,982.613,Besni
64892.0,364.7192176,204.7578712,0.841965877,69039.0,0.735846445,944.023,Kecimen
90675.0,473.9659934,245.4450783,0.805739575,93772.0,0.724300244,1199.694,Besni
109177.0,477.0335016,264.5787847,0.886461731,110527.0,0.663138044,1352.795,Besni
88747.0,498.6121746,300.906335,0.786462413,90865.0,0.732761124,1223.02,Besni
109169.0,488.4743232,273.9365509,0.881611618,111765.0,0.67130865,1330.476,Besni
137843.0,492.2206845,316.608966,0.807959919,141463.0,0.723349768,1498.422,Besni
79252.0,394.3969011,245.9264522,0.741936124,87524.0,0.735317295,1030.868,Kecimen
83042.0,392.6667355,258.0324493,0.80076665,88979.0,0.702855598,1027.513,Kecimen
132680.0,542.9466998,275.6828014,0.773422267,136612.0,0.759917351,1446.037,Besni
87045.0,441.2095742,248.2836143,0.879346962,88059.0,0.682479745,1182.949,Kecimen
55770.0,340.8810121,222.129545,0.722133748,59824.0,0.749399624,928.272,Kecimen
57310.0,330.8992868,227.341115,0.791865869,59910.0,0.723343769,979.938,Kecimen
61463.0,349.9331714,233.2264457,0.786409921,64540.0,0.716220548,945.427,Kecimen
39457.0,286.1780693,185.170622,0.764488915,41860.0,0.764489545,798.612,Kecimen
48447.0,301.8993992,205.4321865,0.508614255,50672.0,0.74254072,848.486,Kecimen
44156.0,296.8792842,191.9811277,0.799710534,48762.0,0.740157685,879.796,Kecimen
105192.0,473.9659934,253.3428223,0.772569894,105961.0,0.678734642,1256.709,Besni
75549.0,355.026096,269.0873433,0.746901655,79255.0,0.723783619,1047.037,Kecimen
88749.0,471.7510301,252.9700425,0.775561165,90918.0,0.687507692,1214.078,Kecimen
136793.0,596.8950128,346.2241422,0.849173882,142375.0,0.722153722,1535.02,Besni
69551.0,369.6559478,228.2233831,0.83610271,74545.0,0.634567669,997.599,Besni
71604.0,434.5565558,241.3665105,0.851517741,75653.0,0.716062129,1179.308,Besni
82733.0,473.0659935,236.8953955,0.893780287,85611.0,0.72643089,1205.103,Besni
60199.0,301.8031,239.0732298,0.868116234,61726.0,0.637472534,973.259,Besni
86710.0,395.40860225,261.2700667,0.898154134,87873.0,0.732708364,1075.307,Kecimen
59510.0,323.1152886,175.4205147,0.745402081,61496.0,0.62961099,749.687,Kecimen
152239.0,621.9582815,252.1333342,0.857893642,164778.0,0.7163823666,1629.52,Besni
49715.0,319.0732298,218.9342525,0.867448866,51577.0,0.727896163,844.712,Kecimen
82968.0,431.844374,296.5409071,0.781628022,86713.0,0.711719732,1182.853,Besni
87858.0,473.2866901,239.4898675,0.816654393,90899.0,0.716535433,1154.789,Besni
48007.0,311.6685565,188.0411922,0.79151148,49996.0,0.722782014,809.833,Kecimen
71271.0,373.5948698,241.1360097,0.865604044,74545.0,0.647425363,1092.019,Besni
67559.0,347.0974163,248.7500583,0.711719732,67724.0,0.724383713,945.829,Kecimen
160451.0,558.2437662,308.0257871,0.81625635,165385.0,0.722172645,1641.54,Besni
76708.0,356.3958276,239.2037065,0.786426253,78641.0,0.671282441,1028.109,Kecimen
48007.0,345.844374,206.124344,0.781628075,50103.0,0.739253727,933.07,Kecimen
106923.0,508.1187484,273.9495703,0.8191117902,110611.0,0.649914023,1310.91,Besni
103915.0,585.0938025,273.1369246,0.768546534,108053.0,0.713934009,1366.242,Besni
56589.0,319.7668657,213.6107168,0.819032484,60664.0,0.722782014,933.386,Besni
83932.0,477.9089439,251.9492097,0.8495959884,86909.0,0.699599509,1244.051,Besni
62452.0,373.4513658,185.4577163,0.784038725,64925.0,0.716706542,1056.207,Besni
72623.0,424.7128348,210.7259242,0.58410581,73824.0,0.746130129,1140.892,Besni
96562.0,345.3703786,262.947168,0.819738491,100285.0,0.770636395,1176.439,Kecimen
86658.0,424.282049,265.2842058,0.723317129,86909.0,0.734512254,1179.059,Besni
120781.0,539.6828033,267.2600163,0.709105982,119378.0,0.779296055,1488.651,Kecimen
55827.0,323.1875446,243.0920312,0.726926353,57534.0,0.770427286,914.388,Kecimen
57725.0,301.6080357,222.6080557,0.791421301,59350.0,0.672333496,930.627,Kecimen
96344.0,494.3340866,260.5126753,0.849102747,100113.0,0.750683811,1216.032,Besni
81847.0,410.9989398,249.402893,0.793181118,84539.0,0.747599705,1179.508,Kecimen
88257.0,466.3186718,248.286741,0.851847182,90799.0,0.734862987,1173.974,Besni
87512.0,430.1729295,231.7099964,0.865640348,90716.0,0.76947956,1173.809,Kecimen
79748.0,457.7826874,264.614071,0.691063598,82946.0,0.728663916,1130.677,Kecimen
74908.0,362.2727331,250.14683,0.774756149,77975.0,0.735399043,1066.784,Kecimen
43901.0,305.8458262,191.9506348,0.794994978,46961.0,0.640103195,845.191,Kecimen
121034.0,591.171718485,252.6171178,0.849102747,124210.0,0.642542221,1438.563,Besni
66713.0,395.062146,218.947898,0.754434747,70503.0,0.658718841,1087.447,Kecimen
101618.0,594.1729642,275.5766405,0.855032254,116546.0,0.697068809,1311.429,Besni
116961.0,498.3726657,270.7255114,0.841920242,124364.0,0.75677257,1314.968,Besni
58670.0,349.2245765,243.2319485,0.647927014,58754.0,0.678155219,1008.158,Kecimen
61556.0,376.9776951,243.2608157,0.819738392,71792.0,0.739152923,1075.277,Kecimen
82030.0,421.2345678,245.715791,0.784111422,85715.0,0.643516286,1173.334,Kecimen
75894.0,393.6167673,254.3837485,0.849597801,77493.0,0.69363089,1056.302,Kecimen
54059.0,336.8297259,204.47223,0.838274613,54057.0,0.696069341,877.837,Kecimen
109052.0,465.9819071,282.9197863,0.849173813,110984.0,0.73817286,1303.882,Besni
48900.0,353.396058,209.0668818,0.82646137,49367.0,0.739172939,877.895,Kecimen
71502.0,383.9514237,216.2168451,0.895007923,73002.0,0.679589255,1071.386,Kecimen
102953.0,521.9245589,289.6969009,0.849006832,106439.0,0.713719718,1291.906,Kecimen
82909.0,469.2765081,253.5552029,0.80662998,88729.0,0.693487281,1198.853,Besni
5131336.0,333.9246946,191.1365092,0.749044143,54567.0,0.719887507,971.788,Kecimen
88928.0,425.9762258,248.0891188,0.855799392,92317.0,0.702266397,1183.854,Besni
109701.0,437.9343048,231.5557786,0.851318096,112825.0,0.674476171,1373.974,Besni
47851.0,267.8285329,210.0998706,0.832133112,48457.0,0.73666198,868.05,Kecimen
79240.0,343.9347587,247.7165958,0.82614862,80718.0,0.698627251,1174.091,Kecimen
70941.0,362.7453136,242.629541,0.639693434,72330.0,0.573452572,1087.157,Kecimen
74652.0,393.214664,251.1858446,0.788703646,70537.0,0.686936979,1043.854,Kecimen
79055.0,356.3997455,249.5821327,0.786009754,81613.0,0.729700364,1130.684,Kecimen
105954.0,429.0904087,264.3340582,0.724719182,108197.0,0.716030818,1331.144,Besni
58766.0,305.1132962,235.2178271,0.754827313,58810.0,0.71150732,922.471,Kecimen
106938.0,621.6083157,308.2868358,0.857893642,113523.0,0.766676926,1259.786,Besni
102646.0,548.5559014,259.4226653,0.832485926,105924.0,0.721042995,1388.684,Besni
49882.0,340.0157342,214.8449264,0.743990207,52250.0,0.703003457,849.803,Kecimen
46427.0,345.4176092,204.3109708,0.754021912,49367.0,0.720914695,928.272,Kecimen
132563.0,592.78837,270.3857357,0.76801278,132543.0,0.726582567,1496.355,Besni
66797.0,376.8953881,235.9734559,0.749358072,68310.0,0.686944665,979.599,Besni
54945.0,339.5850181,204.0841138,0.829402027,55143.0,0.703003457,945.523,Kecimen
118043.0,585.4081856,231.9931723,0.815015963,123486.0,0.714817957,1350.831,Kecimen
47602.0,302.6225319,212.6382044,0.779156827,49367.0,0.749065428,858.063,Kecimen
57310.0,338.6190158,209.0642098,0.86046814,58810.0,0.737582676,968.731,Kecimen
81405.0,459.8967581,231.6201421,0.806766406,84521.0,0.73545454545,1243.159,Besni
89721.0,441.5261542,275.9736481,0.844169215,93580.0,0.674012309,1231.378,Kecimen
67577.0,344.9436498,247.8581228,0.745407081,68383.0,0.74750149,1071.179,Kecimen
89345.0,446.4351772,258.9830517,0.816832298,92887.0,0.770424937,1320.813,Besni
86658.0,433.6800335,275.2700917,0.841965845,90546.0,0.646413348,1295.857,Besni
90437.0,559.3818375,250.0642082,0.767577386,93719.0,0.726610898,1206.508,Besni
107915.0,437.9884386,254.582055,0.803096791,109161.0,0.706944444,1229.563,Besni
48177.0,290.4855817,216.9712238,0.784428898,51456.0,0.725482441,819.697,Kecimen
141908.0,615.6762094,304.298843,0.89195687,146328.0,0.702859542,1529.811,Besni
90191.0,478.4818356,275.6622254,0.819055218,95774.0,0.656621597,1259.934,Besni
46785.0,333.9321876,212.326943,0.65523977,46400.0,0.735315695,868.708,Kecimen
56526.0,324.3716189,213.5958925,0.849597917,58857.0,0.769656135,928.272,Kecimen
93042.0,440.5298989,241.9672544,0.813789414,97428.0,0.713846277,1254.84,Besni
67579.0,368.9434084,234.5833472,0.836498225,70674.0,0.735696543,1043.257,Kecimen
86715.0,478.2701203,246.9761755,0.885429547,90815.0,0.663778569,1258.683,Besni
95245.0,489.6565443,295.102277,0.81963199,92601.0,0.711719732,1281.308,Besni
48007.0,305.7385578,204.0812123,0.6643425515,50880.0,0.735395428,844.828,Kecimen
102924.0,468.3657191,259.9736477,0.838277727,106989.0,0.636204746,1392.478,Besni
46921.0,301.4242635,213.2310886,0.753808948,49720.0,0.733056926,870.879,Besni
53890.0,355.4226253,194.9911366,0.769116267,58697.0,0.7690855598,977.095,Kecimen
65091.0,408.6013291,253.8650238,0.865655446,70674.0,0.723493997,1087.034,Kecimen
81321.0,394.3975005,254.1760536,0.829408695,82946.0,0.693692027,1161.326,Kecimen
69312.0,391.3400479,295.2593019,0.856495328,69889.0,0.769369129,1087.109,Besni
66317.0,368.2501319,235.3480757,0.735985738,65403.0,0.764223087,973.259,Kecimen
111057.0,518.9606727,241.2031,0.865481333,116783.0,0.706347889,1398.873,Besni
79106.0,397.902925,258.3841671,0.812534049,81442.0,0.711720382,1027.711,Besni
58697.0,340.8211977,209.751395,0.826515979,62480.0,0.764293035,1004.297,Kecimen
209486.0,478.6121787,277.2161541,0.872416078,209486.0,0.716062129,1295.189,Besni
62462.0,340.4866217,200.7035112,0.788128405,64027.0,0.740157695,973.259,Kecimen
172782.0,746.5102984,264.5790881,0.835648938,176678.0,0.731741628,1827.9,Besni
48691.0,301.7498799,205.7600423,0.633605925,50880.0,0.689698853,927.059,Kecimen
82956.0,448.4545811,244.4304678,0.838670128,85549.0,0.70883156,1110.34,Besni
55958.0,325.3025314,222.8022541,0.742098677,57633.0,0.689698849,908.837,Kecimen
92661.0,477.0335016,262.9310932,0.806669001,99166.0,0.677764642,1295.868,Besni
87252.0,430.1014658,262.3841589,0.758040175,90567.0,0.697573607,1130.248,Besni
69708.0,398.8445645,241.9557977,0.71988649,72981.0,0.743990207,1075.386,Besni
80101.0,368.6741043,236.8989047,0.768107955,82681.0,0.726348889,1073.916,Kecimen
92827.0,498.2911838,274.2115054,0.812295431,95157.0,0.738448432,1268.062,Besni
87857.0,412.7177266,249.2815487,0.853948167,89018.0,0.656936966,1130.744,Besni
123486.0,591.1701213,275.0666464,0.827039135,125968.0,0.737206733,1378.551,Besni
154214.0,580.8248888,367.4009519,0.76958727,160008.0,0.719085718,1604.879,Kecimen
60254.0,374.844374,216.7666389,0.82978902,64892.0,0.719382082,934.486,Besni
98364.0,491.4147762,254.1760546,0.823267081,95197.0,0.687412277,1234.622,Besni
93469.0,478.4996348,238.7390364,0.88188543,89047.0,0.689698173,1173.374,Besni
49367.0,312.2484606,230.7157773,0.773490207,51847.0,0.780049274,931.071,Kecimen
162982.0,715.4251593,316.402593,0.811198369,165962.0,0.772322237,1647.939,Besni
56443.0,294.8792825,227.0587358,0.890684926,58408.0,0.739121421,873.166,Kecimen
87350.0,480.7312277,212.1595687,0.8956557677,90799.0,0.737472543,1259.322,Besni
69846.0,369.1989176,233.47323,0.829838749,74825.0,0.746130132,1036.279,Besni
72651.0,375.0666742,251.5841058,0.82858959,73002.0,0.723264077,1028.409,Kecimen
75540.0,345.401245,248.4842888,0.835648938,78857.0,0.659934261,1034.694,Kecimen
86781.0,456.6855536,258.8810121,0.907345395,89045.0,0.737596283,1135.679,Besni
46612.0,267.2839004,191.4657953,0.721853495,49065.0,0.731248797,854.387,Kecimen
49609.0,305.3100019,204.0914046,0.719356195,52600.0,0.722204347,877.902,Besni
158661.0,478.16592,320.6457617,0.816654393,167560.0,0.690789937,1685.342,Besni
61209.0,348.2700163,264.3783818,0.7949929785,64875.0,0.734758929,975.708,Besni
57908.0,317.1331018,206.4841862,0.849102728,58810.0,0.73824584,927.051,Besni
169841.0,614.8333139,366.9643394,0.862261422,171559.0,0.713834797,1655.985,Besni
132911.0,515.3972314,306.3041481,0.865183669,134778.0,0.585589398,1426.079,Besni
78921.0,311.0510122,277.4839291,0.856447002,81718.0,0.711769781,1193.749,Besni
59589.0,329.9644868,209.7946492,0.77397818,61368.0,0.681097785,975.079,Kecimen
79106.0,441.7356938,253.2800079,0.778736858,82953.0,0.687587499,1112.709,Besni
91335.0,461.2865688,260.4226253,0.863381897,95774.0,0.6301031962,1191.714,Besni
135899.0,602.4855009,224.734596,0.832483468,141249.0,0.740157695,1536.0,Besni
100858.0,599.0454332,221.630823,0.816462414,103549.0,0.713846277,1393.974,Besni
82823.0,477.879408,245.104338,0.811377279,85637.0,0.735695738,1182.228,Besni
58880.0,388.563636,239.8505,0.747596035,60597.0,0.715683744,1041.399,Kecimen
125119.0,562.3407049,277.6598183,0.812265279,125978.0,0.72379627,1447.803,Besni
84539.0,451.0948901,306.8990653,0.868116234,87512.0,0.735576165,1229.6,Besni
87858.0,396.8989067,243.8211977,0.792700937,89794.0,0.719181879,1183.277,Kecimen
53758.0,297.8387295,221.71619,0.816654393,57396.0,0.726660229,843.209,Kecimen
103313.0,448.7407249,298.4133725,0.836364958,111428.0,0.711720382,1397.299,Besni
98941.0,450.4304678,247.4988754,0.841748202,101717.0,0.716076534,1259.897,Besni
62462.0,343.4988612,261.0666437,0.787598712,64892.0,0.656531,948.666,Kecimen
83490.0,468.7428073,261.9403285,0.868116234,84542.0,0.691263246,1246.361,Besni
55727.0,333.6780508,212.2719252,0.819253795,57633.0,0.796710382,949.419,Kecimen
194864.0,694.1250238,388.0724273,0.83716934,197430.0,0.643558281,1847.016,Kecimen
71918.0,387.5969402,311.3989948,0.811198385,72981.0,0.723289757,1035.599,Besni
106312.0,507.073952,295.8175936,0.722766851,111765.0,0.777524801,1306.255,Besni
66998.0,393.7651659,256.9171344,0.879331938,67032.0,0.772985146,1079.509,Kecimen
49229.0,331.7534529,189.3261729,0.807959947,52600.0,0.683882317,899.729,Kecimen
78240.0,407.1289326,248.3352308,0.814614222,83635.0,0.73579464,1228.577,Besni
72448.0,381.7254867,243.0010336,0.716592623,74492.0,0.716592623,1034.68,Kecimen
63402.0,353.3629168,205.8650238,0.722192693,67524.0,0.766377827,990.791,Kecimen
87149.0,473.8146404,264.5139073,0.824602296,90899.0,0.774047729,1173.264,Besni
46461.0,330.7728864,195.8674449,0.724950207,48787.0,0.72428223,870.063,Kecimen
71441.0,368.3626656,262.074061,0.781034015,74541.0,0.656529107,916.844,Kecimen
79748.0,461.1487714,228.5025718,0.873382051,80799.0,0.74369542,1173.259,Besni
81859.0,376.9013163,267.9807338,0.743155287,87515.0,0.719282029,1172.259,Kecimen
106440.0,591.9089433,259.143852,0.844984483,113425.0,0.738448432,1393.017,Besni
45264.0,310.1215673,217.2405547,0.795248822,48183.0,0.723604825,820.714,Kecimen
49089.0,308.8458259,181.0417222,0.715653694,49089.0,0.676864231,887.111,Kecimen
58741.0,352.30231984,226.810033,0.835846418,60928.0,0.722782014,977.085,Kecimen
85646.0,594.6716875,231.0957346,0.668066581,86715.0,0.740127679,11.051,Besni
172626.0,541.9483998,380.7191934,0.7575767417,212569.0,0.716302361,1680.114,Besni
530068.0,333.7498799,212.1913772,0.724901674,55143.0,0.759942608,948.486,Kecimen
80274.0,433.20132257,259.3470454,0.844780055,86762.0,0.725982963,11.1162,Besni
69708.0,393.7201638,254.9827093,0.715484271,71591.0,0.715484271,1073.131,Kecimen
137593.0,478.9566534,366.0666438,0.829354746,144250.0,0.7140708,1539.502,Besni
